metric,period,value,unit,basis,doc,page,sha256,note
basel_cet1,2023-12-31,247.524,RUB bn,Basel group,primary/FY2024_ifrs_fs.pdf,132,9d301667aa0c60c38440c66e2e785473a57f5c949cdb4b93306e3f3b90780078,управление капиталом (Базель III); редакция FY2024
basel_cet1,2024-03-31,236.937,RUB bn,Basel group,primary/2024Q1_ifrs_fs.pdf,45,b9c027b722c401f9420a49a348aec9b64b1733597c1685d02f5d245c7c2721d9,управление капиталом (Базель III); редакция 3M2024
basel_cet1,2024-06-30,246.966,RUB bn,Basel group,primary/2024Q2_ifrs_fs.pdf,55,be54687573adea3084658ab793ea3cfcc6853644c7b2d2ced6baf260d26bb308,управление капиталом (Базель III); редакция 6M2024
basel_cet1,2024-09-30,428.727,RUB bn,Basel group,primary/2024Q3_ifrs_fs.pdf,64,a3dd5e075a73198ed1aea15d1fe474de7ef2e722d878aa3c5bf5185b9cc99f5c,управление капиталом (Базель III); редакция 9M2024
basel_cet1,2024-12-31,445.264,RUB bn,Basel group,primary/FY2025_ifrs_fs.pdf,117,b7f5081af385b43d2ec9ab5d37ea9769464a680fe04a6e814bcb9cf59951009d,управление капиталом (Базель III); редакция FY2025; ранее: 445.1 (DB)
basel_cet1,2025-03-31,485.681,RUB bn,Basel group,primary/2025Q1_ifrs_fs.pdf,52,4d3d0aa57bae2832f70944e59c3814cb9fc3b90b40289ffbbca3cac3ee616a89,управление капиталом (Базель III); редакция 3M2025; ранее: 485.8 (DB)
basel_cet1,2025-06-30,640.94,RUB bn,Basel group,primary/2025Q2_ifrs_fs.pdf,74,3ee9d08203db787516f65bc287cba237dfd600fa270ebbbc092e9765361d0f13,управление капиталом (Базель III); редакция 6M2025
basel_cet1,2025-09-30,658.251,RUB bn,Basel group,primary/2025Q3_ifrs_fs.pdf,81,28fe9a46ebe9f101c572624f0a264e1d5c0a659d441b9abac47fa10643d1a4eb,управление капиталом (Базель III); редакция 9M2025
basel_cet1,2025-12-31,674.521,RUB bn,Basel group,primary/FY2025_ifrs_fs.pdf,117,b7f5081af385b43d2ec9ab5d37ea9769464a680fe04a6e814bcb9cf59951009d,управление капиталом (Базель III); подтверждено редакцией 6M2026: 674.5 (округление)
basel_cet1,2026-03-31,703.2,RUB bn,Basel group,primary/2026Q1_ifrs_fs.pdf,60,6ac85944afbf4e9f2462fc4c17756069904a06f80675cbbef47ded5c5d30d18d,прим. 23 (Базель III); редакция 3M2026
basel_cet1,2026-06-30,701.1,RUB bn,Basel group,primary/2026Q2_ifrs_fs.pdf,80,fd08eacf4ed7e57c4c2f7bec258218fb030ebfe92415561a839d9d6247f4f5e7,прим. 23 (Базель III); редакция 6M2026
basel_rwa,2023-12-31,1814.636,RUB bn,Basel group,primary/FY2024_ifrs_fs.pdf,132,9d301667aa0c60c38440c66e2e785473a57f5c949cdb4b93306e3f3b90780078,управление капиталом (Базель III); редакция FY2024
basel_rwa,2024-03-31,1956.452,RUB bn,Basel group,primary/2024Q1_ifrs_fs.pdf,45,b9c027b722c401f9420a49a348aec9b64b1733597c1685d02f5d245c7c2721d9,управление капиталом (Базель III); редакция 3M2024
basel_rwa,2024-06-30,2122.981,RUB bn,Basel group,primary/2024Q2_ifrs_fs.pdf,55,be54687573adea3084658ab793ea3cfcc6853644c7b2d2ced6baf260d26bb308,управление капиталом (Базель III); редакция 6M2024
basel_rwa,2024-09-30,3847.241,RUB bn,Basel group,primary/2024Q3_ifrs_fs.pdf,64,a3dd5e075a73198ed1aea15d1fe474de7ef2e722d878aa3c5bf5185b9cc99f5c,управление капиталом (Базель III); редакция 9M2024
basel_rwa,2024-12-31,4133.379,RUB bn,Basel group,primary/FY2025_ifrs_fs.pdf,117,b7f5081af385b43d2ec9ab5d37ea9769464a680fe04a6e814bcb9cf59951009d,управление капиталом (Базель III); редакция FY2025
basel_rwa,2025-03-31,4231.351,RUB bn,Basel group,primary/2025Q1_ifrs_fs.pdf,52,4d3d0aa57bae2832f70944e59c3814cb9fc3b90b40289ffbbca3cac3ee616a89,управление капиталом (Базель III); редакция 3M2025
basel_rwa,2025-06-30,5060.188,RUB bn,Basel group,primary/2025Q2_ifrs_fs.pdf,74,3ee9d08203db787516f65bc287cba237dfd600fa270ebbbc092e9765361d0f13,управление капиталом (Базель III); редакция 6M2025
basel_rwa,2025-09-30,5212.989,RUB bn,Basel group,primary/2025Q3_ifrs_fs.pdf,81,28fe9a46ebe9f101c572624f0a264e1d5c0a659d441b9abac47fa10643d1a4eb,управление капиталом (Базель III); редакция 9M2025
basel_rwa,2025-12-31,5681.27,RUB bn,Basel group,primary/FY2025_ifrs_fs.pdf,117,b7f5081af385b43d2ec9ab5d37ea9769464a680fe04a6e814bcb9cf59951009d,управление капиталом (Базель III); подтверждено редакцией 6M2026: 5681.3 (округление)
basel_rwa,2026-03-31,5720.6,RUB bn,Basel group,primary/2026Q1_ifrs_fs.pdf,60,6ac85944afbf4e9f2462fc4c17756069904a06f80675cbbef47ded5c5d30d18d,прим. 23 (Базель III); редакция 3M2026
basel_rwa,2026-06-30,5959.5,RUB bn,Basel group,primary/2026Q2_ifrs_fs.pdf,80,fd08eacf4ed7e57c4c2f7bec258218fb030ebfe92415561a839d9d6247f4f5e7,прим. 23 (Базель III); редакция 6M2026
basel_rwa_credit,2023-12-31,1324.997,RUB bn,Basel group,primary/FY2024_ifrs_fs.pdf,132,9d301667aa0c60c38440c66e2e785473a57f5c949cdb4b93306e3f3b90780078,управление капиталом (Базель III); редакция FY2024
basel_rwa_credit,2024-03-31,1474.051,RUB bn,Basel group,primary/2024Q1_ifrs_fs.pdf,45,b9c027b722c401f9420a49a348aec9b64b1733597c1685d02f5d245c7c2721d9,управление капиталом (Базель III); редакция 3M2024
basel_rwa_credit,2024-06-30,1646.602,RUB bn,Basel group,primary/2024Q2_ifrs_fs.pdf,55,be54687573adea3084658ab793ea3cfcc6853644c7b2d2ced6baf260d26bb308,управление капиталом (Базель III); редакция 6M2024
basel_rwa_credit,2024-09-30,3194.21,RUB bn,Basel group,primary/2024Q3_ifrs_fs.pdf,64,a3dd5e075a73198ed1aea15d1fe474de7ef2e722d878aa3c5bf5185b9cc99f5c,управление капиталом (Базель III); редакция 9M2024
basel_rwa_credit,2024-12-31,3195.018,RUB bn,Basel group,primary/FY2025_ifrs_fs.pdf,117,b7f5081af385b43d2ec9ab5d37ea9769464a680fe04a6e814bcb9cf59951009d,управление капиталом (Базель III); редакция FY2025
basel_rwa_credit,2025-03-31,3293.054,RUB bn,Basel group,primary/2025Q1_ifrs_fs.pdf,52,4d3d0aa57bae2832f70944e59c3814cb9fc3b90b40289ffbbca3cac3ee616a89,управление капиталом (Базель III); редакция 3M2025
basel_rwa_credit,2025-06-30,3799.324,RUB bn,Basel group,primary/2025Q2_ifrs_fs.pdf,74,3ee9d08203db787516f65bc287cba237dfd600fa270ebbbc092e9765361d0f13,управление капиталом (Базель III); редакция 6M2025
basel_rwa_credit,2025-09-30,3958.304,RUB bn,Basel group,primary/2025Q3_ifrs_fs.pdf,81,28fe9a46ebe9f101c572624f0a264e1d5c0a659d441b9abac47fa10643d1a4eb,управление капиталом (Базель III); редакция 9M2025
basel_rwa_credit,2025-12-31,4187.079,RUB bn,Basel group,primary/FY2025_ifrs_fs.pdf,117,b7f5081af385b43d2ec9ab5d37ea9769464a680fe04a6e814bcb9cf59951009d,управление капиталом (Базель III); подтверждено редакцией 6M2026: 4187.1 (округление)
basel_rwa_credit,2026-03-31,4255.3,RUB bn,Basel group,primary/2026Q1_ifrs_fs.pdf,60,6ac85944afbf4e9f2462fc4c17756069904a06f80675cbbef47ded5c5d30d18d,прим. 23 (Базель III); редакция 3M2026
basel_rwa_credit,2026-06-30,4501.2,RUB bn,Basel group,primary/2026Q2_ifrs_fs.pdf,80,fd08eacf4ed7e57c4c2f7bec258218fb030ebfe92415561a839d9d6247f4f5e7,прим. 23 (Базель III); редакция 6M2026
basel_rwa_market,2023-12-31,39.103,RUB bn,Basel group,primary/FY2024_ifrs_fs.pdf,132,9d301667aa0c60c38440c66e2e785473a57f5c949cdb4b93306e3f3b90780078,управление капиталом (Базель III); редакция FY2024
basel_rwa_market,2024-03-31,31.865,RUB bn,Basel group,primary/2024Q1_ifrs_fs.pdf,45,b9c027b722c401f9420a49a348aec9b64b1733597c1685d02f5d245c7c2721d9,управление капиталом (Базель III); редакция 3M2024
basel_rwa_market,2024-06-30,25.843,RUB bn,Basel group,primary/2024Q2_ifrs_fs.pdf,55,be54687573adea3084658ab793ea3cfcc6853644c7b2d2ced6baf260d26bb308,управление капиталом (Базель III); редакция 6M2024
basel_rwa_market,2024-09-30,88.257,RUB bn,Basel group,primary/2024Q3_ifrs_fs.pdf,64,a3dd5e075a73198ed1aea15d1fe474de7ef2e722d878aa3c5bf5185b9cc99f5c,управление капиталом (Базель III); редакция 9M2024
basel_rwa_market,2024-12-31,158.051,RUB bn,Basel group,primary/FY2025_ifrs_fs.pdf,117,b7f5081af385b43d2ec9ab5d37ea9769464a680fe04a6e814bcb9cf59951009d,управление капиталом (Базель III); редакция FY2025
basel_rwa_market,2025-03-31,173.508,RUB bn,Basel group,primary/2025Q1_ifrs_fs.pdf,52,4d3d0aa57bae2832f70944e59c3814cb9fc3b90b40289ffbbca3cac3ee616a89,управление капиталом (Базель III); редакция 3M2025
basel_rwa_market,2025-06-30,496.075,RUB bn,Basel group,primary/2025Q2_ifrs_fs.pdf,74,3ee9d08203db787516f65bc287cba237dfd600fa270ebbbc092e9765361d0f13,управление капиталом (Базель III); редакция 6M2025
basel_rwa_market,2025-09-30,489.896,RUB bn,Basel group,primary/2025Q3_ifrs_fs.pdf,81,28fe9a46ebe9f101c572624f0a264e1d5c0a659d441b9abac47fa10643d1a4eb,управление капиталом (Базель III); редакция 9M2025
basel_rwa_market,2025-12-31,505.605,RUB bn,Basel group,primary/FY2025_ifrs_fs.pdf,117,b7f5081af385b43d2ec9ab5d37ea9769464a680fe04a6e814bcb9cf59951009d,управление капиталом (Базель III); подтверждено редакцией 6M2026: 505.6 (округление)
basel_rwa_market,2026-03-31,476.7,RUB bn,Basel group,primary/2026Q1_ifrs_fs.pdf,60,6ac85944afbf4e9f2462fc4c17756069904a06f80675cbbef47ded5c5d30d18d,прим. 23 (Базель III); редакция 3M2026
basel_rwa_market,2026-06-30,469.7,RUB bn,Basel group,primary/2026Q2_ifrs_fs.pdf,80,fd08eacf4ed7e57c4c2f7bec258218fb030ebfe92415561a839d9d6247f4f5e7,прим. 23 (Базель III); редакция 6M2026
basel_rwa_operational,2023-12-31,450.536,RUB bn,Basel group,primary/FY2024_ifrs_fs.pdf,132,9d301667aa0c60c38440c66e2e785473a57f5c949cdb4b93306e3f3b90780078,управление капиталом (Базель III); редакция FY2024
basel_rwa_operational,2024-03-31,450.536,RUB bn,Basel group,primary/2024Q1_ifrs_fs.pdf,45,b9c027b722c401f9420a49a348aec9b64b1733597c1685d02f5d245c7c2721d9,управление капиталом (Базель III); редакция 3M2024
basel_rwa_operational,2024-06-30,450.536,RUB bn,Basel group,primary/2024Q2_ifrs_fs.pdf,55,be54687573adea3084658ab793ea3cfcc6853644c7b2d2ced6baf260d26bb308,управление капиталом (Базель III); редакция 6M2024
basel_rwa_operational,2024-09-30,564.774,RUB bn,Basel group,primary/2024Q3_ifrs_fs.pdf,64,a3dd5e075a73198ed1aea15d1fe474de7ef2e722d878aa3c5bf5185b9cc99f5c,управление капиталом (Базель III); редакция 9M2024
basel_rwa_operational,2024-12-31,780.31,RUB bn,Basel group,primary/FY2025_ifrs_fs.pdf,117,b7f5081af385b43d2ec9ab5d37ea9769464a680fe04a6e814bcb9cf59951009d,управление капиталом (Базель III); редакция FY2025
basel_rwa_operational,2025-03-31,764.789,RUB bn,Basel group,primary/2025Q1_ifrs_fs.pdf,52,4d3d0aa57bae2832f70944e59c3814cb9fc3b90b40289ffbbca3cac3ee616a89,управление капиталом (Базель III); редакция 3M2025
basel_rwa_operational,2025-06-30,764.789,RUB bn,Basel group,primary/2025Q2_ifrs_fs.pdf,74,3ee9d08203db787516f65bc287cba237dfd600fa270ebbbc092e9765361d0f13,управление капиталом (Базель III); редакция 6M2025
basel_rwa_operational,2025-09-30,764.789,RUB bn,Basel group,primary/2025Q3_ifrs_fs.pdf,81,28fe9a46ebe9f101c572624f0a264e1d5c0a659d441b9abac47fa10643d1a4eb,управление капиталом (Базель III); редакция 9M2025
basel_rwa_operational,2025-12-31,988.586,RUB bn,Basel group,primary/FY2025_ifrs_fs.pdf,117,b7f5081af385b43d2ec9ab5d37ea9769464a680fe04a6e814bcb9cf59951009d,управление капиталом (Базель III); подтверждено редакцией 6M2026: 988.6 (округление)
basel_rwa_operational,2026-03-31,988.6,RUB bn,Basel group,primary/2026Q1_ifrs_fs.pdf,60,6ac85944afbf4e9f2462fc4c17756069904a06f80675cbbef47ded5c5d30d18d,прим. 23 (Базель III); редакция 3M2026
basel_rwa_operational,2026-06-30,988.6,RUB bn,Basel group,primary/2026Q2_ifrs_fs.pdf,80,fd08eacf4ed7e57c4c2f7bec258218fb030ebfe92415561a839d9d6247f4f5e7,прим. 23 (Базель III); редакция 6M2026
basel_t1,2023-12-31,306.062,RUB bn,Basel group,primary/FY2024_ifrs_fs.pdf,132,9d301667aa0c60c38440c66e2e785473a57f5c949cdb4b93306e3f3b90780078,управление капиталом (Базель III); редакция FY2024
basel_t1,2024-03-31,297.644,RUB bn,Basel group,primary/t-databook-key-financial-ratios_pub2026-09-09.xlsx,BS!AQ55,11386cbbb9ffb0bc472e24cbae1464ad283acf267143e104d05767bd0bc284c8,"Databook, лист BS; редакция DB"
basel_t1,2024-06-30,303.621,RUB bn,Basel group,primary/2024Q2_ifrs_fs.pdf,55,be54687573adea3084658ab793ea3cfcc6853644c7b2d2ced6baf260d26bb308,управление капиталом (Базель III); редакция 6M2024; ранее: 504.596 (DB)
basel_t1,2024-09-30,504.596,RUB bn,Basel group,primary/2024Q3_ifrs_fs.pdf,64,a3dd5e075a73198ed1aea15d1fe474de7ef2e722d878aa3c5bf5185b9cc99f5c,управление капиталом (Базель III); редакция 9M2024
basel_t1,2024-12-31,529.665,RUB bn,Basel group,primary/FY2025_ifrs_fs.pdf,117,b7f5081af385b43d2ec9ab5d37ea9769464a680fe04a6e814bcb9cf59951009d,управление капиталом (Базель III); редакция FY2025
basel_t1,2025-03-31,554.847,RUB bn,Basel group,primary/2025Q1_ifrs_fs.pdf,52,4d3d0aa57bae2832f70944e59c3814cb9fc3b90b40289ffbbca3cac3ee616a89,управление капиталом (Базель III); редакция 3M2025
basel_t1,2025-06-30,706.091,RUB bn,Basel group,primary/2025Q2_ifrs_fs.pdf,74,3ee9d08203db787516f65bc287cba237dfd600fa270ebbbc092e9765361d0f13,управление капиталом (Базель III); редакция 6M2025
basel_t1,2025-09-30,727.38,RUB bn,Basel group,primary/2025Q3_ifrs_fs.pdf,81,28fe9a46ebe9f101c572624f0a264e1d5c0a659d441b9abac47fa10643d1a4eb,управление капиталом (Базель III); редакция 9M2025
basel_t1,2025-12-31,740.081,RUB bn,Basel group,primary/FY2025_ifrs_fs.pdf,117,b7f5081af385b43d2ec9ab5d37ea9769464a680fe04a6e814bcb9cf59951009d,управление капиталом (Базель III); подтверждено редакцией 6M2026: 740.1 (округление)
basel_t1,2026-03-31,771.6,RUB bn,Basel group,primary/2026Q1_ifrs_fs.pdf,60,6ac85944afbf4e9f2462fc4c17756069904a06f80675cbbef47ded5c5d30d18d,прим. 23 (Базель III); редакция 3M2026
basel_t1,2026-06-30,766.8,RUB bn,Basel group,primary/2026Q2_ifrs_fs.pdf,80,fd08eacf4ed7e57c4c2f7bec258218fb030ebfe92415561a839d9d6247f4f5e7,прим. 23 (Базель III); редакция 6M2026
eq_shareholders,2018-12-31,42.014,RUB bn,IFRS (старый формат),primary/t-databook-key-financial-ratios_pub2026-09-09.xlsx,BS!V44,11386cbbb9ffb0bc472e24cbae1464ad283acf267143e104d05767bd0bc284c8,"Databook, лист BS (годы до новой методологии); редакция DB"
eq_shareholders,2019-12-31,95.979,RUB bn,IFRS (старый формат),primary/t-databook-key-financial-ratios_pub2026-09-09.xlsx,BS!Z44,11386cbbb9ffb0bc472e24cbae1464ad283acf267143e104d05767bd0bc284c8,"Databook, лист BS (годы до новой методологии); редакция DB"
eq_shareholders,2020-12-31,126.927,RUB bn,IFRS (старый формат),primary/t-databook-key-financial-ratios_pub2026-09-09.xlsx,BS!AD44,11386cbbb9ffb0bc472e24cbae1464ad283acf267143e104d05767bd0bc284c8,"Databook, лист BS (годы до новой методологии); редакция DB"
eq_shareholders,2021-12-31,175.956,RUB bn,IFRS (старый формат),primary/t-databook-key-financial-ratios_pub2026-09-09.xlsx,BS!AH44,11386cbbb9ffb0bc472e24cbae1464ad283acf267143e104d05767bd0bc284c8,"Databook, лист BS (годы до новой методологии); редакция DB"
eq_shareholders,2022-12-31,205.969,RUB bn,IFRS,primary/FY2024_ifrs_fs.pdf,21,9d301667aa0c60c38440c66e2e785473a57f5c949cdb4b93306e3f3b90780078,отчёт об изменениях капитала: остаток на дату; редакция FY2024
eq_shareholders,2023-12-31,283.743,RUB bn,IFRS,primary/FY2024_ifrs_fs.pdf,21,9d301667aa0c60c38440c66e2e785473a57f5c949cdb4b93306e3f3b90780078,отчёт об изменениях капитала: остаток на дату; редакция FY2024
eq_shareholders,2024-03-31,278.694,RUB bn,IFRS,primary/2024Q1_ifrs_fs.pdf,8,b9c027b722c401f9420a49a348aec9b64b1733597c1685d02f5d245c7c2721d9,отчёт об изменениях капитала: остаток на дату; редакция 3M2024
eq_shareholders,2024-06-30,295.59,RUB bn,IFRS,primary/2024Q2_ifrs_fs.pdf,8,be54687573adea3084658ab793ea3cfcc6853644c7b2d2ced6baf260d26bb308,отчёт об изменениях капитала: остаток на дату; редакция 6M2024; ранее: 295.7 (DB)
eq_shareholders,2024-09-30,500.88,RUB bn,IFRS,primary/2024Q3_ifrs_fs.pdf,8,a3dd5e075a73198ed1aea15d1fe474de7ef2e722d878aa3c5bf5185b9cc99f5c,отчёт об изменениях капитала: остаток на дату; редакция 9M2024; ранее: 501 (DB)
eq_shareholders,2024-12-31,519.861,RUB bn,IFRS,primary/FY2025_ifrs_fs.pdf,8,b7f5081af385b43d2ec9ab5d37ea9769464a680fe04a6e814bcb9cf59951009d,отчёт о финансовом положении (до реклассификаций 2026 г.); подтверждено редакцией 6M2026: 519.8 (округление)
eq_shareholders,2025-03-31,565.667,RUB bn,IFRS,primary/2025Q1_ifrs_fs.pdf,7,4d3d0aa57bae2832f70944e59c3814cb9fc3b90b40289ffbbca3cac3ee616a89,отчёт об изменениях капитала: остаток на дату; подтверждено редакцией 3M2026: 565.6 (округление); ранее: 566 (DB)
eq_shareholders,2025-06-30,612.582,RUB bn,IFRS,primary/2025Q2_ifrs_fs.pdf,4,3ee9d08203db787516f65bc287cba237dfd600fa270ebbbc092e9765361d0f13,отчёт о финансовом положении (до реклассификаций 2026 г.); подтверждено редакцией 6M2026: 612.5 (округление); ранее: 612.9 (DB)
eq_shareholders,2025-09-30,633.699,RUB bn,IFRS,primary/2025Q3_ifrs_fs.pdf,4,28fe9a46ebe9f101c572624f0a264e1d5c0a659d441b9abac47fa10643d1a4eb,отчёт о финансовом положении (до реклассификаций 2026 г.); редакция 9M2025; ранее: 633.8 (DB)
eq_shareholders,2025-12-31,683.631,RUB bn,IFRS,primary/FY2025_ifrs_fs.pdf,8,b7f5081af385b43d2ec9ab5d37ea9769464a680fe04a6e814bcb9cf59951009d,отчёт о финансовом положении (до реклассификаций 2026 г.); подтверждено редакцией 6M2026: 683.6 (округление)
eq_shareholders,2026-03-31,719.7,RUB bn,IFRS,primary/2026Q1_ifrs_fs.pdf,7,6ac85944afbf4e9f2462fc4c17756069904a06f80675cbbef47ded5c5d30d18d,отчёт об изменениях капитала: остаток на дату; редакция 3M2026
eq_shareholders,2026-06-30,756.8,RUB bn,IFRS,primary/2026Q2_ifrs_fs.pdf,7,fd08eacf4ed7e57c4c2f7bec258218fb030ebfe92415561a839d9d6247f4f5e7,отчёт об изменениях капитала: остаток на дату; редакция 6M2026
eqf_dividends__shareholders,3M2024,0,RUB bn,IFRS,primary/2024Q1_ifrs_fs.pdf,8,b9c027b722c401f9420a49a348aec9b64b1733597c1685d02f5d245c7c2721d9,строки в отчёте об изменениях капитала нет — движения не было (раскрытый ноль); редакция 3M2024
eqf_dividends__shareholders,3M2025,0,RUB bn,IFRS,primary/2025Q1_ifrs_fs.pdf,7,4d3d0aa57bae2832f70944e59c3814cb9fc3b90b40289ffbbca3cac3ee616a89,строки в отчёте об изменениях капитала нет — движения не было (раскрытый ноль); подтверждено редакцией 3M2026: 0 (округление)
eqf_dividends__shareholders,3M2026,0,RUB bn,IFRS,primary/2026Q1_ifrs_fs.pdf,7,6ac85944afbf4e9f2462fc4c17756069904a06f80675cbbef47ded5c5d30d18d,строки в отчёте об изменениях капитала нет — движения не было (раскрытый ноль); редакция 3M2026
eqf_dividends__shareholders,6M2024,0,RUB bn,IFRS,primary/2024Q2_ifrs_fs.pdf,8,be54687573adea3084658ab793ea3cfcc6853644c7b2d2ced6baf260d26bb308,строки в отчёте об изменениях капитала нет — движения не было (раскрытый ноль); редакция 6M2024
eqf_dividends__shareholders,6M2025,-8.205,RUB bn,IFRS,primary/2025Q2_ifrs_fs.pdf,7,3ee9d08203db787516f65bc287cba237dfd600fa270ebbbc092e9765361d0f13,отчёт об изменениях капитала; подтверждено редакцией 6M2026: -8.2 (округление)
eqf_dividends__shareholders,6M2026,-11.5,RUB bn,IFRS,primary/2026Q2_ifrs_fs.pdf,7,fd08eacf4ed7e57c4c2f7bec258218fb030ebfe92415561a839d9d6247f4f5e7,отчёт об изменениях капитала; редакция 6M2026
eqf_dividends__shareholders,9M2024,0,RUB bn,IFRS,primary/2024Q3_ifrs_fs.pdf,8,a3dd5e075a73198ed1aea15d1fe474de7ef2e722d878aa3c5bf5185b9cc99f5c,строки в отчёте об изменениях капитала нет — движения не было (раскрытый ноль); редакция 9M2024
eqf_dividends__shareholders,9M2025,-25.851,RUB bn,IFRS,primary/2025Q3_ifrs_fs.pdf,7,28fe9a46ebe9f101c572624f0a264e1d5c0a659d441b9abac47fa10643d1a4eb,отчёт об изменениях капитала; редакция 9M2025
eqf_dividends__shareholders,FY2023,0,RUB bn,IFRS,primary/FY2024_ifrs_fs.pdf,21,9d301667aa0c60c38440c66e2e785473a57f5c949cdb4b93306e3f3b90780078,строки в отчёте об изменениях капитала нет — движения не было (раскрытый ноль); редакция FY2024
eqf_dividends__shareholders,FY2024,-24.815,RUB bn,IFRS,primary/FY2024_ifrs_fs.pdf,21,9d301667aa0c60c38440c66e2e785473a57f5c949cdb4b93306e3f3b90780078,отчёт об изменениях капитала; редакция FY2024
eqf_dividends__shareholders,FY2025,-35.144,RUB bn,IFRS,primary/FY2025_ifrs_fs.pdf,11,b7f5081af385b43d2ec9ab5d37ea9769464a680fe04a6e814bcb9cf59951009d,отчёт об изменениях капитала; редакция FY2025
ii_sec_fvoci,3M2024,6.1,RUB bn,IFRS,primary/t-databook-key-financial-ratios_pub2026-09-09.xlsx,Credit!AQ57,11386cbbb9ffb0bc472e24cbae1464ad283acf267143e104d05767bd0bc284c8,"Databook, лист Credit: накопленные данные; редакция DB"
ii_sec_fvoci,3M2025,10.3,RUB bn,IFRS,primary/2026Q1_ifrs_fs.pdf,24,6ac85944afbf4e9f2462fc4c17756069904a06f80675cbbef47ded5c5d30d18d,прим. 6; редакция 3M2026
ii_sec_fvoci,3M2026,12.4,RUB bn,IFRS,primary/2026Q1_ifrs_fs.pdf,24,6ac85944afbf4e9f2462fc4c17756069904a06f80675cbbef47ded5c5d30d18d,прим. 6; редакция 3M2026
ii_sec_fvoci,6M2024,9,RUB bn,IFRS,primary/t-databook-key-financial-ratios_pub2026-09-09.xlsx,Credit!AR57,11386cbbb9ffb0bc472e24cbae1464ad283acf267143e104d05767bd0bc284c8,"Databook, лист Credit: накопленные данные; редакция DB"
ii_sec_fvoci,6M2025,22.8,RUB bn,IFRS,primary/2026Q2_ifrs_fs.pdf,29,fd08eacf4ed7e57c4c2f7bec258218fb030ebfe92415561a839d9d6247f4f5e7,прим. 7; редакция 6M2026
ii_sec_fvoci,6M2026,24.2,RUB bn,IFRS,primary/2026Q2_ifrs_fs.pdf,29,fd08eacf4ed7e57c4c2f7bec258218fb030ebfe92415561a839d9d6247f4f5e7,прим. 7; редакция 6M2026
ii_sec_fvoci,9M2024,15.7,RUB bn,IFRS,primary/t-databook-key-financial-ratios_pub2026-09-09.xlsx,Credit!AS57,11386cbbb9ffb0bc472e24cbae1464ad283acf267143e104d05767bd0bc284c8,"Databook, лист Credit: накопленные данные; редакция DB"
ii_sec_fvoci,9M2025,34.6,RUB bn,IFRS,primary/t-databook-key-financial-ratios_pub2026-09-09.xlsx,Credit!AW57,11386cbbb9ffb0bc472e24cbae1464ad283acf267143e104d05767bd0bc284c8,"Databook, лист Credit: накопленные данные; редакция DB"
ii_sec_fvoci,FY2024,25,RUB bn,IFRS,primary/t-databook-key-financial-ratios_pub2026-09-09.xlsx,Credit!AT57,11386cbbb9ffb0bc472e24cbae1464ad283acf267143e104d05767bd0bc284c8,"Databook, лист Credit: накопленные данные; редакция DB"
ii_sec_fvoci,FY2025,46.6,RUB bn,IFRS,primary/t-databook-key-financial-ratios_pub2026-09-09.xlsx,Credit!AX57,11386cbbb9ffb0bc472e24cbae1464ad283acf267143e104d05767bd0bc284c8,"Databook, лист Credit: накопленные данные; редакция DB"
np_shareholders,3M2023,16.056,RUB bn,IFRS,primary/2024Q1_ifrs_fs.pdf,7,b9c027b722c401f9420a49a348aec9b64b1733597c1685d02f5d245c7c2721d9,отчёт о прибылях и убытках и прочем совокупном доходе (старый формат); редакция 3M2024
np_shareholders,3M2024,22.306,RUB bn,IFRS,primary/2025Q1_ifrs_fs.pdf,6,4d3d0aa57bae2832f70944e59c3814cb9fc3b90b40289ffbbca3cac3ee616a89,отчёт о прибылях и убытках и прочем совокупном доходе (старый формат); редакция 3M2025
np_shareholders,3M2025,33.292,RUB bn,IFRS,primary/2025Q1_ifrs_fs.pdf,6,4d3d0aa57bae2832f70944e59c3814cb9fc3b90b40289ffbbca3cac3ee616a89,отчёт о прибылях и убытках и прочем совокупном доходе (старый формат); подтверждено редакцией 3M2026: 33.3 (округление)
np_shareholders,3M2026,38.8,RUB bn,IFRS,primary/2026Q1_ifrs_fs.pdf,5,6ac85944afbf4e9f2462fc4c17756069904a06f80675cbbef47ded5c5d30d18d,отчёт о совокупном доходе; редакция 3M2026
np_shareholders,6M2023,36.418,RUB bn,IFRS,primary/2024Q2_ifrs_fs.pdf,7,be54687573adea3084658ab793ea3cfcc6853644c7b2d2ced6baf260d26bb308,отчёт о прибылях и убытках и прочем совокупном доходе (старый формат); редакция 6M2024
np_shareholders,6M2024,45.742,RUB bn,IFRS,primary/2025Q2_ifrs_fs.pdf,6,3ee9d08203db787516f65bc287cba237dfd600fa270ebbbc092e9765361d0f13,отчёт о прибылях и убытках и прочем совокупном доходе (старый формат); редакция 6M2025
np_shareholders,6M2025,75.747,RUB bn,IFRS,primary/2025Q2_ifrs_fs.pdf,6,3ee9d08203db787516f65bc287cba237dfd600fa270ebbbc092e9765361d0f13,отчёт о прибылях и убытках и прочем совокупном доходе (старый формат); подтверждено редакцией 6M2026: 75.7 (округление)
np_shareholders,6M2026,83.1,RUB bn,IFRS,primary/2026Q2_ifrs_fs.pdf,5,fd08eacf4ed7e57c4c2f7bec258218fb030ebfe92415561a839d9d6247f4f5e7,отчёт о совокупном доходе; редакция 6M2026
np_shareholders,9M2023,60.02,RUB bn,IFRS,primary/2024Q3_ifrs_fs.pdf,7,a3dd5e075a73198ed1aea15d1fe474de7ef2e722d878aa3c5bf5185b9cc99f5c,отчёт о прибылях и убытках и прочем совокупном доходе (старый формат); редакция 9M2024
np_shareholders,9M2024,83.877,RUB bn,IFRS,primary/2025Q3_ifrs_fs.pdf,6,28fe9a46ebe9f101c572624f0a264e1d5c0a659d441b9abac47fa10643d1a4eb,отчёт о прибылях и убытках и прочем совокупном доходе (старый формат); редакция 9M2025
np_shareholders,9M2025,115.86,RUB bn,IFRS,primary/2025Q3_ifrs_fs.pdf,6,28fe9a46ebe9f101c572624f0a264e1d5c0a659d441b9abac47fa10643d1a4eb,отчёт о прибылях и убытках и прочем совокупном доходе (старый формат); редакция 9M2025
np_shareholders,FY2019,36.122,RUB bn,IFRS (старый формат),primary/t-databook-key-financial-ratios_pub2026-09-09.xlsx,PL!Z36,11386cbbb9ffb0bc472e24cbae1464ad283acf267143e104d05767bd0bc284c8,Databook: строка нового формата заполнена эмитентом числом старого формата; с 2024 г. несопоставимо; редакция DB
np_shareholders,FY2020,44.209,RUB bn,IFRS (старый формат),primary/t-databook-key-financial-ratios_pub2026-09-09.xlsx,PL!AD36,11386cbbb9ffb0bc472e24cbae1464ad283acf267143e104d05767bd0bc284c8,Databook: строка нового формата заполнена эмитентом числом старого формата; с 2024 г. несопоставимо; редакция DB
np_shareholders,FY2021,63.471,RUB bn,IFRS (старый формат),primary/t-databook-key-financial-ratios_pub2026-09-09.xlsx,PL!AH36,11386cbbb9ffb0bc472e24cbae1464ad283acf267143e104d05767bd0bc284c8,Databook: строка нового формата заполнена эмитентом числом старого формата; с 2024 г. несопоставимо; редакция DB
np_shareholders,FY2022,20.982,RUB bn,IFRS (старый формат),primary/t-databook-key-financial-ratios_pub2026-09-09.xlsx,PL!AL36,11386cbbb9ffb0bc472e24cbae1464ad283acf267143e104d05767bd0bc284c8,Databook: строка нового формата заполнена эмитентом числом старого формата; с 2024 г. несопоставимо; редакция DB
np_shareholders,FY2023,80.49,RUB bn,IFRS,primary/FY2024_ifrs_fs.pdf,20,9d301667aa0c60c38440c66e2e785473a57f5c949cdb4b93306e3f3b90780078,отчёт о прибылях и убытках и прочем совокупном доходе (старый формат); редакция FY2024
np_shareholders,FY2024,122.397,RUB bn,IFRS,primary/FY2025_ifrs_fs.pdf,10,b7f5081af385b43d2ec9ab5d37ea9769464a680fe04a6e814bcb9cf59951009d,отчёт о прибылях и убытках и прочем совокупном доходе (старый формат); редакция FY2025
np_shareholders,FY2025,177.018,RUB bn,IFRS,primary/FY2025_ifrs_fs.pdf,10,b7f5081af385b43d2ec9ab5d37ea9769464a680fe04a6e814bcb9cf59951009d,отчёт о прибылях и убытках и прочем совокупном доходе (старый формат); редакция FY2025
oci_fvoci_fv_change_net,3M2023,-2.82,RUB bn,IFRS,primary/2024Q1_ifrs_fs.pdf,7,b9c027b722c401f9420a49a348aec9b64b1733597c1685d02f5d245c7c2721d9,отчёт о прибылях и убытках и прочем совокупном доходе (старый формат); редакция 3M2024
oci_fvoci_fv_change_net,3M2024,0.476,RUB bn,IFRS,primary/2025Q1_ifrs_fs.pdf,6,4d3d0aa57bae2832f70944e59c3814cb9fc3b90b40289ffbbca3cac3ee616a89,отчёт о прибылях и убытках и прочем совокупном доходе (старый формат); редакция 3M2025
oci_fvoci_fv_change_net,3M2025,6.877,RUB bn,IFRS,primary/2025Q1_ifrs_fs.pdf,6,4d3d0aa57bae2832f70944e59c3814cb9fc3b90b40289ffbbca3cac3ee616a89,отчёт о прибылях и убытках и прочем совокупном доходе (старый формат); подтверждено редакцией 3M2026: 6.9 (округление)
oci_fvoci_fv_change_net,3M2026,0.1,RUB bn,IFRS,primary/2026Q1_ifrs_fs.pdf,5,6ac85944afbf4e9f2462fc4c17756069904a06f80675cbbef47ded5c5d30d18d,отчёт о совокупном доходе; редакция 3M2026
oci_fvoci_fv_change_net,6M2023,-3.234,RUB bn,IFRS,primary/2024Q2_ifrs_fs.pdf,7,be54687573adea3084658ab793ea3cfcc6853644c7b2d2ced6baf260d26bb308,отчёт о прибылях и убытках и прочем совокупном доходе (старый формат); редакция 6M2024
oci_fvoci_fv_change_net,6M2024,-2.879,RUB bn,IFRS,primary/2025Q2_ifrs_fs.pdf,6,3ee9d08203db787516f65bc287cba237dfd600fa270ebbbc092e9765361d0f13,отчёт о прибылях и убытках и прочем совокупном доходе (старый формат); редакция 6M2025
oci_fvoci_fv_change_net,6M2025,9.886,RUB bn,IFRS,primary/2025Q2_ifrs_fs.pdf,6,3ee9d08203db787516f65bc287cba237dfd600fa270ebbbc092e9765361d0f13,отчёт о прибылях и убытках и прочем совокупном доходе (старый формат); подтверждено редакцией 6M2026: 9.8 (округление)
oci_fvoci_fv_change_net,6M2026,-1.6,RUB bn,IFRS,primary/2026Q2_ifrs_fs.pdf,5,fd08eacf4ed7e57c4c2f7bec258218fb030ebfe92415561a839d9d6247f4f5e7,отчёт о совокупном доходе; редакция 6M2026
oci_fvoci_fv_change_net,9M2023,-5.938,RUB bn,IFRS,primary/2024Q3_ifrs_fs.pdf,7,a3dd5e075a73198ed1aea15d1fe474de7ef2e722d878aa3c5bf5185b9cc99f5c,отчёт о прибылях и убытках и прочем совокупном доходе (старый формат); редакция 9M2024
oci_fvoci_fv_change_net,9M2024,-9.754,RUB bn,IFRS,primary/2025Q3_ifrs_fs.pdf,6,28fe9a46ebe9f101c572624f0a264e1d5c0a659d441b9abac47fa10643d1a4eb,отчёт о прибылях и убытках и прочем совокупном доходе (старый формат); редакция 9M2025; ранее: -9.905 (9M2024)
oci_fvoci_fv_change_net,9M2025,10.116,RUB bn,IFRS,primary/2025Q3_ifrs_fs.pdf,6,28fe9a46ebe9f101c572624f0a264e1d5c0a659d441b9abac47fa10643d1a4eb,отчёт о прибылях и убытках и прочем совокупном доходе (старый формат); редакция 9M2025
oci_fvoci_fv_change_net,FY2023,-2.316,RUB bn,IFRS,primary/FY2024_ifrs_fs.pdf,20,9d301667aa0c60c38440c66e2e785473a57f5c949cdb4b93306e3f3b90780078,отчёт о прибылях и убытках и прочем совокупном доходе (старый формат); редакция FY2024
oci_fvoci_fv_change_net,FY2024,-9.257,RUB bn,IFRS,primary/FY2025_ifrs_fs.pdf,10,b7f5081af385b43d2ec9ab5d37ea9769464a680fe04a6e814bcb9cf59951009d,отчёт о прибылях и убытках и прочем совокупном доходе (старый формат); редакция FY2025
oci_fvoci_fv_change_net,FY2025,11.776,RUB bn,IFRS,primary/FY2025_ifrs_fs.pdf,10,b7f5081af385b43d2ec9ab5d37ea9769464a680fe04a6e814bcb9cf59951009d,отчёт о прибылях и убытках и прочем совокупном доходе (старый формат); редакция FY2025
op_capital,2023-12-31,283.743,RUB bn,issuer-defined (ROE_operating),primary/t-databook-key-financial-ratios_pub2026-09-09.xlsx,BS!AP47,11386cbbb9ffb0bc472e24cbae1464ad283acf267143e104d05767bd0bc284c8,"Databook, лист BS; редакция DB"
op_capital,2024-03-31,278.7,RUB bn,issuer-defined (ROE_operating),primary/t-databook-key-financial-ratios_pub2026-09-09.xlsx,BS!AQ47,11386cbbb9ffb0bc472e24cbae1464ad283acf267143e104d05767bd0bc284c8,"Databook, лист BS; редакция DB"
op_capital,2024-06-30,295.7,RUB bn,issuer-defined (ROE_operating),primary/t-databook-key-financial-ratios_pub2026-09-09.xlsx,BS!AR47,11386cbbb9ffb0bc472e24cbae1464ad283acf267143e104d05767bd0bc284c8,"Databook, лист BS; редакция DB"
op_capital,2024-09-30,501,RUB bn,issuer-defined (ROE_operating),primary/t-databook-key-financial-ratios_pub2026-09-09.xlsx,BS!AS47,11386cbbb9ffb0bc472e24cbae1464ad283acf267143e104d05767bd0bc284c8,"Databook, лист BS; редакция DB"
op_capital,2024-12-31,519.8,RUB bn,issuer-defined (ROE_operating),primary/t-databook-key-financial-ratios_pub2026-09-09.xlsx,BS!AT47,11386cbbb9ffb0bc472e24cbae1464ad283acf267143e104d05767bd0bc284c8,"Databook, лист BS; редакция DB"
op_capital,2025-03-31,566,RUB bn,issuer-defined (ROE_operating),primary/t-databook-key-financial-ratios_pub2026-09-09.xlsx,BS!AU47,11386cbbb9ffb0bc472e24cbae1464ad283acf267143e104d05767bd0bc284c8,"Databook, лист BS; редакция DB"
op_capital,2025-06-30,606.386701,RUB bn,issuer-defined (ROE_operating),primary/t-databook-key-financial-ratios_pub2026-09-09.xlsx,BS!AV47,11386cbbb9ffb0bc472e24cbae1464ad283acf267143e104d05767bd0bc284c8,"Databook, лист BS; редакция DB"
op_capital,2025-09-30,632.36722,RUB bn,issuer-defined (ROE_operating),primary/t-databook-key-financial-ratios_pub2026-09-09.xlsx,BS!AW47,11386cbbb9ffb0bc472e24cbae1464ad283acf267143e104d05767bd0bc284c8,"Databook, лист BS; редакция DB"
op_capital,2025-12-31,675.365713,RUB bn,issuer-defined (ROE_operating),primary/t-databook-key-financial-ratios_pub2026-09-09.xlsx,BS!AX47,11386cbbb9ffb0bc472e24cbae1464ad283acf267143e104d05767bd0bc284c8,"Databook, лист BS; редакция DB"
op_capital,2026-03-31,719.200032,RUB bn,issuer-defined (ROE_operating),primary/t-databook-key-financial-ratios_pub2026-09-09.xlsx,BS!AY47,11386cbbb9ffb0bc472e24cbae1464ad283acf267143e104d05767bd0bc284c8,"Databook, лист BS; редакция DB"
op_capital,2026-06-30,764.055202,RUB bn,issuer-defined (ROE_operating),primary/t-databook-key-financial-ratios_pub2026-09-09.xlsx,BS!AZ47,11386cbbb9ffb0bc472e24cbae1464ad283acf267143e104d05767bd0bc284c8,"Databook, лист BS; редакция DB"
op_np,3M2024,22.306,RUB bn,issuer-defined (ROE_operating),primary/t-databook-key-financial-ratios_pub2026-09-09.xlsx,PL!AQ37,11386cbbb9ffb0bc472e24cbae1464ad283acf267143e104d05767bd0bc284c8,Databook: накопленные данные; редакция DB
op_np,3M2025,33.292,RUB bn,issuer-defined (ROE_operating),primary/t-databook-key-financial-ratios_pub2026-09-09.xlsx,PL!AU37,11386cbbb9ffb0bc472e24cbae1464ad283acf267143e104d05767bd0bc284c8,Databook: накопленные данные; редакция DB
op_np,3M2026,46.534319,RUB bn,issuer-defined (ROE_operating),primary/t-databook-key-financial-ratios_pub2026-09-09.xlsx,PL!AY37,11386cbbb9ffb0bc472e24cbae1464ad283acf267143e104d05767bd0bc284c8,Databook: накопленные данные; редакция DB
op_np,6M2024,45.742,RUB bn,issuer-defined (ROE_operating),primary/t-databook-key-financial-ratios_pub2026-09-09.xlsx,PL!AR37,11386cbbb9ffb0bc472e24cbae1464ad283acf267143e104d05767bd0bc284c8,Databook: накопленные данные; редакция DB
op_np,6M2025,74.882975,RUB bn,issuer-defined (ROE_operating),primary/t-databook-key-financial-ratios_pub2026-09-09.xlsx,PL!AV37,11386cbbb9ffb0bc472e24cbae1464ad283acf267143e104d05767bd0bc284c8,Databook: накопленные данные; редакция DB
op_np,6M2026,98.589488,RUB bn,issuer-defined (ROE_operating),primary/t-databook-key-financial-ratios_pub2026-09-09.xlsx,PL!AZ37,11386cbbb9ffb0bc472e24cbae1464ad283acf267143e104d05767bd0bc284c8,Databook: накопленные данные; редакция DB
op_np,9M2024,83.877,RUB bn,issuer-defined (ROE_operating),primary/t-databook-key-financial-ratios_pub2026-09-09.xlsx,PL!AS37,11386cbbb9ffb0bc472e24cbae1464ad283acf267143e104d05767bd0bc284c8,Databook: накопленные данные; редакция DB
op_np,9M2025,120.076494,RUB bn,issuer-defined (ROE_operating),primary/t-databook-key-financial-ratios_pub2026-09-09.xlsx,PL!AW37,11386cbbb9ffb0bc472e24cbae1464ad283acf267143e104d05767bd0bc284c8,Databook: накопленные данные; редакция DB
op_np,FY2024,122.397,RUB bn,issuer-defined (ROE_operating),primary/t-databook-key-financial-ratios_pub2026-09-09.xlsx,PL!AT37,11386cbbb9ffb0bc472e24cbae1464ad283acf267143e104d05767bd0bc284c8,Databook: накопленные данные; редакция DB
op_np,FY2025,174.432988,RUB bn,issuer-defined (ROE_operating),primary/t-databook-key-financial-ratios_pub2026-09-09.xlsx,PL!AX37,11386cbbb9ffb0bc472e24cbae1464ad283acf267143e104d05767bd0bc284c8,Databook: накопленные данные; редакция DB
orf_fvoci,2018-12-31,-1.144,RUB bn,IFRS (старый формат),primary/t-databook-key-financial-ratios_pub2026-09-09.xlsx,BS!V42,11386cbbb9ffb0bc472e24cbae1464ad283acf267143e104d05767bd0bc284c8,"Databook, лист BS (годы до новой методологии); редакция DB"
orf_fvoci,2019-12-31,3.996,RUB bn,IFRS (старый формат),primary/t-databook-key-financial-ratios_pub2026-09-09.xlsx,BS!Z42,11386cbbb9ffb0bc472e24cbae1464ad283acf267143e104d05767bd0bc284c8,"Databook, лист BS (годы до новой методологии); редакция DB"
orf_fvoci,2020-12-31,1.849,RUB bn,IFRS (старый формат),primary/t-databook-key-financial-ratios_pub2026-09-09.xlsx,BS!AD42,11386cbbb9ffb0bc472e24cbae1464ad283acf267143e104d05767bd0bc284c8,"Databook, лист BS (годы до новой методологии); редакция DB"
orf_fvoci,2021-12-31,-13.118,RUB bn,IFRS (старый формат),primary/t-databook-key-financial-ratios_pub2026-09-09.xlsx,BS!AH42,11386cbbb9ffb0bc472e24cbae1464ad283acf267143e104d05767bd0bc284c8,"Databook, лист BS (годы до новой методологии); редакция DB"
orf_fvoci,2022-12-31,-3.214,RUB bn,IFRS,primary/FY2024_ifrs_fs.pdf,21,9d301667aa0c60c38440c66e2e785473a57f5c949cdb4b93306e3f3b90780078,отчёт об изменениях капитала: остаток на дату; редакция FY2024; ранее: -2.969 (DB)
orf_fvoci,2023-12-31,-5.434,RUB bn,IFRS,primary/FY2024_ifrs_fs.pdf,21,9d301667aa0c60c38440c66e2e785473a57f5c949cdb4b93306e3f3b90780078,отчёт об изменениях капитала: остаток на дату; редакция FY2024
orf_fvoci,2024-03-31,-4.964,RUB bn,IFRS,primary/2024Q1_ifrs_fs.pdf,8,b9c027b722c401f9420a49a348aec9b64b1733597c1685d02f5d245c7c2721d9,отчёт об изменениях капитала: остаток на дату; редакция 3M2024
orf_fvoci,2024-06-30,-8.386,RUB bn,IFRS,primary/2024Q2_ifrs_fs.pdf,8,be54687573adea3084658ab793ea3cfcc6853644c7b2d2ced6baf260d26bb308,отчёт об изменениях капитала: остаток на дату; редакция 6M2024
orf_fvoci,2024-09-30,-15.272,RUB bn,IFRS,primary/2024Q3_ifrs_fs.pdf,8,a3dd5e075a73198ed1aea15d1fe474de7ef2e722d878aa3c5bf5185b9cc99f5c,отчёт об изменениях капитала: остаток на дату; редакция 9M2024
orf_fvoci,2024-12-31,-14.368,RUB bn,IFRS,primary/FY2025_ifrs_fs.pdf,8,b7f5081af385b43d2ec9ab5d37ea9769464a680fe04a6e814bcb9cf59951009d,отчёт о финансовом положении (до реклассификаций 2026 г.); подтверждено редакцией 6M2026: -14.4 (округление)
orf_fvoci,2025-03-31,-7.512,RUB bn,IFRS,primary/2025Q1_ifrs_fs.pdf,7,4d3d0aa57bae2832f70944e59c3814cb9fc3b90b40289ffbbca3cac3ee616a89,отчёт об изменениях капитала: остаток на дату; подтверждено редакцией 3M2026: -7.5 (округление)
orf_fvoci,2025-06-30,-4.508,RUB bn,IFRS,primary/2025Q2_ifrs_fs.pdf,4,3ee9d08203db787516f65bc287cba237dfd600fa270ebbbc092e9765361d0f13,отчёт о финансовом положении (до реклассификаций 2026 г.); подтверждено редакцией 6M2026: -4.6 (округление)
orf_fvoci,2025-09-30,-4.356,RUB bn,IFRS,primary/2025Q3_ifrs_fs.pdf,4,28fe9a46ebe9f101c572624f0a264e1d5c0a659d441b9abac47fa10643d1a4eb,отчёт о финансовом положении (до реклассификаций 2026 г.); редакция 9M2025
orf_fvoci,2025-12-31,-2.831,RUB bn,IFRS,primary/FY2025_ifrs_fs.pdf,8,b7f5081af385b43d2ec9ab5d37ea9769464a680fe04a6e814bcb9cf59951009d,отчёт о финансовом положении (до реклассификаций 2026 г.); подтверждено редакцией 6M2026: -2.8 (округление)
orf_fvoci,2026-03-31,-3.3,RUB bn,IFRS,primary/2026Q1_ifrs_fs.pdf,7,6ac85944afbf4e9f2462fc4c17756069904a06f80675cbbef47ded5c5d30d18d,отчёт об изменениях капитала: остаток на дату; редакция 3M2026
orf_fvoci,2026-06-30,-4.6,RUB bn,IFRS,primary/2026Q2_ifrs_fs.pdf,7,fd08eacf4ed7e57c4c2f7bec258218fb030ebfe92415561a839d9d6247f4f5e7,отчёт об изменениях капитала: остаток на дату; редакция 6M2026
other_assets,2018-12-31,23.269,RUB bn,IFRS (старый формат),primary/t-databook-key-financial-ratios_pub2026-09-09.xlsx,BS!V19,11386cbbb9ffb0bc472e24cbae1464ad283acf267143e104d05767bd0bc284c8,"Databook, лист BS (годы до новой методологии); редакция DB"
other_assets,2019-12-31,33.06,RUB bn,IFRS (старый формат),primary/t-databook-key-financial-ratios_pub2026-09-09.xlsx,BS!Z19,11386cbbb9ffb0bc472e24cbae1464ad283acf267143e104d05767bd0bc284c8,"Databook, лист BS (годы до новой методологии); редакция DB"
other_assets,2020-12-31,49.931,RUB bn,IFRS (старый формат),primary/t-databook-key-financial-ratios_pub2026-09-09.xlsx,BS!AD19,11386cbbb9ffb0bc472e24cbae1464ad283acf267143e104d05767bd0bc284c8,"Databook, лист BS (годы до новой методологии); редакция DB"
other_assets,2021-12-31,75.993,RUB bn,IFRS (старый формат),primary/t-databook-key-financial-ratios_pub2026-09-09.xlsx,BS!AH19,11386cbbb9ffb0bc472e24cbae1464ad283acf267143e104d05767bd0bc284c8,"Databook, лист BS (годы до новой методологии); редакция DB"
other_assets,2022-12-31,61.415,RUB bn,IFRS (старый формат),primary/t-databook-key-financial-ratios_pub2026-09-09.xlsx,BS!AL19,11386cbbb9ffb0bc472e24cbae1464ad283acf267143e104d05767bd0bc284c8,"Databook, лист BS (годы до новой методологии); редакция DB"
other_assets,2023-12-31,101.411,RUB bn,IFRS,primary/t-databook-key-financial-ratios_pub2026-09-09.xlsx,BS!AP19,11386cbbb9ffb0bc472e24cbae1464ad283acf267143e104d05767bd0bc284c8,"Databook, лист BS (до новой методологии); редакция DB"
other_assets,2024-03-31,109.6,RUB bn,IFRS,primary/t-databook-key-financial-ratios_pub2026-09-09.xlsx,BS!AQ19,11386cbbb9ffb0bc472e24cbae1464ad283acf267143e104d05767bd0bc284c8,"Databook, лист BS; редакция DB"
other_assets,2024-06-30,131.8,RUB bn,IFRS,primary/t-databook-key-financial-ratios_pub2026-09-09.xlsx,BS!AR19,11386cbbb9ffb0bc472e24cbae1464ad283acf267143e104d05767bd0bc284c8,"Databook, лист BS; редакция DB"
other_assets,2024-09-30,213.3,RUB bn,IFRS,primary/t-databook-key-financial-ratios_pub2026-09-09.xlsx,BS!AS19,11386cbbb9ffb0bc472e24cbae1464ad283acf267143e104d05767bd0bc284c8,"Databook, лист BS; редакция DB"
other_assets,2024-12-31,283.1,RUB bn,IFRS,primary/t-databook-key-financial-ratios_pub2026-09-09.xlsx,BS!AT19,11386cbbb9ffb0bc472e24cbae1464ad283acf267143e104d05767bd0bc284c8,"Databook, лист BS; редакция DB; ранее: 280.13 (FY2025); ранее: 280.13 (9M2025); ранее: 280.13 (6M2025)"
other_assets,2025-03-31,211.4,RUB bn,IFRS,primary/t-databook-key-financial-ratios_pub2026-09-09.xlsx,BS!AU19,11386cbbb9ffb0bc472e24cbae1464ad283acf267143e104d05767bd0bc284c8,"Databook, лист BS; редакция DB"
other_assets,2025-06-30,228.2,RUB bn,IFRS,primary/t-databook-key-financial-ratios_pub2026-09-09.xlsx,BS!AV19,11386cbbb9ffb0bc472e24cbae1464ad283acf267143e104d05767bd0bc284c8,"Databook, лист BS; редакция DB; ранее: 225.764 (6M2025)"
other_assets,2025-09-30,246,RUB bn,IFRS,primary/t-databook-key-financial-ratios_pub2026-09-09.xlsx,BS!AW19,11386cbbb9ffb0bc472e24cbae1464ad283acf267143e104d05767bd0bc284c8,"Databook, лист BS; редакция DB; ранее: 242.112 (9M2025)"
other_assets,2025-12-31,266,RUB bn,IFRS,primary/2026Q2_ifrs_fs.pdf,6,fd08eacf4ed7e57c4c2f7bec258218fb030ebfe92415561a839d9d6247f4f5e7,отчёт о финансовом положении; редакция 6M2026; ранее: 260.61 (FY2025)
other_assets,2026-03-31,265.5,RUB bn,IFRS,primary/2026Q1_ifrs_fs.pdf,6,6ac85944afbf4e9f2462fc4c17756069904a06f80675cbbef47ded5c5d30d18d,отчёт о финансовом положении; редакция 3M2026
other_assets,2026-06-30,261.6,RUB bn,IFRS,primary/2026Q2_ifrs_fs.pdf,6,fd08eacf4ed7e57c4c2f7bec258218fb030ebfe92415561a839d9d6247f4f5e7,отчёт о финансовом положении; редакция 6M2026
repo_fvoci,2025-12-31,46.5,RUB bn,IFRS,primary/2026Q2_ifrs_fs.pdf,37,fd08eacf4ed7e57c4c2f7bec258218fb030ebfe92415561a839d9d6247f4f5e7,прим. 16; редакция 6M2026
repo_fvoci,2026-03-31,15.5,RUB bn,IFRS,primary/2026Q1_ifrs_fs.pdf,31,6ac85944afbf4e9f2462fc4c17756069904a06f80675cbbef47ded5c5d30d18d,прим. 15; редакция 3M2026
repo_fvoci,2026-06-30,13.9,RUB bn,IFRS,primary/2026Q2_ifrs_fs.pdf,37,fd08eacf4ed7e57c4c2f7bec258218fb030ebfe92415561a839d9d6247f4f5e7,прим. 16; редакция 6M2026
sec_ac,2025-12-31,148.4,RUB bn,IFRS,primary/2026Q2_ifrs_fs.pdf,37,fd08eacf4ed7e57c4c2f7bec258218fb030ebfe92415561a839d9d6247f4f5e7,прим. 16; редакция 6M2026
sec_ac,2026-03-31,257.6,RUB bn,IFRS,primary/2026Q1_ifrs_fs.pdf,31,6ac85944afbf4e9f2462fc4c17756069904a06f80675cbbef47ded5c5d30d18d,прим. 15; редакция 3M2026
sec_ac,2026-06-30,377.8,RUB bn,IFRS,primary/2026Q2_ifrs_fs.pdf,37,fd08eacf4ed7e57c4c2f7bec258218fb030ebfe92415561a839d9d6247f4f5e7,прим. 16; редакция 6M2026
sec_ac_corp_gross,2025-12-31,10,RUB bn,IFRS,primary/2026Q2_ifrs_fs.pdf,37,fd08eacf4ed7e57c4c2f7bec258218fb030ebfe92415561a839d9d6247f4f5e7,прим. 16 (1): бумаги по АС; редакция 6M2026
sec_ac_corp_gross,2026-03-31,116.5,RUB bn,IFRS,primary/2026Q1_ifrs_fs.pdf,33,6ac85944afbf4e9f2462fc4c17756069904a06f80675cbbef47ded5c5d30d18d,прим. 15 (3): бумаги по АС; редакция 3M2026
sec_ac_corp_gross,2026-06-30,222.9,RUB bn,IFRS,primary/2026Q2_ifrs_fs.pdf,37,fd08eacf4ed7e57c4c2f7bec258218fb030ebfe92415561a839d9d6247f4f5e7,прим. 16 (1): бумаги по АС; редакция 6M2026
sec_ac_fair_value_l1,2025-12-31,130,RUB bn,IFRS,primary/2026Q2_ifrs_fs.pdf,85,fd08eacf4ed7e57c4c2f7bec258218fb030ebfe92415561a839d9d6247f4f5e7,прим. 26: справедливая стоимость бумаг по АС по уровням; редакция 6M2026
sec_ac_fair_value_l1,2026-06-30,255.3,RUB bn,IFRS,primary/2026Q2_ifrs_fs.pdf,85,fd08eacf4ed7e57c4c2f7bec258218fb030ebfe92415561a839d9d6247f4f5e7,прим. 26: справедливая стоимость бумаг по АС по уровням; редакция 6M2026
sec_ac_fair_value_l2,2025-12-31,0,RUB bn,IFRS,primary/2026Q2_ifrs_fs.pdf,85,fd08eacf4ed7e57c4c2f7bec258218fb030ebfe92415561a839d9d6247f4f5e7,прим. 26: справедливая стоимость бумаг по АС по уровням; редакция 6M2026
sec_ac_fair_value_l2,2026-06-30,90.7,RUB bn,IFRS,primary/2026Q2_ifrs_fs.pdf,85,fd08eacf4ed7e57c4c2f7bec258218fb030ebfe92415561a839d9d6247f4f5e7,прим. 26: справедливая стоимость бумаг по АС по уровням; редакция 6M2026
sec_ac_fair_value_l3,2025-12-31,0,RUB bn,IFRS,primary/2026Q2_ifrs_fs.pdf,85,fd08eacf4ed7e57c4c2f7bec258218fb030ebfe92415561a839d9d6247f4f5e7,прим. 26: справедливая стоимость бумаг по АС по уровням; редакция 6M2026
sec_ac_fair_value_l3,2026-06-30,0.3,RUB bn,IFRS,primary/2026Q2_ifrs_fs.pdf,85,fd08eacf4ed7e57c4c2f7bec258218fb030ebfe92415561a839d9d6247f4f5e7,прим. 26: справедливая стоимость бумаг по АС по уровням; редакция 6M2026
sec_ac_muni_gross,2025-12-31,1.9,RUB bn,IFRS,primary/2026Q2_ifrs_fs.pdf,37,fd08eacf4ed7e57c4c2f7bec258218fb030ebfe92415561a839d9d6247f4f5e7,прим. 16 (1): бумаги по АС; редакция 6M2026
sec_ac_muni_gross,2026-03-31,2,RUB bn,IFRS,primary/2026Q1_ifrs_fs.pdf,33,6ac85944afbf4e9f2462fc4c17756069904a06f80675cbbef47ded5c5d30d18d,прим. 15 (3): бумаги по АС; редакция 3M2026
sec_ac_muni_gross,2026-06-30,2,RUB bn,IFRS,primary/2026Q2_ifrs_fs.pdf,37,fd08eacf4ed7e57c4c2f7bec258218fb030ebfe92415561a839d9d6247f4f5e7,прим. 16 (1): бумаги по АС; редакция 6M2026
sec_ac_ofz_gross,2025-12-31,136.8,RUB bn,IFRS,primary/2026Q2_ifrs_fs.pdf,37,fd08eacf4ed7e57c4c2f7bec258218fb030ebfe92415561a839d9d6247f4f5e7,прим. 16 (1): бумаги по АС; редакция 6M2026
sec_ac_ofz_gross,2026-03-31,139.4,RUB bn,IFRS,primary/2026Q1_ifrs_fs.pdf,33,6ac85944afbf4e9f2462fc4c17756069904a06f80675cbbef47ded5c5d30d18d,прим. 15 (3): бумаги по АС; редакция 3M2026
sec_ac_ofz_gross,2026-06-30,153.3,RUB bn,IFRS,primary/2026Q2_ifrs_fs.pdf,37,fd08eacf4ed7e57c4c2f7bec258218fb030ebfe92415561a839d9d6247f4f5e7,прим. 16 (1): бумаги по АС; редакция 6M2026
sec_fvoci,2025-12-31,321.2,RUB bn,IFRS,primary/2026Q2_ifrs_fs.pdf,37,fd08eacf4ed7e57c4c2f7bec258218fb030ebfe92415561a839d9d6247f4f5e7,прим. 16; редакция 6M2026
sec_fvoci,2026-03-31,361.1,RUB bn,IFRS,primary/2026Q1_ifrs_fs.pdf,31,6ac85944afbf4e9f2462fc4c17756069904a06f80675cbbef47ded5c5d30d18d,прим. 15; редакция 3M2026
sec_fvoci,2026-06-30,333.7,RUB bn,IFRS,primary/2026Q2_ifrs_fs.pdf,37,fd08eacf4ed7e57c4c2f7bec258218fb030ebfe92415561a839d9d6247f4f5e7,прим. 16; редакция 6M2026
sec_fvoci_corp_bonds,2025-12-31,123.6,RUB bn,IFRS,primary/2026Q2_ifrs_fs.pdf,38,fd08eacf4ed7e57c4c2f7bec258218fb030ebfe92415561a839d9d6247f4f5e7,прим. 16 (2): бумаги FVOCI; редакция 6M2026
sec_fvoci_corp_bonds,2026-03-31,121,RUB bn,IFRS,primary/2026Q1_ifrs_fs.pdf,31,6ac85944afbf4e9f2462fc4c17756069904a06f80675cbbef47ded5c5d30d18d,прим. 15 (1): бумаги FVOCI; редакция 3M2026
sec_fvoci_corp_bonds,2026-06-30,114.9,RUB bn,IFRS,primary/2026Q2_ifrs_fs.pdf,38,fd08eacf4ed7e57c4c2f7bec258218fb030ebfe92415561a839d9d6247f4f5e7,прим. 16 (2): бумаги FVOCI; редакция 6M2026
sec_fvoci_equity,2025-12-31,0.8,RUB bn,IFRS,primary/2026Q2_ifrs_fs.pdf,38,fd08eacf4ed7e57c4c2f7bec258218fb030ebfe92415561a839d9d6247f4f5e7,прим. 16 (2): бумаги FVOCI; редакция 6M2026
sec_fvoci_equity,2026-03-31,0.9,RUB bn,IFRS,primary/2026Q1_ifrs_fs.pdf,31,6ac85944afbf4e9f2462fc4c17756069904a06f80675cbbef47ded5c5d30d18d,прим. 15 (1): бумаги FVOCI; редакция 3M2026
sec_fvoci_equity,2026-06-30,0.7,RUB bn,IFRS,primary/2026Q2_ifrs_fs.pdf,38,fd08eacf4ed7e57c4c2f7bec258218fb030ebfe92415561a839d9d6247f4f5e7,прим. 16 (2): бумаги FVOCI; редакция 6M2026
sec_fvoci_muni,2025-12-31,4.1,RUB bn,IFRS,primary/2026Q2_ifrs_fs.pdf,38,fd08eacf4ed7e57c4c2f7bec258218fb030ebfe92415561a839d9d6247f4f5e7,прим. 16 (2): бумаги FVOCI; редакция 6M2026
sec_fvoci_muni,2026-03-31,4.2,RUB bn,IFRS,primary/2026Q1_ifrs_fs.pdf,31,6ac85944afbf4e9f2462fc4c17756069904a06f80675cbbef47ded5c5d30d18d,прим. 15 (1): бумаги FVOCI; редакция 3M2026
sec_fvoci_muni,2026-06-30,3.9,RUB bn,IFRS,primary/2026Q2_ifrs_fs.pdf,38,fd08eacf4ed7e57c4c2f7bec258218fb030ebfe92415561a839d9d6247f4f5e7,прим. 16 (2): бумаги FVOCI; редакция 6M2026
sec_fvoci_ofz,2025-12-31,191.9,RUB bn,IFRS,primary/2026Q2_ifrs_fs.pdf,38,fd08eacf4ed7e57c4c2f7bec258218fb030ebfe92415561a839d9d6247f4f5e7,прим. 16 (2): бумаги FVOCI; редакция 6M2026
sec_fvoci_ofz,2026-03-31,234.5,RUB bn,IFRS,primary/2026Q1_ifrs_fs.pdf,31,6ac85944afbf4e9f2462fc4c17756069904a06f80675cbbef47ded5c5d30d18d,прим. 15 (1): бумаги FVOCI; редакция 3M2026
sec_fvoci_ofz,2026-06-30,214.2,RUB bn,IFRS,primary/2026Q2_ifrs_fs.pdf,38,fd08eacf4ed7e57c4c2f7bec258218fb030ebfe92415561a839d9d6247f4f5e7,прим. 16 (2): бумаги FVOCI; редакция 6M2026
securities,2018-12-31,100.14,RUB bn,IFRS (старый формат),primary/t-databook-key-financial-ratios_pub2026-09-09.xlsx,BS!V8,11386cbbb9ffb0bc472e24cbae1464ad283acf267143e104d05767bd0bc284c8,"Databook, лист BS (годы до новой методологии); редакция DB"
securities,2019-12-31,135.178,RUB bn,IFRS (старый формат),primary/t-databook-key-financial-ratios_pub2026-09-09.xlsx,BS!Z8,11386cbbb9ffb0bc472e24cbae1464ad283acf267143e104d05767bd0bc284c8,"Databook, лист BS (годы до новой методологии); редакция DB"
securities,2020-12-31,238.454,RUB bn,IFRS (старый формат),primary/t-databook-key-financial-ratios_pub2026-09-09.xlsx,BS!AD8,11386cbbb9ffb0bc472e24cbae1464ad283acf267143e104d05767bd0bc284c8,"Databook, лист BS (годы до новой методологии); редакция DB"
securities,2021-12-31,215.311,RUB bn,IFRS (старый формат),primary/t-databook-key-financial-ratios_pub2026-09-09.xlsx,BS!AH8,11386cbbb9ffb0bc472e24cbae1464ad283acf267143e104d05767bd0bc284c8,"Databook, лист BS (годы до новой методологии); редакция DB"
securities,2022-12-31,325.802,RUB bn,IFRS (старый формат),primary/t-databook-key-financial-ratios_pub2026-09-09.xlsx,BS!AL8,11386cbbb9ffb0bc472e24cbae1464ad283acf267143e104d05767bd0bc284c8,"Databook, лист BS (годы до новой методологии); редакция DB"
securities,2023-12-31,332.923,RUB bn,IFRS,primary/t-databook-key-financial-ratios_pub2026-09-09.xlsx,BS!AP8,11386cbbb9ffb0bc472e24cbae1464ad283acf267143e104d05767bd0bc284c8,"Databook, лист BS (до новой методологии); редакция DB"
securities,2024-03-31,242.5,RUB bn,IFRS,primary/t-databook-key-financial-ratios_pub2026-09-09.xlsx,BS!AQ8,11386cbbb9ffb0bc472e24cbae1464ad283acf267143e104d05767bd0bc284c8,"Databook, лист BS; редакция DB"
securities,2024-06-30,223,RUB bn,IFRS,primary/t-databook-key-financial-ratios_pub2026-09-09.xlsx,BS!AR8,11386cbbb9ffb0bc472e24cbae1464ad283acf267143e104d05767bd0bc284c8,"Databook, лист BS; редакция DB"
securities,2024-09-30,514.8,RUB bn,IFRS,primary/t-databook-key-financial-ratios_pub2026-09-09.xlsx,BS!AS8,11386cbbb9ffb0bc472e24cbae1464ad283acf267143e104d05767bd0bc284c8,"Databook, лист BS; редакция DB"
securities,2024-12-31,430.323,RUB bn,IFRS,primary/FY2025_ifrs_fs.pdf,8,b7f5081af385b43d2ec9ab5d37ea9769464a680fe04a6e814bcb9cf59951009d,отчёт о финансовом положении (до реклассификаций 2026 г.); подтверждено редакцией DB: 430.3 (округление)
securities,2025-03-31,430.2,RUB bn,IFRS,primary/t-databook-key-financial-ratios_pub2026-09-09.xlsx,BS!AU8,11386cbbb9ffb0bc472e24cbae1464ad283acf267143e104d05767bd0bc284c8,"Databook, лист BS; редакция DB"
securities,2025-06-30,609.724,RUB bn,IFRS,primary/2025Q2_ifrs_fs.pdf,4,3ee9d08203db787516f65bc287cba237dfd600fa270ebbbc092e9765361d0f13,отчёт о финансовом положении (до реклассификаций 2026 г.); подтверждено редакцией DB: 609.7 (округление)
securities,2025-09-30,551.735,RUB bn,IFRS,primary/2025Q3_ifrs_fs.pdf,4,28fe9a46ebe9f101c572624f0a264e1d5c0a659d441b9abac47fa10643d1a4eb,отчёт о финансовом положении (до реклассификаций 2026 г.); подтверждено редакцией DB: 551.7 (округление)
securities,2025-12-31,700.666,RUB bn,IFRS,primary/FY2025_ifrs_fs.pdf,8,b7f5081af385b43d2ec9ab5d37ea9769464a680fe04a6e814bcb9cf59951009d,отчёт о финансовом положении (до реклассификаций 2026 г.); подтверждено редакцией 6M2026: 700.7 (округление)
securities,2026-03-31,831,RUB bn,IFRS,primary/2026Q1_ifrs_fs.pdf,6,6ac85944afbf4e9f2462fc4c17756069904a06f80675cbbef47ded5c5d30d18d,отчёт о финансовом положении; редакция 3M2026
securities,2026-06-30,924.9,RUB bn,IFRS,primary/2026Q2_ifrs_fs.pdf,6,fd08eacf4ed7e57c4c2f7bec258218fb030ebfe92415561a839d9d6247f4f5e7,отчёт о финансовом положении; редакция 6M2026
yandex_stake_fv,2025-06-30,162.855,RUB bn,"IFRS (пакет 9,9 % МКПАО «Яндекс», в бумагах FVTPL)",primary/2025Q2_ifrs_fs.pdf,23,3ee9d08203db787516f65bc287cba237dfd600fa270ebbbc092e9765361d0f13,прим. 8; редакция 6M2025
yandex_stake_fv,2025-09-30,152.786,RUB bn,"IFRS (пакет 9,9 % МКПАО «Яндекс», в бумагах FVTPL)",primary/2025Q3_ifrs_fs.pdf,23,28fe9a46ebe9f101c572624f0a264e1d5c0a659d441b9abac47fa10643d1a4eb,прим. 8; редакция 9M2025
yandex_stake_fv,2025-12-31,178.153,RUB bn,"IFRS (пакет 9,9 % МКПАО «Яндекс», в бумагах FVTPL)",primary/FY2025_ifrs_fs.pdf,37,b7f5081af385b43d2ec9ab5d37ea9769464a680fe04a6e814bcb9cf59951009d,прим. 8; подтверждено редакцией 6M2026: 178.2 (округление)
yandex_stake_fv,2026-03-31,164.8,RUB bn,"IFRS (пакет 9,9 % МКПАО «Яндекс», в бумагах FVTPL)",primary/2026Q1_ifrs_fs.pdf,32,6ac85944afbf4e9f2462fc4c17756069904a06f80675cbbef47ded5c5d30d18d,прим. 15; редакция 3M2026
yandex_stake_fv,2026-06-30,143,RUB bn,"IFRS (пакет 9,9 % МКПАО «Яндекс», в бумагах FVTPL)",primary/2026Q2_ifrs_fs.pdf,38,fd08eacf4ed7e57c4c2f7bec258218fb030ebfe92415561a839d9d6247f4f5e7,"прим. 16: справедливая стоимость пакета; владелец — группа МКООО «Каталитик Пипл» (доля Группы 50,01 %); редакция 6M2026"
