period,cor_retail,cor_corporate,cor_total_sum_of_segments,cor_total_company,rel_retail,rel_corporate,retail_share_of_avg_gross
2023Q1,0.07030,0.08416,0.07047,0.06986,0.99756,1.19434,0.98760
2023Q2,0.05172,0.37089,0.05694,0.05669,0.90830,6.51387,0.98364
2023Q3,0.06286,0.07710,0.06317,0.06202,0.99514,1.22057,0.97844
2023Q4,0.05736,0.16496,0.06031,0.05933,0.95108,2.73527,0.97258
2024Q1,0.07863,0.01090,0.07651,0.07568,1.02773,0.14249,0.96867
2024Q2,0.07372,0.11231,0.07510,0.07456,0.98162,1.49546,0.96423
2024Q3,0.08604,0.03385,0.07200,0.08206,1.19499,0.47012,0.73100
2024Q4,0.07464,0.03374,0.06540,0.06549,1.14118,0.51591,0.77422
2025Q1,0.05540,0.03819,0.05175,0.05198,1.07050,0.73792,0.78802
2025Q2,0.07317,0.04265,0.06647,0.06655,1.10072,0.64166,0.78059
2025Q3,0.06507,0.04782,0.06111,0.06114,1.06477,0.78249,0.77055
2025Q4,0.04667,0.05605,0.04900,0.04919,0.95234,1.14383,0.75113
2026Q1,0.05601,0.04644,0.05346,0.05346,1.04766,0.86876,0.73362
2026Q2,0.05210,0.03312,0.04695,0.04692,1.10983,0.70556,0.72832
