ticker,window,window_from,window_to,variant,n,beta,alpha,se_ols,se_hac,r2,rho,vol_s,vol_m,first,last
T,2 года,2024-10-06,2026-10-06,"ПРАВИЛО: TR→MCFTR, недели ISO",105,1.03031,0.0019,0.05303,0.04622,0.78563,0.88636,0.28817,0.2479,2024-10-11,2026-10-06
T,2 года,2024-10-06,2026-10-06,"TR→MCFTR, недели по средам",104,0.99615,0.00192,0.05731,0.05786,0.74762,0.86465,0.2985,0.25909,2024-10-09,2026-10-06
T,2 года,2024-10-06,2026-10-06,"TR→MCFTR, месяцы",25,0.98265,0.00723,0.14653,0.09878,0.66164,0.81341,0.22999,0.19038,2024-10-31,2026-10-06
T,2 года,2024-10-06,2026-10-06,TR (CLOSE вместо LEGALCLOSE)→MCFTR,105,1.12018,0.00205,0.05723,0.04944,0.78812,0.88776,0.3128,0.2479,2024-10-11,2026-10-06
T,2 года,2024-10-06,2026-10-06,цена→MCFTR (без дивидендов),105,1.03541,0.00084,0.05416,0.05039,0.78014,0.88325,0.29061,0.2479,2024-10-11,2026-10-06
T,2 года,2024-10-06,2026-10-06,цена→IMOEX,105,1.07364,0.00268,0.05885,0.05444,0.76368,0.87389,0.29061,0.23654,2024-10-11,2026-10-06
T,2 года,2024-10-06,2026-10-06,TR→MOEXFN (ценовой отраслевой),105,1.05721,0.00274,0.06186,0.0787,0.7393,0.85982,0.28817,0.23436,2024-10-11,2026-10-06
T,2 года,2024-10-06,2026-10-06,ловушка: экс-дата +1 день,105,1.02856,0.00191,0.05331,0.04634,0.78326,0.88502,0.28811,0.2479,2024-10-11,2026-10-06
T,2 года,2024-10-06,2026-10-06,ловушка: экс-дата −1 день,105,1.02322,0.0019,0.05704,0.04617,0.75751,0.87035,0.29144,0.2479,2024-10-11,2026-10-06
T,2 года,2024-10-06,2026-10-06,без поправки на паузу (разрывы не исключены),105,1.03031,0.0019,0.05303,0.04622,0.78563,0.88636,0.28817,0.2479,2024-10-11,2026-10-06
T,3 года,2023-10-06,2026-10-06,"ПРАВИЛО: TR→MCFTR, недели ISO",152,1.03612,-6e-05,0.05597,0.04614,0.69559,0.83402,0.27538,0.22166,2023-10-13,2026-10-06
T,3 года,2023-10-06,2026-10-06,"TR→MCFTR, недели по средам",152,1.02689,-0.00032,0.05691,0.05714,0.68458,0.82739,0.29108,0.23453,2023-10-11,2026-10-06
T,3 года,2023-10-06,2026-10-06,"TR→MCFTR, месяцы",37,0.96269,-4e-05,0.13619,0.08466,0.58807,0.76686,0.22839,0.18193,2023-10-31,2026-10-06
T,3 года,2023-10-06,2026-10-06,TR (CLOSE вместо LEGALCLOSE)→MCFTR,152,1.11143,0.00014,0.05951,0.05219,0.69929,0.83624,0.29461,0.22166,2023-10-13,2026-10-06
T,3 года,2023-10-06,2026-10-06,цена→MCFTR (без дивидендов),152,1.04026,-0.00079,0.05643,0.04961,0.69374,0.83291,0.27685,0.22166,2023-10-13,2026-10-06
T,3 года,2023-10-06,2026-10-06,цена→IMOEX,152,1.0619,0.00104,0.06042,0.0536,0.67313,0.82044,0.27685,0.2139,2023-10-13,2026-10-06
T,3 года,2023-10-06,2026-10-06,TR→MOEXFN (ценовой отраслевой),152,1.054,0.00089,0.05879,0.06755,0.68185,0.82574,0.27538,0.21574,2023-10-13,2026-10-06
T,3 года,2023-10-06,2026-10-06,ловушка: экс-дата +1 день,152,1.03461,-6e-05,0.05613,0.04623,0.69376,0.83292,0.27534,0.22166,2023-10-13,2026-10-06
T,3 года,2023-10-06,2026-10-06,ловушка: экс-дата −1 день,152,1.03001,-6e-05,0.05826,0.0463,0.67575,0.82204,0.27774,0.22166,2023-10-13,2026-10-06
T,3 года,2023-10-06,2026-10-06,без поправки на паузу (разрывы не исключены),153,1.03628,0.0,0.05582,0.04607,0.69535,0.83388,0.27456,0.22094,2023-10-13,2026-10-06
T,5 лет,2021-10-06,2026-10-06,"ПРАВИЛО: TR→MCFTR, недели ISO",252,1.13218,-0.00129,0.06796,0.08264,0.52612,0.72534,0.41593,0.26647,2021-10-08,2026-10-06
T,5 лет,2021-10-06,2026-10-06,"TR→MCFTR, недели по средам",252,1.12732,-0.00121,0.07035,0.08161,0.50668,0.71181,0.41572,0.26249,2021-10-13,2026-10-06
T,5 лет,2021-10-06,2026-10-06,"TR→MCFTR, месяцы",61,1.14466,-0.00694,0.12946,0.09789,0.5699,0.75491,0.38413,0.25334,2021-10-29,2026-10-06
T,5 лет,2021-10-06,2026-10-06,TR (CLOSE вместо LEGALCLOSE)→MCFTR,252,1.21764,-0.00139,0.06836,0.09339,0.55929,0.74785,0.43386,0.26647,2021-10-08,2026-10-06
T,5 лет,2021-10-06,2026-10-06,цена→MCFTR (без дивидендов),252,1.13375,-0.00173,0.06802,0.08272,0.52632,0.72548,0.41643,0.26647,2021-10-08,2026-10-06
T,5 лет,2021-10-06,2026-10-06,цена→IMOEX,252,1.14399,0.0002,0.07034,0.08584,0.51413,0.71703,0.41643,0.26101,2021-10-08,2026-10-06
T,5 лет,2021-10-06,2026-10-06,TR→MOEXFN (ценовой отраслевой),252,1.13396,-0.00018,0.05071,0.10472,0.66671,0.81652,0.41593,0.2995,2021-10-08,2026-10-06
T,5 лет,2021-10-06,2026-10-06,ловушка: экс-дата +1 день,252,1.13156,-0.00129,0.06799,0.08268,0.52557,0.72496,0.41592,0.26647,2021-10-08,2026-10-06
T,5 лет,2021-10-06,2026-10-06,ловушка: экс-дата −1 день,252,1.12964,-0.00129,0.06845,0.08272,0.52138,0.72207,0.41687,0.26647,2021-10-08,2026-10-06
T,5 лет,2021-10-06,2026-10-06,без поправки на паузу (разрывы не исключены),254,1.09882,-0.00164,0.06721,0.08016,0.5147,0.71743,0.41457,0.27067,2021-10-08,2026-10-06
T,4 года,2022-10-06,2026-10-06,"ПРАВИЛО: TR→MCFTR, недели ISO",205,1.02952,-0.00115,0.06249,0.05454,0.5721,0.75637,0.28439,0.20894,2022-10-07,2026-10-06
T,4 года,2022-10-06,2026-10-06,"TR→MCFTR, недели по средам",204,0.98699,-0.00163,0.05865,0.06393,0.58371,0.76401,0.28379,0.21968,2022-10-12,2026-10-06
T,4 года,2022-10-06,2026-10-06,"TR→MCFTR, месяцы",49,0.93483,-0.00381,0.13509,0.07923,0.50466,0.71039,0.25525,0.19397,2022-10-31,2026-10-06
T,4 года,2022-10-06,2026-10-06,TR (CLOSE вместо LEGALCLOSE)→MCFTR,205,1.09113,-0.00127,0.06512,0.06085,0.58037,0.76182,0.29926,0.20894,2022-10-07,2026-10-06
T,4 года,2022-10-06,2026-10-06,цена→MCFTR (без дивидендов),205,1.03488,-0.00171,0.0627,0.05656,0.57301,0.75697,0.28565,0.20894,2022-10-07,2026-10-06
T,4 года,2022-10-06,2026-10-06,цена→IMOEX,205,1.03966,0.00024,0.06773,0.0688,0.5372,0.73294,0.28565,0.20138,2022-10-07,2026-10-06
T,4 года,2022-10-06,2026-10-06,TR→MOEXFN (ценовой отраслевой),205,1.06003,-0.00088,0.05919,0.06628,0.61242,0.78258,0.28439,0.20996,2022-10-07,2026-10-06
T,4 года,2022-10-06,2026-10-06,ловушка: экс-дата +1 день,205,1.02825,-0.00115,0.06258,0.05461,0.57081,0.75552,0.28436,0.20894,2022-10-07,2026-10-06
T,4 года,2022-10-06,2026-10-06,ловушка: экс-дата −1 день,205,1.02444,-0.00114,0.06376,0.05499,0.55976,0.74817,0.28609,0.20894,2022-10-07,2026-10-06
T,4 года,2022-10-06,2026-10-06,без поправки на паузу (разрывы не исключены),206,1.02948,-0.0011,0.06237,0.05455,0.57186,0.75622,0.28375,0.20843,2022-10-07,2026-10-06
T,после редомициляции (с 18.03.2024),2024-03-18,2026-10-06,"ПРАВИЛО: TR→MCFTR, недели ISO",133,1.02039,0.00101,0.0533,0.04548,0.73666,0.85829,0.27798,0.23382,2024-03-29,2026-10-06
T,после редомициляции (с 18.03.2024),2024-03-18,2026-10-06,"TR→MCFTR, недели по средам",132,1.00672,0.0007,0.05604,0.0576,0.71287,0.84432,0.29555,0.24787,2024-03-27,2026-10-06
T,после редомициляции (с 18.03.2024),2024-03-18,2026-10-06,"TR→MCFTR, месяцы",32,0.99002,0.00438,0.13627,0.07914,0.63762,0.79851,0.23927,0.19298,2024-03-29,2026-10-06
T,после редомициляции (с 18.03.2024),2024-03-18,2026-10-06,TR (CLOSE вместо LEGALCLOSE)→MCFTR,133,1.09691,0.00124,0.05866,0.05333,0.72749,0.85293,0.3007,0.23382,2024-03-29,2026-10-06
T,после редомициляции (с 18.03.2024),2024-03-18,2026-10-06,цена→MCFTR (без дивидендов),133,1.02427,0.00017,0.05401,0.04917,0.73303,0.85617,0.27973,0.23382,2024-03-29,2026-10-06
T,после редомициляции (с 18.03.2024),2024-03-18,2026-10-06,цена→IMOEX,133,1.04898,0.00205,0.05796,0.05422,0.71433,0.84518,0.27973,0.22538,2024-03-29,2026-10-06
T,после редомициляции (с 18.03.2024),2024-03-18,2026-10-06,TR→MOEXFN (ценовой отраслевой),133,1.06122,0.00201,0.05652,0.07028,0.72911,0.85388,0.27798,0.22367,2024-03-29,2026-10-06
T,после редомициляции (с 18.03.2024),2024-03-18,2026-10-06,ловушка: экс-дата +1 день,133,1.01884,0.00101,0.0535,0.04559,0.73466,0.85712,0.27793,0.23382,2024-03-29,2026-10-06
T,после редомициляции (с 18.03.2024),2024-03-18,2026-10-06,ловушка: экс-дата −1 день,133,1.0141,0.001,0.05611,0.04567,0.71379,0.84486,0.28066,0.23382,2024-03-29,2026-10-06
T,после редомициляции (с 18.03.2024),2024-03-18,2026-10-06,без поправки на паузу (разрывы не исключены),134,1.02056,0.00107,0.05314,0.04547,0.73644,0.85816,0.27703,0.23294,2024-03-22,2026-10-06
T,код T (с 28.11.2024),2024-11-28,2026-10-06,"ПРАВИЛО: TR→MCFTR, недели ISO",98,1.00526,0.00164,0.05358,0.04055,0.78569,0.88639,0.28118,0.24793,2024-11-29,2026-10-06
T,код T (с 28.11.2024),2024-11-28,2026-10-06,"TR→MCFTR, недели по средам",96,0.99572,0.00155,0.05582,0.05886,0.77197,0.87862,0.29459,0.25994,2024-12-04,2026-10-06
T,код T (с 28.11.2024),2024-11-28,2026-10-06,"TR→MCFTR, месяцы",24,0.92603,0.00892,0.15806,0.10358,0.60941,0.78065,0.21418,0.18056,2024-11-29,2026-10-06
T,код T (с 28.11.2024),2024-11-28,2026-10-06,TR (CLOSE вместо LEGALCLOSE)→MCFTR,98,1.08793,0.00172,0.0585,0.04536,0.78271,0.88471,0.30488,0.24793,2024-11-29,2026-10-06
T,код T (с 28.11.2024),2024-11-28,2026-10-06,цена→MCFTR (без дивидендов),98,1.01147,0.00049,0.05484,0.0463,0.77994,0.88314,0.28395,0.24793,2024-11-29,2026-10-06
T,код T (с 28.11.2024),2024-11-28,2026-10-06,цена→IMOEX,98,1.0499,0.00232,0.06017,0.05343,0.76029,0.87194,0.28395,0.23582,2024-11-29,2026-10-06
T,код T (с 28.11.2024),2024-11-28,2026-10-06,TR→MOEXFN (ценовой отраслевой),98,1.03804,0.00275,0.06715,0.08591,0.7134,0.84463,0.28118,0.22879,2024-11-29,2026-10-06
T,код T (с 28.11.2024),2024-11-28,2026-10-06,ловушка: экс-дата +1 день,98,1.00338,0.00164,0.05389,0.04077,0.7831,0.88493,0.28111,0.24793,2024-11-29,2026-10-06
T,код T (с 28.11.2024),2024-11-28,2026-10-06,ловушка: экс-дата −1 день,98,1.01613,0.00125,0.05641,0.04347,0.7717,0.87847,0.28678,0.24793,2024-11-29,2026-10-06
T,код T (с 28.11.2024),2024-11-28,2026-10-06,без поправки на паузу (разрывы не исключены),98,1.00526,0.00164,0.05358,0.04055,0.78569,0.88639,0.28118,0.24793,2024-11-29,2026-10-06
T,после дробления (с 17.04.2026),2026-04-17,2026-10-06,"ПРАВИЛО: TR→MCFTR, недели ISO",25,1.02342,-0.00196,0.0813,0.03875,0.87326,0.93448,0.33899,0.30953,2026-04-24,2026-10-06
T,после дробления (с 17.04.2026),2026-04-17,2026-10-06,"TR→MCFTR, недели по средам",24,0.98063,-0.0018,0.09773,0.09266,0.82067,0.90591,0.30722,0.28381,2026-04-29,2026-10-06
T,после дробления (с 17.04.2026),2026-04-17,2026-10-06,TR (CLOSE вместо LEGALCLOSE)→MCFTR,25,1.15472,-0.00138,0.09146,0.04984,0.8739,0.93482,0.38234,0.30953,2026-04-24,2026-10-06
T,после дробления (с 17.04.2026),2026-04-17,2026-10-06,цена→MCFTR (без дивидендов),25,1.04992,-0.00306,0.08318,0.05461,0.87385,0.9348,0.34765,0.30953,2026-04-24,2026-10-06
T,после дробления (с 17.04.2026),2026-04-17,2026-10-06,цена→IMOEX,25,1.1292,9e-05,0.09632,0.07225,0.85664,0.92555,0.34765,0.28495,2026-04-24,2026-10-06
T,после дробления (с 17.04.2026),2026-04-17,2026-10-06,TR→MOEXFN (ценовой отраслевой),25,1.29868,0.00342,0.16224,0.17704,0.73587,0.85783,0.33899,0.22392,2026-04-24,2026-10-06
T,после дробления (с 17.04.2026),2026-04-17,2026-10-06,ловушка: экс-дата +1 день,25,1.02379,-0.00197,0.08134,0.039,0.87322,0.93446,0.33912,0.30953,2026-04-24,2026-10-06
T,после дробления (с 17.04.2026),2026-04-17,2026-10-06,ловушка: экс-дата −1 день,25,1.06126,-0.00176,0.09309,0.0613,0.84964,0.92176,0.35638,0.30953,2026-04-24,2026-10-06
T,после дробления (с 17.04.2026),2026-04-17,2026-10-06,без поправки на паузу (разрывы не исключены),25,1.02342,-0.00196,0.0813,0.03875,0.87326,0.93448,0.33899,0.30953,2026-04-24,2026-10-06
