form_date,epoch,row_kind,chapter,active_passive,code,enum_name,opening_th_rub,closing_th_rub,sha256
2019-01-01,full_5digit,derived,,,interbank_placed,,,11147394.0,3f8ad1540db62b542478290fb4614659314aa8dbb5324fbae9fff1865e4600f4
2019-01-01,full_5digit,derived,,,loans_business_broad,,,24528326.0,3f8ad1540db62b542478290fb4614659314aa8dbb5324fbae9fff1865e4600f4
2019-01-01,full_5digit,derived,,,loans_fl_gross,,,205772866.0,3f8ad1540db62b542478290fb4614659314aa8dbb5324fbae9fff1865e4600f4
2019-01-01,full_5digit,derived,,,securities_debt_501_505,,,102637433.0,3f8ad1540db62b542478290fb4614659314aa8dbb5324fbae9fff1865e4600f4
2019-02-01,full_5digit,derived,,,interbank_placed,,,5659444.0,80a101d08aa172c86456e2b4f431f0fc5c8e6d0c5815438b782211ab745a1f5d
2019-02-01,full_5digit,derived,,,loans_business_broad,,,21179898.0,80a101d08aa172c86456e2b4f431f0fc5c8e6d0c5815438b782211ab745a1f5d
2019-02-01,full_5digit,derived,,,loans_fl_gross,,,219613370.0,80a101d08aa172c86456e2b4f431f0fc5c8e6d0c5815438b782211ab745a1f5d
2019-02-01,full_5digit,derived,,,securities_debt_501_505,,,100970940.0,80a101d08aa172c86456e2b4f431f0fc5c8e6d0c5815438b782211ab745a1f5d
2019-03-01,full_5digit,derived,,,interbank_placed,,,6599317.0,0924c1e7bcf9fe10bbf047960becbbadf1febf7bb070e10f7e155e84740b21fe
2019-03-01,full_5digit,derived,,,loans_business_broad,,,20274551.0,0924c1e7bcf9fe10bbf047960becbbadf1febf7bb070e10f7e155e84740b21fe
2019-03-01,full_5digit,derived,,,loans_fl_gross,,,230932766.0,0924c1e7bcf9fe10bbf047960becbbadf1febf7bb070e10f7e155e84740b21fe
2019-03-01,full_5digit,derived,,,securities_debt_501_505,,,102912696.0,0924c1e7bcf9fe10bbf047960becbbadf1febf7bb070e10f7e155e84740b21fe
2019-04-01,full_5digit,derived,,,interbank_placed,,,5467644.0,d69ee4ea4bd9b1103849a83d5e2680c7050f178071793e6bad2ded57cbfa1099
2019-04-01,full_5digit,derived,,,loans_business_broad,,,24061769.0,d69ee4ea4bd9b1103849a83d5e2680c7050f178071793e6bad2ded57cbfa1099
2019-04-01,full_5digit,derived,,,loans_fl_gross,,,249464250.0,d69ee4ea4bd9b1103849a83d5e2680c7050f178071793e6bad2ded57cbfa1099
2019-04-01,full_5digit,derived,,,securities_debt_501_505,,,94656919.0,d69ee4ea4bd9b1103849a83d5e2680c7050f178071793e6bad2ded57cbfa1099
2019-05-01,full_5digit,derived,,,interbank_placed,,,3213342.0,74ea0ffe1c6c438ec4d091ac9208f4ff3026fd7b0549aa0a74dc933fb7ebb004
2019-05-01,full_5digit,derived,,,loans_business_broad,,,22063050.0,74ea0ffe1c6c438ec4d091ac9208f4ff3026fd7b0549aa0a74dc933fb7ebb004
2019-05-01,full_5digit,derived,,,loans_fl_gross,,,264941697.0,74ea0ffe1c6c438ec4d091ac9208f4ff3026fd7b0549aa0a74dc933fb7ebb004
2019-05-01,full_5digit,derived,,,securities_debt_501_505,,,96671604.0,74ea0ffe1c6c438ec4d091ac9208f4ff3026fd7b0549aa0a74dc933fb7ebb004
2019-06-01,full_5digit,derived,,,interbank_placed,,,0.0,cf31fdb9e09e3833ff748e2e15fd6609f232039c755ac6d994e9864febe43161
2019-06-01,full_5digit,derived,,,loans_business_broad,,,22324213.0,cf31fdb9e09e3833ff748e2e15fd6609f232039c755ac6d994e9864febe43161
2019-06-01,full_5digit,derived,,,loans_fl_gross,,,281556718.0,cf31fdb9e09e3833ff748e2e15fd6609f232039c755ac6d994e9864febe43161
2019-06-01,full_5digit,derived,,,securities_debt_501_505,,,94740537.0,cf31fdb9e09e3833ff748e2e15fd6609f232039c755ac6d994e9864febe43161
2019-07-01,full_5digit,derived,,,interbank_placed,,,220764.0,4ec23ef772d1258a3722281abcf6bf56f7414f9a41a6aee7112ed1fbdc3edad6
2019-07-01,full_5digit,derived,,,loans_business_broad,,,22797692.0,4ec23ef772d1258a3722281abcf6bf56f7414f9a41a6aee7112ed1fbdc3edad6
2019-07-01,full_5digit,derived,,,loans_fl_gross,,,297579020.0,4ec23ef772d1258a3722281abcf6bf56f7414f9a41a6aee7112ed1fbdc3edad6
2019-07-01,full_5digit,derived,,,securities_debt_501_505,,,92861317.0,4ec23ef772d1258a3722281abcf6bf56f7414f9a41a6aee7112ed1fbdc3edad6
2019-08-01,full_5digit,derived,,,interbank_placed,,,5109219.0,bed46105bc8d594609e0be9cbfe07188a450a54e59efcfcfc614b1a05d6b805f
2019-08-01,full_5digit,derived,,,loans_business_broad,,,15304030.0,bed46105bc8d594609e0be9cbfe07188a450a54e59efcfcfc614b1a05d6b805f
2019-08-01,full_5digit,derived,,,loans_fl_gross,,,310105753.0,bed46105bc8d594609e0be9cbfe07188a450a54e59efcfcfc614b1a05d6b805f
2019-08-01,full_5digit,derived,,,securities_debt_501_505,,,91169658.0,bed46105bc8d594609e0be9cbfe07188a450a54e59efcfcfc614b1a05d6b805f
2019-09-01,full_5digit,derived,,,interbank_placed,,,2822501.0,d93b66abca75dfdb2b15c054b4de32d6db9f3bc1f29fb1580f87707e679d0dd1
2019-09-01,full_5digit,derived,,,loans_business_broad,,,15390450.0,d93b66abca75dfdb2b15c054b4de32d6db9f3bc1f29fb1580f87707e679d0dd1
2019-09-01,full_5digit,derived,,,loans_fl_gross,,,320531465.0,d93b66abca75dfdb2b15c054b4de32d6db9f3bc1f29fb1580f87707e679d0dd1
2019-09-01,full_5digit,derived,,,securities_debt_501_505,,,94500154.0,d93b66abca75dfdb2b15c054b4de32d6db9f3bc1f29fb1580f87707e679d0dd1
2019-10-01,full_5digit,derived,,,interbank_placed,,,14212342.0,953c3d848f13dbc5ed324ab86e31a0646538485effa96927a9bc5ce0fcc2cd45
2019-10-01,full_5digit,derived,,,loans_business_broad,,,15638592.0,953c3d848f13dbc5ed324ab86e31a0646538485effa96927a9bc5ce0fcc2cd45
2019-10-01,full_5digit,derived,,,loans_fl_gross,,,327972508.0,953c3d848f13dbc5ed324ab86e31a0646538485effa96927a9bc5ce0fcc2cd45
2019-10-01,full_5digit,derived,,,securities_debt_501_505,,,94613306.0,953c3d848f13dbc5ed324ab86e31a0646538485effa96927a9bc5ce0fcc2cd45
2019-11-01,full_5digit,derived,,,interbank_placed,,,12056620.0,60cf371727111865b5a898e275817ae77735805c030b52b2f4a9464be763f96c
2019-11-01,full_5digit,derived,,,loans_business_broad,,,8355340.0,60cf371727111865b5a898e275817ae77735805c030b52b2f4a9464be763f96c
2019-11-01,full_5digit,derived,,,loans_fl_gross,,,332055910.0,60cf371727111865b5a898e275817ae77735805c030b52b2f4a9464be763f96c
2019-11-01,full_5digit,derived,,,securities_debt_501_505,,,109213920.0,60cf371727111865b5a898e275817ae77735805c030b52b2f4a9464be763f96c
2019-12-01,full_5digit,derived,,,interbank_placed,,,9738276.0,946d0e439fcc1724dc5a4ba7b843b44d6690ec8d0e5b5b1e261ad11c73db766d
2019-12-01,full_5digit,derived,,,loans_business_broad,,,8785232.0,946d0e439fcc1724dc5a4ba7b843b44d6690ec8d0e5b5b1e261ad11c73db766d
2019-12-01,full_5digit,derived,,,loans_fl_gross,,,336064726.0,946d0e439fcc1724dc5a4ba7b843b44d6690ec8d0e5b5b1e261ad11c73db766d
2019-12-01,full_5digit,derived,,,securities_debt_501_505,,,120395771.0,946d0e439fcc1724dc5a4ba7b843b44d6690ec8d0e5b5b1e261ad11c73db766d
2020-01-01,full_5digit,derived,,,interbank_placed,,,19612927.0,633e0c2e73aad9cf9276dd87d001be003829c4bf058884df46acc2a57fe56508
2020-01-01,full_5digit,derived,,,loans_business_broad,,,9384689.0,633e0c2e73aad9cf9276dd87d001be003829c4bf058884df46acc2a57fe56508
2020-01-01,full_5digit,derived,,,loans_fl_gross,,,337651658.0,633e0c2e73aad9cf9276dd87d001be003829c4bf058884df46acc2a57fe56508
2020-01-01,full_5digit,derived,,,securities_debt_501_505,,,132343058.0,633e0c2e73aad9cf9276dd87d001be003829c4bf058884df46acc2a57fe56508
2020-02-01,full_5digit,derived,,,interbank_placed,,,13104726.0,fff8fc7a69df5dbc5c1f1172d9e5a5a33925b2107f61f1e29509a61f398d100e
2020-02-01,full_5digit,derived,,,loans_business_broad,,,9671217.0,fff8fc7a69df5dbc5c1f1172d9e5a5a33925b2107f61f1e29509a61f398d100e
2020-02-01,full_5digit,derived,,,loans_fl_gross,,,342391308.0,fff8fc7a69df5dbc5c1f1172d9e5a5a33925b2107f61f1e29509a61f398d100e
2020-02-01,full_5digit,derived,,,securities_debt_501_505,,,133299918.0,fff8fc7a69df5dbc5c1f1172d9e5a5a33925b2107f61f1e29509a61f398d100e
2020-03-01,full_5digit,derived,,,interbank_placed,,,10612567.0,8d0351d3edb5088dcbe083758cce48a225ac1af20a4bda9ef50b8e3472ee9e8f
2020-03-01,full_5digit,derived,,,loans_business_broad,,,10301634.0,8d0351d3edb5088dcbe083758cce48a225ac1af20a4bda9ef50b8e3472ee9e8f
2020-03-01,full_5digit,derived,,,loans_fl_gross,,,345378740.0,8d0351d3edb5088dcbe083758cce48a225ac1af20a4bda9ef50b8e3472ee9e8f
2020-03-01,full_5digit,derived,,,securities_debt_501_505,,,154286384.0,8d0351d3edb5088dcbe083758cce48a225ac1af20a4bda9ef50b8e3472ee9e8f
2020-04-01,full_5digit,derived,,,interbank_placed,,,14960147.0,e3a5c0dc852b07795540f2bc2be421d5cb9b49daee85b7336275724bb7961b0b
2020-04-01,full_5digit,derived,,,loans_business_broad,,,10834132.0,e3a5c0dc852b07795540f2bc2be421d5cb9b49daee85b7336275724bb7961b0b
2020-04-01,full_5digit,derived,,,loans_fl_gross,,,349052465.0,e3a5c0dc852b07795540f2bc2be421d5cb9b49daee85b7336275724bb7961b0b
2020-04-01,full_5digit,derived,,,securities_debt_501_505,,,145947493.0,e3a5c0dc852b07795540f2bc2be421d5cb9b49daee85b7336275724bb7961b0b
2020-05-01,full_5digit,derived,,,interbank_placed,,,10965576.0,e83558434ae46ae111bf8de4839cca54cd7b1186e165bf80cb76912d224048c5
2020-05-01,full_5digit,derived,,,loans_business_broad,,,10854020.0,e83558434ae46ae111bf8de4839cca54cd7b1186e165bf80cb76912d224048c5
2020-05-01,full_5digit,derived,,,loans_fl_gross,,,340251883.0,e83558434ae46ae111bf8de4839cca54cd7b1186e165bf80cb76912d224048c5
2020-05-01,full_5digit,derived,,,securities_debt_501_505,,,174922988.0,e83558434ae46ae111bf8de4839cca54cd7b1186e165bf80cb76912d224048c5
2020-06-01,full_5digit,derived,,,interbank_placed,,,11126544.0,2967c1e384e6dd0e76abb7a38ac6df023221724e423fdfe67de0ac6d168b7cb5
2020-06-01,full_5digit,derived,,,loans_business_broad,,,10710801.0,2967c1e384e6dd0e76abb7a38ac6df023221724e423fdfe67de0ac6d168b7cb5
2020-06-01,full_5digit,derived,,,loans_fl_gross,,,335710757.0,2967c1e384e6dd0e76abb7a38ac6df023221724e423fdfe67de0ac6d168b7cb5
2020-06-01,full_5digit,derived,,,securities_debt_501_505,,,200203726.0,2967c1e384e6dd0e76abb7a38ac6df023221724e423fdfe67de0ac6d168b7cb5
2020-07-01,full_5digit,derived,,,interbank_placed,,,11576102.0,61b352ef349a1c5de918536e3e7965ea5ec70b9b9fb8338773ab2966ca597456
2020-07-01,full_5digit,derived,,,loans_business_broad,,,11119472.0,61b352ef349a1c5de918536e3e7965ea5ec70b9b9fb8338773ab2966ca597456
2020-07-01,full_5digit,derived,,,loans_fl_gross,,,337260558.0,61b352ef349a1c5de918536e3e7965ea5ec70b9b9fb8338773ab2966ca597456
2020-07-01,full_5digit,derived,,,securities_debt_501_505,,,212317916.0,61b352ef349a1c5de918536e3e7965ea5ec70b9b9fb8338773ab2966ca597456
2020-08-01,full_5digit,derived,,,interbank_placed,,,8723763.0,6ab1a1d6189e68c9167dbd764841ba9ecaa746396929507c087f14a3151d4595
2020-08-01,full_5digit,derived,,,loans_business_broad,,,12260783.0,6ab1a1d6189e68c9167dbd764841ba9ecaa746396929507c087f14a3151d4595
2020-08-01,full_5digit,derived,,,loans_fl_gross,,,340631083.0,6ab1a1d6189e68c9167dbd764841ba9ecaa746396929507c087f14a3151d4595
2020-08-01,full_5digit,derived,,,securities_debt_501_505,,,238840525.0,6ab1a1d6189e68c9167dbd764841ba9ecaa746396929507c087f14a3151d4595
2020-09-01,full_5digit,derived,,,interbank_placed,,,17393230.0,dabc20a06741df1ac910c79e1dafd5b84c3710bfd0dbd68a0a47a21d4625428e
2020-09-01,full_5digit,derived,,,loans_business_broad,,,13036366.0,dabc20a06741df1ac910c79e1dafd5b84c3710bfd0dbd68a0a47a21d4625428e
2020-09-01,full_5digit,derived,,,loans_fl_gross,,,344975601.0,dabc20a06741df1ac910c79e1dafd5b84c3710bfd0dbd68a0a47a21d4625428e
2020-09-01,full_5digit,derived,,,securities_debt_501_505,,,232710595.0,dabc20a06741df1ac910c79e1dafd5b84c3710bfd0dbd68a0a47a21d4625428e
2020-10-01,full_5digit,derived,,,interbank_placed,,,11147931.0,c5605afb2cfd187c5cb4b6f55295240950e9c2035c3f6eb7c8417fa361976781
2020-10-01,full_5digit,derived,,,loans_business_broad,,,13582806.0,c5605afb2cfd187c5cb4b6f55295240950e9c2035c3f6eb7c8417fa361976781
2020-10-01,full_5digit,derived,,,loans_fl_gross,,,351646015.0,c5605afb2cfd187c5cb4b6f55295240950e9c2035c3f6eb7c8417fa361976781
2020-10-01,full_5digit,derived,,,securities_debt_501_505,,,236878335.0,c5605afb2cfd187c5cb4b6f55295240950e9c2035c3f6eb7c8417fa361976781
2020-11-01,full_5digit,derived,,,interbank_placed,,,37473780.0,a559992f6ecc939668db064f13f2dff57764cc160e5f51760ba9b32c7c7989cc
2020-11-01,full_5digit,derived,,,loans_business_broad,,,14910455.0,a559992f6ecc939668db064f13f2dff57764cc160e5f51760ba9b32c7c7989cc
2020-11-01,full_5digit,derived,,,loans_fl_gross,,,357778186.0,a559992f6ecc939668db064f13f2dff57764cc160e5f51760ba9b32c7c7989cc
2020-11-01,full_5digit,derived,,,securities_debt_501_505,,,229640415.0,a559992f6ecc939668db064f13f2dff57764cc160e5f51760ba9b32c7c7989cc
2020-12-01,full_5digit,derived,,,interbank_placed,,,36915093.0,9297895ee13ea27882ff28aa201b3d1ef73f149214f2fbffef6546827d256ed6
2020-12-01,full_5digit,derived,,,loans_business_broad,,,16212913.0,9297895ee13ea27882ff28aa201b3d1ef73f149214f2fbffef6546827d256ed6
2020-12-01,full_5digit,derived,,,loans_fl_gross,,,368793103.0,9297895ee13ea27882ff28aa201b3d1ef73f149214f2fbffef6546827d256ed6
2020-12-01,full_5digit,derived,,,securities_debt_501_505,,,233759262.0,9297895ee13ea27882ff28aa201b3d1ef73f149214f2fbffef6546827d256ed6
2021-01-01,full_5digit,derived,,,interbank_placed,,,52860778.0,7afa69d5cfb7b770bfb3af631fc6343b106c2cb140cc6aa4188e1f51fe423735
2021-01-01,full_5digit,derived,,,loans_business_broad,,,18220744.0,7afa69d5cfb7b770bfb3af631fc6343b106c2cb140cc6aa4188e1f51fe423735
2021-01-01,full_5digit,derived,,,loans_fl_gross,,,378031215.0,7afa69d5cfb7b770bfb3af631fc6343b106c2cb140cc6aa4188e1f51fe423735
2021-01-01,full_5digit,derived,,,securities_debt_501_505,,,235774297.0,7afa69d5cfb7b770bfb3af631fc6343b106c2cb140cc6aa4188e1f51fe423735
2021-02-01,full_5digit,derived,,,interbank_placed,,,37290085.0,1efd640496e5fd969bfe28d274e514255d5d6319d5c5080766bc50b300300b14
2021-02-01,full_5digit,derived,,,loans_business_broad,,,19016358.0,1efd640496e5fd969bfe28d274e514255d5d6319d5c5080766bc50b300300b14
2021-02-01,full_5digit,derived,,,loans_fl_gross,,,390334617.0,1efd640496e5fd969bfe28d274e514255d5d6319d5c5080766bc50b300300b14
2021-02-01,full_5digit,derived,,,securities_debt_501_505,,,242725943.0,1efd640496e5fd969bfe28d274e514255d5d6319d5c5080766bc50b300300b14
2021-03-01,full_5digit,derived,,,interbank_placed,,,39347228.0,5339c844ee06c97702ae4a956a92ca2aa0f00a7e4b5964d4ec0be5091dc54f2a
2021-03-01,full_5digit,derived,,,loans_business_broad,,,20338002.0,5339c844ee06c97702ae4a956a92ca2aa0f00a7e4b5964d4ec0be5091dc54f2a
2021-03-01,full_5digit,derived,,,loans_fl_gross,,,403038288.0,5339c844ee06c97702ae4a956a92ca2aa0f00a7e4b5964d4ec0be5091dc54f2a
2021-03-01,full_5digit,derived,,,securities_debt_501_505,,,241600542.0,5339c844ee06c97702ae4a956a92ca2aa0f00a7e4b5964d4ec0be5091dc54f2a
2021-04-01,full_5digit,derived,,,interbank_placed,,,43328777.0,de06f8616fd54acad30dfe7a5f7d0a99b8d7af040c6a86b6b7458cad98e0e03e
2021-04-01,full_5digit,derived,,,loans_business_broad,,,21824861.0,de06f8616fd54acad30dfe7a5f7d0a99b8d7af040c6a86b6b7458cad98e0e03e
2021-04-01,full_5digit,derived,,,loans_fl_gross,,,424738356.0,de06f8616fd54acad30dfe7a5f7d0a99b8d7af040c6a86b6b7458cad98e0e03e
2021-04-01,full_5digit,derived,,,securities_debt_501_505,,,257137332.0,de06f8616fd54acad30dfe7a5f7d0a99b8d7af040c6a86b6b7458cad98e0e03e
2021-05-01,full_5digit,derived,,,interbank_placed,,,45088942.0,f51eb18050d6835b50f9cf84e7f30db45b426850cb91c26ea07c2cb9280ac357
2021-05-01,full_5digit,derived,,,loans_business_broad,,,23952783.0,f51eb18050d6835b50f9cf84e7f30db45b426850cb91c26ea07c2cb9280ac357
2021-05-01,full_5digit,derived,,,loans_fl_gross,,,448297881.0,f51eb18050d6835b50f9cf84e7f30db45b426850cb91c26ea07c2cb9280ac357
2021-05-01,full_5digit,derived,,,securities_debt_501_505,,,252797784.0,f51eb18050d6835b50f9cf84e7f30db45b426850cb91c26ea07c2cb9280ac357
2021-06-01,full_5digit,derived,,,interbank_placed,,,42096240.0,99e263e7e0c7148e0fa3c72d86db019e4602b48ea1b1691ea15dfcdff9be4ee2
2021-06-01,full_5digit,derived,,,loans_business_broad,,,25373679.0,99e263e7e0c7148e0fa3c72d86db019e4602b48ea1b1691ea15dfcdff9be4ee2
2021-06-01,full_5digit,derived,,,loans_fl_gross,,,476914170.0,99e263e7e0c7148e0fa3c72d86db019e4602b48ea1b1691ea15dfcdff9be4ee2
2021-06-01,full_5digit,derived,,,securities_debt_501_505,,,250871551.0,99e263e7e0c7148e0fa3c72d86db019e4602b48ea1b1691ea15dfcdff9be4ee2
2021-07-01,full_5digit,derived,,,interbank_placed,,,35801049.0,b935a2619d631c72a8a21c8cbb8bb3a985d7617832c9d613be9ac66bf27e980c
2021-07-01,full_5digit,derived,,,loans_business_broad,,,27669881.0,b935a2619d631c72a8a21c8cbb8bb3a985d7617832c9d613be9ac66bf27e980c
2021-07-01,full_5digit,derived,,,loans_fl_gross,,,497960659.0,b935a2619d631c72a8a21c8cbb8bb3a985d7617832c9d613be9ac66bf27e980c
2021-07-01,full_5digit,derived,,,securities_debt_501_505,,,233116324.0,b935a2619d631c72a8a21c8cbb8bb3a985d7617832c9d613be9ac66bf27e980c
2021-08-01,full_5digit,derived,,,interbank_placed,,,33055684.0,9fb4851074b7fec3b2fd14ba1a07d7249174b9b3f965de9a6dcc7c780b847223
2021-08-01,full_5digit,derived,,,loans_business_broad,,,29315216.0,9fb4851074b7fec3b2fd14ba1a07d7249174b9b3f965de9a6dcc7c780b847223
2021-08-01,full_5digit,derived,,,loans_fl_gross,,,504963700.0,9fb4851074b7fec3b2fd14ba1a07d7249174b9b3f965de9a6dcc7c780b847223
2021-08-01,full_5digit,derived,,,securities_debt_501_505,,,225452190.0,9fb4851074b7fec3b2fd14ba1a07d7249174b9b3f965de9a6dcc7c780b847223
2021-09-01,full_5digit,derived,,,interbank_placed,,,52112891.0,4fcd7f33847e66e1b3a58d9024fb9f1fe70201f6abb2a5f82b28ff950b85d763
2021-09-01,full_5digit,derived,,,loans_business_broad,,,26272137.0,4fcd7f33847e66e1b3a58d9024fb9f1fe70201f6abb2a5f82b28ff950b85d763
2021-09-01,full_5digit,derived,,,loans_fl_gross,,,522841622.0,4fcd7f33847e66e1b3a58d9024fb9f1fe70201f6abb2a5f82b28ff950b85d763
2021-09-01,full_5digit,derived,,,securities_debt_501_505,,,227499785.0,4fcd7f33847e66e1b3a58d9024fb9f1fe70201f6abb2a5f82b28ff950b85d763
2021-10-01,full_5digit,derived,,,interbank_placed,,,103776265.0,179bd01bec05a527211a494d3da98fddcba4ced8699aeed825c4c9e34e53417e
2021-10-01,full_5digit,derived,,,loans_business_broad,,,28300357.0,179bd01bec05a527211a494d3da98fddcba4ced8699aeed825c4c9e34e53417e
2021-10-01,full_5digit,derived,,,loans_fl_gross,,,534923533.0,179bd01bec05a527211a494d3da98fddcba4ced8699aeed825c4c9e34e53417e
2021-10-01,full_5digit,derived,,,securities_debt_501_505,,,230331484.0,179bd01bec05a527211a494d3da98fddcba4ced8699aeed825c4c9e34e53417e
2021-11-01,full_5digit,derived,,,interbank_placed,,,107263049.0,10555ca8e3fb24c027ce50562580db41754bca06f9d627b27c1b2088e9227327
2021-11-01,full_5digit,derived,,,loans_business_broad,,,31311483.0,10555ca8e3fb24c027ce50562580db41754bca06f9d627b27c1b2088e9227327
2021-11-01,full_5digit,derived,,,loans_fl_gross,,,545680000.0,10555ca8e3fb24c027ce50562580db41754bca06f9d627b27c1b2088e9227327
2021-11-01,full_5digit,derived,,,securities_debt_501_505,,,229521556.0,10555ca8e3fb24c027ce50562580db41754bca06f9d627b27c1b2088e9227327
2021-12-01,full_5digit,derived,,,interbank_placed,,,132870461.0,5a830df062af21cf38c6388a8b91d86cba6989d99460613e823c90f3c982952a
2021-12-01,full_5digit,derived,,,loans_business_broad,,,34789826.0,5a830df062af21cf38c6388a8b91d86cba6989d99460613e823c90f3c982952a
2021-12-01,full_5digit,derived,,,loans_fl_gross,,,562140135.0,5a830df062af21cf38c6388a8b91d86cba6989d99460613e823c90f3c982952a
2021-12-01,full_5digit,derived,,,securities_debt_501_505,,,234353335.0,5a830df062af21cf38c6388a8b91d86cba6989d99460613e823c90f3c982952a
2022-01-01,full_5digit,derived,,,interbank_placed,,,183444710.0,1aeb7fc91ce4e3e222df6a906feaefc1f5f48cee46266177d3a9e7714af428b4
2022-01-01,full_5digit,derived,,,loans_business_broad,,,37771358.0,1aeb7fc91ce4e3e222df6a906feaefc1f5f48cee46266177d3a9e7714af428b4
2022-01-01,full_5digit,derived,,,loans_fl_gross,,,574643135.0,1aeb7fc91ce4e3e222df6a906feaefc1f5f48cee46266177d3a9e7714af428b4
2022-01-01,full_5digit,derived,,,securities_debt_501_505,,,233864979.0,1aeb7fc91ce4e3e222df6a906feaefc1f5f48cee46266177d3a9e7714af428b4
2022-02-01,full_5digit,derived,,,interbank_placed,,,195671734.0,00e07c57150c40a7ddeefd347b60ea02eea51f5be3b023da49b4493252f043f7
2022-02-01,full_5digit,derived,,,loans_business_broad,,,38906547.0,00e07c57150c40a7ddeefd347b60ea02eea51f5be3b023da49b4493252f043f7
2022-02-01,full_5digit,derived,,,loans_fl_gross,,,586113147.0,00e07c57150c40a7ddeefd347b60ea02eea51f5be3b023da49b4493252f043f7
2022-02-01,full_5digit,derived,,,securities_debt_501_505,,,234516766.0,00e07c57150c40a7ddeefd347b60ea02eea51f5be3b023da49b4493252f043f7
2023-06-01,aggregated_2023+,derived,,,interbank_placed,,,284204426.0,b695e0a4e4f4c60945eb26ccb406c7f188c01c4ee5e72542c939264f718dfd12
2023-06-01,aggregated_2023+,derived,,,loans_business_broad,,,29196315.0,b695e0a4e4f4c60945eb26ccb406c7f188c01c4ee5e72542c939264f718dfd12
2023-06-01,aggregated_2023+,derived,,,loans_fl_gross,,,751536522.0,b695e0a4e4f4c60945eb26ccb406c7f188c01c4ee5e72542c939264f718dfd12
2023-06-01,aggregated_2023+,derived,,,securities_debt_501_505,,,346916675.0,b695e0a4e4f4c60945eb26ccb406c7f188c01c4ee5e72542c939264f718dfd12
2023-07-01,aggregated_2023+,derived,,,interbank_placed,,,296999668.0,6b0f7fa8c45cc26dbe1ff9b60fb0c84d3652fdea85c1f249f2d3138fa72a0250
2023-07-01,aggregated_2023+,derived,,,loans_business_broad,,,30544848.0,6b0f7fa8c45cc26dbe1ff9b60fb0c84d3652fdea85c1f249f2d3138fa72a0250
2023-07-01,aggregated_2023+,derived,,,loans_fl_gross,,,778214101.0,6b0f7fa8c45cc26dbe1ff9b60fb0c84d3652fdea85c1f249f2d3138fa72a0250
2023-07-01,aggregated_2023+,derived,,,securities_debt_501_505,,,352848613.0,6b0f7fa8c45cc26dbe1ff9b60fb0c84d3652fdea85c1f249f2d3138fa72a0250
2023-08-01,aggregated_2023+,derived,,,interbank_placed,,,297913596.0,a188b187bf8e903d2a7d92a2c2becddd5dc4b76de78888a5311eae5814728b7f
2023-08-01,aggregated_2023+,derived,,,loans_business_broad,,,33257337.0,a188b187bf8e903d2a7d92a2c2becddd5dc4b76de78888a5311eae5814728b7f
2023-08-01,aggregated_2023+,derived,,,loans_fl_gross,,,805535144.0,a188b187bf8e903d2a7d92a2c2becddd5dc4b76de78888a5311eae5814728b7f
2023-08-01,aggregated_2023+,derived,,,securities_debt_501_505,,,356245496.0,a188b187bf8e903d2a7d92a2c2becddd5dc4b76de78888a5311eae5814728b7f
2023-09-01,aggregated_2023+,derived,,,interbank_placed,,,293842612.0,4dd268228000c15f6c598677eebf1331af787ea3e503de4546c7bbcdf81eebe6
2023-09-01,aggregated_2023+,derived,,,loans_business_broad,,,37299941.0,4dd268228000c15f6c598677eebf1331af787ea3e503de4546c7bbcdf81eebe6
2023-09-01,aggregated_2023+,derived,,,loans_fl_gross,,,840642464.0,4dd268228000c15f6c598677eebf1331af787ea3e503de4546c7bbcdf81eebe6
2023-09-01,aggregated_2023+,derived,,,securities_debt_501_505,,,361102023.0,4dd268228000c15f6c598677eebf1331af787ea3e503de4546c7bbcdf81eebe6
2023-10-01,aggregated_2023+,derived,,,interbank_placed,,,315145168.0,cd0f48a189074c413b0c852dd4ea46a4e0a3926b95dcd00011bc6e3a56fa4c73
2023-10-01,aggregated_2023+,derived,,,loans_business_broad,,,41388155.0,cd0f48a189074c413b0c852dd4ea46a4e0a3926b95dcd00011bc6e3a56fa4c73
2023-10-01,aggregated_2023+,derived,,,loans_fl_gross,,,874181423.0,cd0f48a189074c413b0c852dd4ea46a4e0a3926b95dcd00011bc6e3a56fa4c73
2023-10-01,aggregated_2023+,derived,,,securities_debt_501_505,,,348463715.0,cd0f48a189074c413b0c852dd4ea46a4e0a3926b95dcd00011bc6e3a56fa4c73
2023-11-01,aggregated_2023+,derived,,,interbank_placed,,,327981899.0,59e59852977956e6839f5c5d238587d72bd93920606d186b904d8fa9b86bf714
2023-11-01,aggregated_2023+,derived,,,loans_business_broad,,,50130850.0,59e59852977956e6839f5c5d238587d72bd93920606d186b904d8fa9b86bf714
2023-11-01,aggregated_2023+,derived,,,loans_fl_gross,,,905531425.0,59e59852977956e6839f5c5d238587d72bd93920606d186b904d8fa9b86bf714
2023-11-01,aggregated_2023+,derived,,,securities_debt_501_505,,,341980368.0,59e59852977956e6839f5c5d238587d72bd93920606d186b904d8fa9b86bf714
2023-12-01,aggregated_2023+,derived,,,interbank_placed,,,361316455.0,946420b34a809bd7019c73b1357a285209fc86ad87b5fcc0216b7c2416bfec7e
2023-12-01,aggregated_2023+,derived,,,loans_business_broad,,,51216621.0,946420b34a809bd7019c73b1357a285209fc86ad87b5fcc0216b7c2416bfec7e
2023-12-01,aggregated_2023+,derived,,,loans_fl_gross,,,934777800.0,946420b34a809bd7019c73b1357a285209fc86ad87b5fcc0216b7c2416bfec7e
2023-12-01,aggregated_2023+,derived,,,securities_debt_501_505,,,365351306.0,946420b34a809bd7019c73b1357a285209fc86ad87b5fcc0216b7c2416bfec7e
2024-01-01,aggregated_2023+,derived,,,interbank_placed,,,554198354.0,e519db2579e1c38a37e586cf4bab226504cf9addb72b48487cb54bf52dd826e8
2024-01-01,aggregated_2023+,derived,,,loans_business_broad,,,53634275.0,e519db2579e1c38a37e586cf4bab226504cf9addb72b48487cb54bf52dd826e8
2024-01-01,aggregated_2023+,derived,,,loans_fl_gross,,,945207866.0,e519db2579e1c38a37e586cf4bab226504cf9addb72b48487cb54bf52dd826e8
2024-01-01,aggregated_2023+,derived,,,securities_debt_501_505,,,347837570.0,e519db2579e1c38a37e586cf4bab226504cf9addb72b48487cb54bf52dd826e8
2024-02-01,aggregated_2023+,derived,,,interbank_placed,,,521803318.0,b558c455520f0a648d4a68c19664d335b9187fabd388597bb8e707d84b7697ce
2024-02-01,aggregated_2023+,derived,,,loans_business_broad,,,55154007.0,b558c455520f0a648d4a68c19664d335b9187fabd388597bb8e707d84b7697ce
2024-02-01,aggregated_2023+,derived,,,loans_fl_gross,,,989528587.0,b558c455520f0a648d4a68c19664d335b9187fabd388597bb8e707d84b7697ce
2024-02-01,aggregated_2023+,derived,,,securities_debt_501_505,,,353098548.0,b558c455520f0a648d4a68c19664d335b9187fabd388597bb8e707d84b7697ce
2024-03-01,aggregated_2023+,derived,,,interbank_placed,,,562855158.0,d3224257e26b7612ce94ec4e50a211438e903e62b56acc09253f45074a6a9f0d
2024-03-01,aggregated_2023+,derived,,,loans_business_broad,,,59435846.0,d3224257e26b7612ce94ec4e50a211438e903e62b56acc09253f45074a6a9f0d
2024-03-01,aggregated_2023+,derived,,,loans_fl_gross,,,1017846149.0,d3224257e26b7612ce94ec4e50a211438e903e62b56acc09253f45074a6a9f0d
2024-03-01,aggregated_2023+,derived,,,securities_debt_501_505,,,357990597.0,d3224257e26b7612ce94ec4e50a211438e903e62b56acc09253f45074a6a9f0d
2024-04-01,aggregated_2023+,derived,,,interbank_placed,,,617563530.0,8e3d8b36294880f4e6d13b3ef5d2cc0f213325777d48dcbda8919621083eb27d
2024-04-01,aggregated_2023+,derived,,,loans_business_broad,,,63015497.0,8e3d8b36294880f4e6d13b3ef5d2cc0f213325777d48dcbda8919621083eb27d
2024-04-01,aggregated_2023+,derived,,,loans_fl_gross,,,1057794911.0,8e3d8b36294880f4e6d13b3ef5d2cc0f213325777d48dcbda8919621083eb27d
2024-04-01,aggregated_2023+,derived,,,securities_debt_501_505,,,360171828.0,8e3d8b36294880f4e6d13b3ef5d2cc0f213325777d48dcbda8919621083eb27d
2024-05-01,aggregated_2023+,derived,,,interbank_placed,,,639729721.0,d6f438334b13b9e9b1dab655f778aea992efd9e5bc07c03629f45d03a20be43d
2024-05-01,aggregated_2023+,derived,,,loans_business_broad,,,64019472.0,d6f438334b13b9e9b1dab655f778aea992efd9e5bc07c03629f45d03a20be43d
2024-05-01,aggregated_2023+,derived,,,loans_fl_gross,,,1089519921.0,d6f438334b13b9e9b1dab655f778aea992efd9e5bc07c03629f45d03a20be43d
2024-05-01,aggregated_2023+,derived,,,securities_debt_501_505,,,347783284.0,d6f438334b13b9e9b1dab655f778aea992efd9e5bc07c03629f45d03a20be43d
2024-06-01,aggregated_2023+,derived,,,interbank_placed,,,916974895.0,f28d1b973dcb0902118ebf02d90e817cfab9f1fa2a0ea77c9a559ee60654bde1
2024-06-01,aggregated_2023+,derived,,,loans_business_broad,,,87756715.0,f28d1b973dcb0902118ebf02d90e817cfab9f1fa2a0ea77c9a559ee60654bde1
2024-06-01,aggregated_2023+,derived,,,loans_fl_gross,,,1123507322.0,f28d1b973dcb0902118ebf02d90e817cfab9f1fa2a0ea77c9a559ee60654bde1
2024-06-01,aggregated_2023+,derived,,,securities_debt_501_505,,,349015893.0,f28d1b973dcb0902118ebf02d90e817cfab9f1fa2a0ea77c9a559ee60654bde1
2024-07-01,aggregated_2023+,derived,,,interbank_placed,,,943700765.0,892b06b64e7d9827a6959a37b78ed4878c9cfe63968fab99965a1cd853b5835e
2024-07-01,aggregated_2023+,derived,,,loans_business_broad,,,91573274.0,892b06b64e7d9827a6959a37b78ed4878c9cfe63968fab99965a1cd853b5835e
2024-07-01,aggregated_2023+,derived,,,loans_fl_gross,,,1149257264.0,892b06b64e7d9827a6959a37b78ed4878c9cfe63968fab99965a1cd853b5835e
2024-07-01,aggregated_2023+,derived,,,securities_debt_501_505,,,341168487.0,892b06b64e7d9827a6959a37b78ed4878c9cfe63968fab99965a1cd853b5835e
2024-08-01,aggregated_2023+,derived,,,interbank_placed,,,772965169.0,4652a3bb7342efa5e61d6d1c5c216ea73e615eca84efc3ace3b1ffb9d47b5e94
2024-08-01,aggregated_2023+,derived,,,loans_business_broad,,,102456410.0,4652a3bb7342efa5e61d6d1c5c216ea73e615eca84efc3ace3b1ffb9d47b5e94
2024-08-01,aggregated_2023+,derived,,,loans_fl_gross,,,1139670917.0,4652a3bb7342efa5e61d6d1c5c216ea73e615eca84efc3ace3b1ffb9d47b5e94
2024-08-01,aggregated_2023+,derived,,,securities_debt_501_505,,,341760789.0,4652a3bb7342efa5e61d6d1c5c216ea73e615eca84efc3ace3b1ffb9d47b5e94
2024-09-01,aggregated_2023+,derived,,,interbank_placed,,,818824545.0,fe6bd2ec3c4da3d00729c89543436bffa6686ce7fce32a8a5a25e8ac61ddaad0
2024-09-01,aggregated_2023+,derived,,,loans_business_broad,,,100332333.0,fe6bd2ec3c4da3d00729c89543436bffa6686ce7fce32a8a5a25e8ac61ddaad0
2024-09-01,aggregated_2023+,derived,,,loans_fl_gross,,,1154081537.0,fe6bd2ec3c4da3d00729c89543436bffa6686ce7fce32a8a5a25e8ac61ddaad0
2024-09-01,aggregated_2023+,derived,,,securities_debt_501_505,,,346485384.0,fe6bd2ec3c4da3d00729c89543436bffa6686ce7fce32a8a5a25e8ac61ddaad0
2024-10-01,aggregated_2023+,derived,,,interbank_placed,,,780560249.0,c62375b14a8b308196307aa32c7eaba81a2e5d914956d777a8acd6d022ec6813
2024-10-01,aggregated_2023+,derived,,,loans_business_broad,,,113372649.0,c62375b14a8b308196307aa32c7eaba81a2e5d914956d777a8acd6d022ec6813
2024-10-01,aggregated_2023+,derived,,,loans_fl_gross,,,1162862257.0,c62375b14a8b308196307aa32c7eaba81a2e5d914956d777a8acd6d022ec6813
2024-10-01,aggregated_2023+,derived,,,securities_debt_501_505,,,341384058.0,c62375b14a8b308196307aa32c7eaba81a2e5d914956d777a8acd6d022ec6813
2024-11-01,aggregated_2023+,derived,,,interbank_placed,,,526314991.0,158a6fc379d9471b7cfaf027bb463443ce7abd35660c7893945655bff13a88c8
2024-11-01,aggregated_2023+,derived,,,loans_business_broad,,,123479250.0,158a6fc379d9471b7cfaf027bb463443ce7abd35660c7893945655bff13a88c8
2024-11-01,aggregated_2023+,derived,,,loans_fl_gross,,,1490473339.0,158a6fc379d9471b7cfaf027bb463443ce7abd35660c7893945655bff13a88c8
2024-11-01,aggregated_2023+,derived,,,securities_debt_501_505,,,341969224.0,158a6fc379d9471b7cfaf027bb463443ce7abd35660c7893945655bff13a88c8
2024-12-01,aggregated_2023+,derived,,,interbank_placed,,,754394433.0,901f3dd2061439c9db2e69c3f53a87deabf7f03ffb8870a28b81737bab13bcf2
2024-12-01,aggregated_2023+,derived,,,loans_business_broad,,,83547094.0,901f3dd2061439c9db2e69c3f53a87deabf7f03ffb8870a28b81737bab13bcf2
2024-12-01,aggregated_2023+,derived,,,loans_fl_gross,,,1627407414.0,901f3dd2061439c9db2e69c3f53a87deabf7f03ffb8870a28b81737bab13bcf2
2024-12-01,aggregated_2023+,derived,,,securities_debt_501_505,,,354397214.0,901f3dd2061439c9db2e69c3f53a87deabf7f03ffb8870a28b81737bab13bcf2
2025-01-01,aggregated_2023+,derived,,,interbank_placed,,,1292107324.0,cecff81e639b73dd9d475c010b4d8043f4896cef3653998bc15a6178a0de18bc
2025-01-01,aggregated_2023+,derived,,,loans_business_broad,,,96597351.0,cecff81e639b73dd9d475c010b4d8043f4896cef3653998bc15a6178a0de18bc
2025-01-01,aggregated_2023+,derived,,,loans_fl_gross,,,1601565453.0,cecff81e639b73dd9d475c010b4d8043f4896cef3653998bc15a6178a0de18bc
2025-01-01,aggregated_2023+,derived,,,securities_debt_501_505,,,341155700.0,cecff81e639b73dd9d475c010b4d8043f4896cef3653998bc15a6178a0de18bc
2025-02-01,aggregated_2023+,derived,,,interbank_placed,,,1140961028.0,71669ecfcccf7a11e0ffc13f7e3cbf1918641aaedd876ad1b0528c200e5fb5d5
2025-02-01,aggregated_2023+,derived,,,loans_business_broad,,,621066101.0,71669ecfcccf7a11e0ffc13f7e3cbf1918641aaedd876ad1b0528c200e5fb5d5
2025-02-01,aggregated_2023+,derived,,,loans_fl_gross,,,2016025419.0,71669ecfcccf7a11e0ffc13f7e3cbf1918641aaedd876ad1b0528c200e5fb5d5
2025-02-01,aggregated_2023+,derived,,,securities_debt_501_505,,,533201944.0,71669ecfcccf7a11e0ffc13f7e3cbf1918641aaedd876ad1b0528c200e5fb5d5
2025-03-01,aggregated_2023+,derived,,,interbank_placed,,,923643749.0,ce4a36502a47aae4da9157780f33ad05204ed6f2b363930e9eb354e62b55584d
2025-03-01,aggregated_2023+,derived,,,loans_business_broad,,,618700997.0,ce4a36502a47aae4da9157780f33ad05204ed6f2b363930e9eb354e62b55584d
2025-03-01,aggregated_2023+,derived,,,loans_fl_gross,,,2015660198.0,ce4a36502a47aae4da9157780f33ad05204ed6f2b363930e9eb354e62b55584d
2025-03-01,aggregated_2023+,derived,,,securities_debt_501_505,,,517419944.0,ce4a36502a47aae4da9157780f33ad05204ed6f2b363930e9eb354e62b55584d
2025-04-01,aggregated_2023+,derived,,,interbank_placed,,,864257778.0,bec27c19d376b90258f30c8cdbcc350a04ddb143d227c0dceb9a4a7ba690f2a3
2025-04-01,aggregated_2023+,derived,,,loans_business_broad,,,581519501.0,bec27c19d376b90258f30c8cdbcc350a04ddb143d227c0dceb9a4a7ba690f2a3
2025-04-01,aggregated_2023+,derived,,,loans_fl_gross,,,2057082141.0,bec27c19d376b90258f30c8cdbcc350a04ddb143d227c0dceb9a4a7ba690f2a3
2025-04-01,aggregated_2023+,derived,,,securities_debt_501_505,,,549375764.0,bec27c19d376b90258f30c8cdbcc350a04ddb143d227c0dceb9a4a7ba690f2a3
2025-05-01,aggregated_2023+,derived,,,interbank_placed,,,843791880.0,00e457844435f1c709e536fab49cc1a8070db579edfd5ef0e1f431e297534838
2025-05-01,aggregated_2023+,derived,,,loans_business_broad,,,597500874.0,00e457844435f1c709e536fab49cc1a8070db579edfd5ef0e1f431e297534838
2025-05-01,aggregated_2023+,derived,,,loans_fl_gross,,,2067593827.0,00e457844435f1c709e536fab49cc1a8070db579edfd5ef0e1f431e297534838
2025-05-01,aggregated_2023+,derived,,,securities_debt_501_505,,,580479427.0,00e457844435f1c709e536fab49cc1a8070db579edfd5ef0e1f431e297534838
2025-06-01,aggregated_2023+,derived,,,interbank_placed,,,828644542.0,9c9f726e03a25c676433adaf76f4730d8ec5bcc6bc4746c59e2dd3f3cc6fec39
2025-06-01,aggregated_2023+,derived,,,loans_business_broad,,,641262223.0,9c9f726e03a25c676433adaf76f4730d8ec5bcc6bc4746c59e2dd3f3cc6fec39
2025-06-01,aggregated_2023+,derived,,,loans_fl_gross,,,2116029507.0,9c9f726e03a25c676433adaf76f4730d8ec5bcc6bc4746c59e2dd3f3cc6fec39
2025-06-01,aggregated_2023+,derived,,,securities_debt_501_505,,,574561951.0,9c9f726e03a25c676433adaf76f4730d8ec5bcc6bc4746c59e2dd3f3cc6fec39
2025-07-01,aggregated_2023+,derived,,,interbank_placed,,,922584592.0,dedffeb6abb98a4477a8725daa3ac8ba67a890d78ad0e0c3070a668a29c73202
2025-07-01,aggregated_2023+,derived,,,loans_business_broad,,,677599817.0,dedffeb6abb98a4477a8725daa3ac8ba67a890d78ad0e0c3070a668a29c73202
2025-07-01,aggregated_2023+,derived,,,loans_fl_gross,,,2153005622.0,dedffeb6abb98a4477a8725daa3ac8ba67a890d78ad0e0c3070a668a29c73202
2025-07-01,aggregated_2023+,derived,,,securities_debt_501_505,,,572932088.0,dedffeb6abb98a4477a8725daa3ac8ba67a890d78ad0e0c3070a668a29c73202
2025-08-01,aggregated_2023+,derived,,,interbank_placed,,,966396846.0,543ccc6f42f576283c5d86099046d4321d09e264fe589f47006104b2b074707e
2025-08-01,aggregated_2023+,derived,,,loans_business_broad,,,731030002.0,543ccc6f42f576283c5d86099046d4321d09e264fe589f47006104b2b074707e
2025-08-01,aggregated_2023+,derived,,,loans_fl_gross,,,2208741784.0,543ccc6f42f576283c5d86099046d4321d09e264fe589f47006104b2b074707e
2025-08-01,aggregated_2023+,derived,,,securities_debt_501_505,,,550361402.0,543ccc6f42f576283c5d86099046d4321d09e264fe589f47006104b2b074707e
2025-09-01,aggregated_2023+,derived,,,interbank_placed,,,1003763905.0,e664489bb4e282799dc83d47de8bb59535ed958be641562a6ffa44026354f52d
2025-09-01,aggregated_2023+,derived,,,loans_business_broad,,,725419350.0,e664489bb4e282799dc83d47de8bb59535ed958be641562a6ffa44026354f52d
2025-09-01,aggregated_2023+,derived,,,loans_fl_gross,,,2232786177.0,e664489bb4e282799dc83d47de8bb59535ed958be641562a6ffa44026354f52d
2025-09-01,aggregated_2023+,derived,,,securities_debt_501_505,,,546435423.0,e664489bb4e282799dc83d47de8bb59535ed958be641562a6ffa44026354f52d
2025-10-01,aggregated_2023+,derived,,,interbank_placed,,,976795409.0,3341dac00b1fc6c26e0f6c4f1393d7688d04342627b8ca8dc5efe67ebdeec508
2025-10-01,aggregated_2023+,derived,,,loans_business_broad,,,691370293.0,3341dac00b1fc6c26e0f6c4f1393d7688d04342627b8ca8dc5efe67ebdeec508
2025-10-01,aggregated_2023+,derived,,,loans_fl_gross,,,2271873356.0,3341dac00b1fc6c26e0f6c4f1393d7688d04342627b8ca8dc5efe67ebdeec508
2025-10-01,aggregated_2023+,derived,,,securities_debt_501_505,,,558573302.0,3341dac00b1fc6c26e0f6c4f1393d7688d04342627b8ca8dc5efe67ebdeec508
2025-11-01,aggregated_2023+,derived,,,interbank_placed,,,1096916327.0,92ce075072044ea9088dc1c58c66b3f4815d89085ccf0abf98ff768dddaca55d
2025-11-01,aggregated_2023+,derived,,,loans_business_broad,,,745192536.0,92ce075072044ea9088dc1c58c66b3f4815d89085ccf0abf98ff768dddaca55d
2025-11-01,aggregated_2023+,derived,,,loans_fl_gross,,,2314342399.0,92ce075072044ea9088dc1c58c66b3f4815d89085ccf0abf98ff768dddaca55d
2025-11-01,aggregated_2023+,derived,,,securities_debt_501_505,,,548301790.0,92ce075072044ea9088dc1c58c66b3f4815d89085ccf0abf98ff768dddaca55d
2025-12-01,aggregated_2023+,derived,,,interbank_placed,,,923450945.0,3b12938e5489407aa5154894bffe983f1e699088e9755d6097dd86387ab5eb62
2025-12-01,aggregated_2023+,derived,,,loans_business_broad,,,769573928.0,3b12938e5489407aa5154894bffe983f1e699088e9755d6097dd86387ab5eb62
2025-12-01,aggregated_2023+,derived,,,loans_fl_gross,,,2329106959.0,3b12938e5489407aa5154894bffe983f1e699088e9755d6097dd86387ab5eb62
2025-12-01,aggregated_2023+,derived,,,securities_debt_501_505,,,541539659.0,3b12938e5489407aa5154894bffe983f1e699088e9755d6097dd86387ab5eb62
2026-01-01,aggregated_2023+,derived,,,interbank_placed,,,1134562114.0,05ed8f47762e75dbb28c6f16c6be428e41f62dfba229439da07b5a7c112e255f
2026-01-01,aggregated_2023+,derived,,,loans_business_broad,,,885055885.0,05ed8f47762e75dbb28c6f16c6be428e41f62dfba229439da07b5a7c112e255f
2026-01-01,aggregated_2023+,derived,,,loans_fl_gross,,,2268310643.0,05ed8f47762e75dbb28c6f16c6be428e41f62dfba229439da07b5a7c112e255f
2026-01-01,aggregated_2023+,derived,,,securities_debt_501_505,,,538199018.0,05ed8f47762e75dbb28c6f16c6be428e41f62dfba229439da07b5a7c112e255f
2026-02-01,aggregated_2023+,derived,,,interbank_placed,,,1042440724.0,2ebe2582d842aed05bf15602ee4e54f9af87c4fc162c7457bd0506e52b7ccc0d
2026-02-01,aggregated_2023+,derived,,,loans_business_broad,,,876825305.0,2ebe2582d842aed05bf15602ee4e54f9af87c4fc162c7457bd0506e52b7ccc0d
2026-02-01,aggregated_2023+,derived,,,loans_fl_gross,,,2296743574.0,2ebe2582d842aed05bf15602ee4e54f9af87c4fc162c7457bd0506e52b7ccc0d
2026-02-01,aggregated_2023+,derived,,,securities_debt_501_505,,,531942958.0,2ebe2582d842aed05bf15602ee4e54f9af87c4fc162c7457bd0506e52b7ccc0d
2026-03-01,aggregated_2023+,derived,,,interbank_placed,,,1110444160.0,32202f922cb3d6d7e082fd8f990b583f063e5ab64743df5ac41c8fa5c1160c5a
2026-03-01,aggregated_2023+,derived,,,loans_business_broad,,,878432965.0,32202f922cb3d6d7e082fd8f990b583f063e5ab64743df5ac41c8fa5c1160c5a
2026-03-01,aggregated_2023+,derived,,,loans_fl_gross,,,2293879014.0,32202f922cb3d6d7e082fd8f990b583f063e5ab64743df5ac41c8fa5c1160c5a
2026-03-01,aggregated_2023+,derived,,,securities_debt_501_505,,,561560965.0,32202f922cb3d6d7e082fd8f990b583f063e5ab64743df5ac41c8fa5c1160c5a
2026-04-01,aggregated_2023+,derived,,,interbank_placed,,,911345135.0,c97260972a13af29435e6b50d91d172fd6316b9963a03a187d7468ed31d06ec1
2026-04-01,aggregated_2023+,derived,,,loans_business_broad,,,882405284.0,c97260972a13af29435e6b50d91d172fd6316b9963a03a187d7468ed31d06ec1
2026-04-01,aggregated_2023+,derived,,,loans_fl_gross,,,2349876555.0,c97260972a13af29435e6b50d91d172fd6316b9963a03a187d7468ed31d06ec1
2026-04-01,aggregated_2023+,derived,,,securities_debt_501_505,,,649949784.0,c97260972a13af29435e6b50d91d172fd6316b9963a03a187d7468ed31d06ec1
2026-05-01,aggregated_2023+,derived,,,interbank_placed,,,823159712.0,b148b615f857bf053144d6205ff44fe7183ed9660ea592291669b4281f884c14
2026-05-01,aggregated_2023+,derived,,,loans_business_broad,,,908939166.0,b148b615f857bf053144d6205ff44fe7183ed9660ea592291669b4281f884c14
2026-05-01,aggregated_2023+,derived,,,loans_fl_gross,,,2375548838.0,b148b615f857bf053144d6205ff44fe7183ed9660ea592291669b4281f884c14
2026-05-01,aggregated_2023+,derived,,,securities_debt_501_505,,,627531674.0,b148b615f857bf053144d6205ff44fe7183ed9660ea592291669b4281f884c14
2026-06-01,aggregated_2023+,derived,,,interbank_placed,,,918776145.0,9d6f186a3e692ed858fad3505b7d49efea79a44dbd3b79ca2caa942f964c199f
2026-06-01,aggregated_2023+,derived,,,loans_business_broad,,,875960539.0,9d6f186a3e692ed858fad3505b7d49efea79a44dbd3b79ca2caa942f964c199f
2026-06-01,aggregated_2023+,derived,,,loans_fl_gross,,,2388364331.0,9d6f186a3e692ed858fad3505b7d49efea79a44dbd3b79ca2caa942f964c199f
2026-06-01,aggregated_2023+,derived,,,securities_debt_501_505,,,661422628.0,9d6f186a3e692ed858fad3505b7d49efea79a44dbd3b79ca2caa942f964c199f
2026-07-01,aggregated_2023+,derived,,,interbank_placed,,,830743608.0,b581779df40644f48f1ed1d912d1e11954153aa1f29a8fbd4b45ce827df4473b
2026-07-01,aggregated_2023+,derived,,,loans_business_broad,,,997543098.0,b581779df40644f48f1ed1d912d1e11954153aa1f29a8fbd4b45ce827df4473b
2026-07-01,aggregated_2023+,derived,,,loans_fl_gross,,,2427620480.0,b581779df40644f48f1ed1d912d1e11954153aa1f29a8fbd4b45ce827df4473b
2026-07-01,aggregated_2023+,derived,,,securities_debt_501_505,,,758106714.0,b581779df40644f48f1ed1d912d1e11954153aa1f29a8fbd4b45ce827df4473b
2026-08-01,aggregated_2023+,derived,,,interbank_placed,,,701160267.0,92cdd6068befcd9ada47616c8e4af6429bc0aa552249efdec06d1806d066bf99
2026-08-01,aggregated_2023+,derived,,,loans_business_broad,,,1072742131.0,92cdd6068befcd9ada47616c8e4af6429bc0aa552249efdec06d1806d066bf99
2026-08-01,aggregated_2023+,derived,,,loans_fl_gross,,,2468536724.0,92cdd6068befcd9ada47616c8e4af6429bc0aa552249efdec06d1806d066bf99
2026-08-01,aggregated_2023+,derived,,,securities_debt_501_505,,,746583033.0,92cdd6068befcd9ada47616c8e4af6429bc0aa552249efdec06d1806d066bf99
2026-09-01,aggregated_2023+,derived,,,interbank_placed,,,547497543.0,efeae6ce77897d9c6bd8b62e3bf3570f1f41cff44c0cbc78b05b9497a9067411
2026-09-01,aggregated_2023+,derived,,,loans_business_broad,,,1127193552.0,efeae6ce77897d9c6bd8b62e3bf3570f1f41cff44c0cbc78b05b9497a9067411
2026-09-01,aggregated_2023+,derived,,,loans_fl_gross,,,2467041813.0,efeae6ce77897d9c6bd8b62e3bf3570f1f41cff44c0cbc78b05b9497a9067411
2026-09-01,aggregated_2023+,derived,,,securities_debt_501_505,,,760798786.0,efeae6ce77897d9c6bd8b62e3bf3570f1f41cff44c0cbc78b05b9497a9067411
