form_date,capital_total_th,cet1_th,at1_th,tier2_th,tier1_th,t2_unaudited_profit_current_year_th,t2_unaudited_profit_prior_years_th,unaudited_codes,codes_with_values,sha256
2014-06-01,23313046.0,16862346.0,0.0,6450700.0,16862346.0,1611912.0,0,200.5,200,b094800872864050a31715da63147ae72965cbf944d74189975d4f99bb771601
2014-07-01,23622062.0,16863318.0,0.0,6758744.0,16863318.0,1919956.0,0,200.5,200,45898ad5a0c005d1b25f362a7247c06cd83a7dd1a238d741f46351c2a540dcc8
2014-08-01,23456029.0,16864290.0,0.0,6591739.0,16864290.0,1752951.0,0,200.5,200,4b069f705ab5b5967589d3598ef9f98cdee275f15c7718155ca6feb60a8bceb6
2014-09-01,23350682.0,16865264.0,0.0,6485418.0,16865264.0,1646630.0,0,200.5,200,1327a5f5bdfba74f37b1874354dedc4e61cdc420b665994d638c664031c907f9
2014-10-01,23246238.0,16866236.0,0.0,6380002.0,16866236.0,1541214.0,0,200.5,200,3c7f610aa43347819ebb0affec40405d7be5d995cfe489c08528ec908faeaa20
2014-11-01,24645607.0,16979082.0,0.0,7666525.0,16979082.0,2827737.0,0,200.5,200,7d25b733e78a7d77984229d23e11fd064201100f2b42edec4f04caf990def1c2
2014-12-01,24730986.0,16979966.0,0.0,7751020.0,16979966.0,2912232.0,0,200.5,200,82a847aa168c8764f7b3f822ce18e0edcd3f70ef8cc482c9d6ad2fc390630e04
2015-01-01,23079449.0,13980414.0,0.0,9099035.0,13980414.0,4260247.0,0,200.5,200,83f562154496a6f5e2bab84c2d21ed14b13dac5678409027101e87dc720d741f
2015-02-01,22801730.0,13582574.0,0.0,9219156.0,13582574.0,,,,200,ff59e13afd02cd6c2ff194e6ad9cc18a77d32a85fb404a2b9e2a0b6044cbc96b
2015-03-01,23223118.0,13982390.0,0.0,9240728.0,13982390.0,145406.0,0,200.5,200,59aa9accbae31e6dee3059bb1adb84976dd5bc983a80ffe9f9b8d5b4bc3d4da0
2015-04-01,22643499.0,13983379.0,0.0,8660120.0,13983379.0,332292.0,0,200.5,200,83ef5d59c194711830939ca0d1622cfcdec81c9e84f8eed5dd6277e6d367ea33
2015-05-01,22441066.0,13984367.0,0.0,8456699.0,13984367.0,128871.0,0,200.5,200,e4103a7712fed0e5d13ac5a0e4d6086ae17583e940beac8072459cca6b64f63e
2015-06-01,22659787.0,18078956.0,0.0,4580831.0,18078956.0,346891.0,0,200.5,200,eaf38d06e24a6d5cda41d9383ea1a9cafa6f82a69a5499cdd693774553c5c399
2015-07-01,22765225.0,18078660.0,0.0,4686565.0,18078660.0,452625.0,0,200.5,200,c51501f70faf9b3835982b6756f402ca219f490c12ff7597b3ffa449758c2e03
2015-08-01,22887868.0,18078365.0,0.0,4809503.0,18078365.0,575563.0,0,200.5,200,66f1ea85b24edae1b16c1bd66ea4dab727d2e1fdc1dc17166b3b0a7304d6bf68
2015-09-01,23403346.0,18078457.0,0.0,5324889.0,18078457.0,1090949.0,0,200.5,200,b00450d1bdede8b5225e2fa745314efc6595ab13f8eeb8af987ab19c1acf41ba
2015-10-01,23791979.0,18079043.0,0.0,5712936.0,18079043.0,1478996.0,0,200.5,200,33a3be90193ee942c3828f44ebd6a0a0fb55f56fd71a6d473a457dba33fc58cb
2015-11-01,24665169.0,18078515.0,0.0,6586654.0,18078515.0,2352714.0,0,200.5,170,468f02d53e3dd6386253bf4580b8e0d27e48e603738bcf30f9ae3c1ecf92a5d4
2015-12-01,25175105.0,18079565.0,0.0,7095540.0,18079565.0,2861600.0,0,200.5,170,ce2b4aef5e6f3e18edf364cd7004ed1ec5f4815576bc3262bc293dad82b19616
2016-01-01,25301476.0,18080138.0,0.0,7221338.0,18080138.0,2987398.0,0,200.5,170,349640e10dbdef815868f9fac71bda2113a1d62c6f00035b364227b1509f9444
2016-02-01,24974434.0,17940860.0,0.0,7033574.0,17940860.0,753824.0,0,200.5,176,496e56aec4b6e4a4c837253fab3c60243691cfa7d13827de6683c410442d7d2e
2016-03-01,25791518.0,17918944.0,0.0,7872574.0,17918944.0,1869744.0,0,200.5,176,4eb1e27df305f76e3993bb2b105b2c94748127428edc7f7c05256d556bcc1855
2016-04-01,26081273.0,17908487.0,0.0,8172786.0,17908487.0,2169955.0,0,200.5,176,9a27044be97af9b1eb52e6b175deca58be8522c176feb6f13c7353e56ed4fdf5
2016-05-01,26769222.0,17893028.0,0.0,8876194.0,17893028.0,2873363.0,0,200.5,176,cb5fc9e1af708947d81e674aa6d6eb7def7dfbc413b8e30c273f75bda451fd51
2016-06-01,24328555.0,17735600.0,0.0,6592955.0,17735600.0,2963864.0,0,200.5,176,92f757672bd6feec91f7e57aae9b697425716c056a9007e86bd35dbd338a4aee
2016-07-01,24823721.0,17717038.0,0.0,7106683.0,17717038.0,3477592.0,0,200.5,176,8358431911d05d5d5e2af4f7b474f9c3415e7e73409953fe5c310390878a9fb1
2016-08-01,25351069.0,17690585.0,0.0,7660484.0,17690585.0,4031393.0,0,200.5,173,7f6d4805ae7488bdc35d49c1ac0843897a73d6473d82f3207a27f7f63e25ab39
2016-09-01,26888268.0,17694198.0,0.0,9194070.0,17694198.0,5564979.0,0,200.5,173,4a974efba24946edec596b2badf91eb9b6619efa625b8bd9f5afbd79f9093536
2016-10-01,28248529.0,17699754.0,0.0,10548775.0,17699754.0,6919684.0,0,200.5,173,4c1f86beff2087749a30e730e0d653bc0ebffebc388872ee9a80b76c4a6af68b
2016-11-01,29214718.0,17701595.0,0.0,11513123.0,17701595.0,7884032.0,0,200.5,173,3f0b87891d4c3ccc31adf96c442e6bbec53940b754337a2c2434b7e07dbe5e16
2016-12-01,29872462.0,24612023.0,0.0,5260439.0,24612023.0,1631348.0,0,200.5,173,cbd7daf51b96fd462c37b0786b3577f4b5c827f3a027c1a380edb0e7b5676ba8
2017-01-01,27638502.0,21399800.0,0.0,6238702.0,21399800.0,2609611.0,0,200.5,173,1b5c2d61807e36c9175cba21e7a31db5020fc48fd7184b9a871e1b2652e566ed
2017-02-01,28317505.0,21517551.0,0.0,6799954.0,21517551.0,1417409.0,0,200.5,173,a6715db08afc2044a4602e08cb8848a0282337d5e54889c474d92596c511aa9c
2017-03-01,30239546.0,21599414.0,0.0,8640132.0,21599414.0,2889447.0,0,200.5,173,0fd6a7c528f1a26f9adc4dc76efb96b0efe26472b372546d901b7f21e321744c
2017-04-01,31793501.0,23601989.0,0.0,8191512.0,23601989.0,5167269.0,0,200.5,173,5fa7df7ba9103b8c6b17934b9ded1b4548a0ecd6f6d12000cfb10883fe97ebe0
2017-05-01,33405726.0,23557276.0,0.0,9848450.0,23557276.0,6824207.0,0,200.5,173,0bf5bcc99db86b1c148245ee2377bcafd0de3d634e9c373fb8e5317e31a6d878
2017-06-01,34186643.0,28702386.0,0.0,5484257.0,28702386.0,2895242.0,0,200.5,173,a7c2cca51e6348777f949f5a46aa293776bf60ca18f5f1b4a765c6b00fe560e9
2017-07-01,35003209.0,28645555.0,0.0,6357654.0,28645555.0,4777018.0,0,200.5,173,3de3b94208d605bf9a5434a179c946c8f05edaa42a06d664d3dd837211ca6a18
2017-08-01,52351967.0,28728057.0,16377803.0,7246107.0,45105860.0,5708507.0,0,200.5,173,bd3bb6abdcf5aaedca0867da74bac453d1c60dff3c3e4f0b24974137592ec59f
2017-09-01,51816504.0,33434494.0,15420106.0,2961904.0,48854600.0,1567641.0,0,200.5,173,164649c26ac5cdd6477443cbfa163dcf94e5cfb50fab46d0a1b57e7990416471
2017-10-01,54050377.0,33390813.0,15442052.0,5217512.0,48832865.0,4115441.0,0,200.5,173,fd29fea740b4d4c791ca7b4bd57e4730d3cfaf63cc5caaa4ea1246fed46344a3
2017-11-01,57183469.0,33313270.0,16079999.0,7790200.0,49393269.0,6682775.0,0,200.5,173,320908e3f010ef8770f4ab1879a40eb90a8171c3c1bbf1cf5bd2fbd2b55c0e77
2017-12-01,58906127.0,37387971.0,17083717.0,4434439.0,54471688.0,3266288.0,0,200.5,173,e8e2fc8d1d1e950b09097397ade39059d55eef9417616f1b1549d9b3df300372
2018-01-01,59640033.0,37337499.0,16896921.0,5405613.0,54234420.0,4515913.0,0,200.5,173,d064d908b775dc2635c277414731b1860238404960431ee4cdf716bc54cb137f
2018-02-01,60325390.0,37407493.0,16147374.0,6770523.0,53554867.0,2560560.0,0,200.5,173,91410ffce60fa937dd7e5e29439285e9c2e77797c24d592e93057beaa34010c9
2018-03-01,62566704.0,37326267.0,16002669.0,9237768.0,53328936.0,4208987.0,0,200.5,173,bba35df25640ac04103c7bcadd0b4e194ddecc5c68e448bdb5841de2df1fe862
2018-04-01,64146037.0,40233441.0,16644528.0,7268068.0,56877969.0,6645419.0,0,200.5,173,0d1979a06b50a54cf27096ebfc17d81c5e1848f0ab521332f0a85c44e49ffdec
2018-05-01,63896818.0,40144890.0,17679223.0,6072705.0,57824113.0,5433300.0,0,200.5,173,a9f43d593cb87492472ecb2a38ca7711613b261bfab99555a139bb1cb3c0b98d
2018-06-01,65840625.0,46701395.0,18465791.0,673439.0,65167186.0,54073.0,0,200.5,173,be1ddf294f759686538c2c26781b9af632fd15a08b78125fad339a0cfdb2aeb1
2018-07-01,66968179.0,46605866.0,18492119.0,1870194.0,65097985.0,1690194.0,0,200.5,173,fc0b20a53ae8e0c44e5a41583f3242077decd2d771249bdf7e5a0f3f46a235b6
2018-08-01,67969378.0,46492432.0,18486065.0,2990881.0,64978497.0,2990881.0,0,200.5,173,378eb81112d4688085290cd5609ff25f9c7a5e4450b990a9780cf01bb276806c
2018-09-01,68127771.0,48042753.0,19809570.0,275448.0,67852323.0,275448.0,0,200.5,173,86e761b78a7c7d97e505f3ce9011b8b6a21cae22de7bfcb942a467ec5f5a4dc5
2018-10-01,69814057.0,47755721.0,19185827.0,2872509.0,66941548.0,2872509.0,0,200.5,173,e1d7dedad08f0cff5c328821c2293095fcab1be6a0408c70168d13dfdfc2f59b
2018-11-01,71014257.0,47667004.0,19217292.0,4129961.0,66884296.0,4129961.0,0,200.5,173,ce67e504461d724de51d152a27ccd56038eacf6bf66d5020005d461602374da3
2018-12-01,72519739.0,50418913.0,19681425.0,2419401.0,70100338.0,2419401.0,0,200.5,173,95fe44c4fb07c290e55cbe94051b3c1986222c878db4b4b1ee2f17c32acc917b
2019-01-01,74375211.0,50315377.0,20294229.0,3765605.0,70609606.0,3765605.0,0,200.5,173,25aca03b2ea4ae43e30e6527c35aa27aa757d17f65407b14d1e735a84340df36
2019-02-01,72779347.0,42847960.0,18806680.0,11124707.0,61654640.0,8626060.0,0,200.5,163,f891fb78c25fb09595b3a5922d12634075aa14fdf6cb58f3a0fbf3488fd529b7
2019-03-01,76699249.0,42795610.0,19009129.0,14894510.0,61804739.0,12608504.0,0,200.5,163,76d2ded49c5d2bcf2d7f2aface19596d56bb4d9bf830f931ee67e24a256eedd4
2019-04-01,78510454.0,57599310.0,19420410.0,1490734.0,77019720.0,1490734.0,0,200.5,163,159c88601306468b72c6b32a17a2bcfe0696d428cf11ca3dc49fbc5e220fe8e0
2019-05-01,75510934.0,54187648.0,19407510.0,1915776.0,73595158.0,1915776.0,0,200.5,163,dcc2cea0b0388a974e9468ceedfe0bbd88971291bb5d4f313d5123e307035292
2019-06-01,76815165.0,54201805.0,19517490.0,3095870.0,73719295.0,3095870.0,0,200.5,163,054da7d23ab774e969ce916ebc7d01eb9bb61927bc092fafd727898345bfe1a7
2019-07-01,78177115.0,54127440.0,18922680.0,5126995.0,73050120.0,5126995.0,0,200.5,163,a958fa40fcf9f826c79fab3940e2306dde7032b911dfe7219dd65d0cd8a9d2cf
2019-08-01,84506775.0,54045685.0,19013730.0,11447360.0,73059415.0,11447360.0,0,200.5,163,f5c34bdabf59cb05822b22f0c996a935a7317401eb5e3a48a3513cd872883240
2019-09-01,89017597.0,65382100.0,19946910.0,3688587.0,85329010.0,3688587.0,0,200.5,163,8d6f5ba4314ba149ce599ca7a12e785285c18d3c4cd6a98b984b83cca2ccb27a
2019-10-01,91784783.0,65294754.0,19324680.0,7165349.0,84619434.0,7165349.0,0,200.5,163,dc8ea86d21aa717c0f460f26a6ebd4f26d22e8fd8dbbf05ad9957aa05bf2c6b1
2019-11-01,97548652.0,65225297.0,19162020.0,13161335.0,84387317.0,13161335.0,0,200.5,163,f9974971d37233051db939f6e959bab5f2759baeb0cdb588b308ab5ec598b0c2
2019-12-01,99244159.0,78260498.0,19224510.0,1759151.0,97485008.0,1759151.0,0,200.5,163,be88ddf18717b946392450de5e018e8c7edef00a436cbff95f691081b29af021
2020-01-01,99731226.0,78004426.0,18571710.0,3155090.0,96576136.0,3155090.0,0,200.5,163,cc5476f321d3f9f07209c888d31025fa56f2189b904d46cd6d9934f2513ee779
2020-02-01,102043119.0,74296533.0,18910770.0,8835816.0,93207303.0,7470373.0,0,200.5,163,0726f4af8c464ce77f07a5fb0e4828463359a0c815dd323379f71903da24b0fb
2020-03-01,105952828.0,74224089.0,20097270.0,11631469.0,94321359.0,9460758.0,0,200.5,163,33a505da51c8992a49c11c1ce383bf4787caa8dfc9c565dbc14da0fdbb5bdc64
2020-04-01,111505416.0,76299453.0,21221128.0,13984835.0,97520581.0,13984835.0,0,200.5,163,db1612a06cbf43fbabe0dd185ff42251181ad33b0c67d0ad08a85b41a269c099
2020-05-01,111714078.0,85618399.0,20021557.0,6074122.0,105639956.0,6074122.0,0,200.5,163,5396361624d72bfd85761ef0f924ab37e12f98c68861d06153558f7406ff4f04
2020-06-01,116029210.0,85558478.0,19223460.0,11247272.0,104781938.0,11247272.0,0,200.5,163,856eb77a4fc63889e64434ab39c2291929d77983fcd47436bb5d0cf132f943d7
2020-07-01,119512462.0,96747441.0,19215762.0,3549259.0,115963203.0,3549259.0,0,200.5,163,20ddbfcd839b8fd000f64f12a606c9651722bfe2a9819dfaa8bbe4e26b70e975
2020-08-01,120767070.0,96668701.0,20189727.0,3908642.0,116858428.0,3908642.0,0,200.5,163,a5283e5049d736bdb3fad6e1821671442cf4ddb32866ea207735ce082569df04
2020-09-01,121807197.0,96600511.0,20615220.0,4591466.0,117215731.0,4591466.0,0,200.5,163,bd150217ad79b772ea6b189767066bb27c854c3995f6690d1ca771bd12603511
2020-10-01,123913101.0,96494806.0,22422740.0,4995555.0,118917546.0,4995555.0,0,200.5,163,9a73e5866c06a11c049d17b51cee7ee21f8ae70d3d27b65a8aaa28d40242a0d5
2020-11-01,125588120.0,96369083.0,22323633.0,6895404.0,118692716.0,6895404.0,0,200.5,163,9cc4a4c4219f716634e3ae27270c0caa6dd49801fa9052745ea4954ef784343d
2020-12-01,124468709.0,93514304.0,21346521.0,9607884.0,114860825.0,9607884.0,0,200.5,163,7b1b4088d26a7263838993baba7149d5ea12e9cb6ffa0dbcd583811dd483281f
2021-01-01,121349928.0,94633593.0,20788179.0,5928156.0,115421772.0,5928156.0,0,200.5,163,a64c1390c5eaebbd24a0874aa3b08128675de99a6a7a5f61be323a9050e37ff0
2021-02-01,123906354.0,96254114.0,21457052.0,6195188.0,117711166.0,3454978.0,0,200.5,163,0c9ef0b6bda35c94b361916367974fc9168e77baea387cd4877d1c0cb4291e69
2021-03-01,123941112.0,96154816.0,20946210.0,6840086.0,117101026.0,3879506.0,0,200.5,163,76b850c78eb489eae2404ad031be1bc69b6cd184e71e96859c478bdb2f4182d5
2021-04-01,124128624.0,98275870.0,20961513.0,4891241.0,119237383.0,4891241.0,0,200.5,163,7bef5ebff860df0874d3a4f0735593a045f16d554ca993a980ff467df2fba90a
2021-05-01,125540067.0,98088521.0,20529069.0,6922477.0,118617590.0,6922477.0,0,200.5,194,25d923f143b221357a8167cc2fd31f43b9cc4d71a3114fc4f425436fa9ebe86f
2021-06-01,128365063.0,97975064.0,20272777.0,10117222.0,118247841.0,10117222.0,0,200.5,194,fdeac00b0ed1b9c1368168de035515d065ad7e10bf032d569328d058588823df
2021-07-01,131299403.0,107898809.0,20421292.0,2979302.0,128320101.0,2979302.0,0,200.5,194,cc29e566e80c08ee455db2f882e1bdbc461083f4ba54f7ebf64d6516fd2e15a1
2021-08-01,138689655.0,107655565.0,21941640.0,9092450.0,129597205.0,9092450.0,0,200.5,194,66586734e316cfe0d745d75a073111c16bf8bcac2875ef7f4d038cf3d533d151
2021-09-01,151246789.0,107406504.0,22072320.0,21767965.0,129478824.0,21767965.0,0,200.5,194,71777ae0011787aa5b6bf607b335f9068e554fe95374c6204c1c60420b73aba7
2021-10-01,148571539.0,128644824.0,19536275.0,390440.0,148181099.0,390440.0,0,200.5,194,0759e112f4a22d8f4cb52f1d5bfe2c836de538c8d7059d320419a24df7f51e1e
2021-11-01,146836583.0,128322669.0,18047549.0,466365.0,146370218.0,466365.0,0,200.5,194,10c9a95110384d26cd81a8a0027b9dd32b3c0d9ebac4138a3d72f2b4aad7fb44
2021-12-01,187370439.0,126455300.0,60915139.0,0.0,187370439.0,,,,194,51f24fa85def559e99d8f873e000857c14ce4b3c09cdf4112de985a7398e1479
2022-01-01,204595102.0,127521768.0,60028347.0,17044987.0,187550115.0,17044987.0,0,200.5,194,050fa923ad937449e2d36e53b377e852d65a867353dcbf954e5ec5c9e4f1c12f
2022-02-01,208040988.0,132486273.0,62764324.0,12790391.0,195250597.0,7722130.0,0,200.5,194,15d29bc953b137d2d56927e0c7861dbae2b28a52035177a699ab074334c26335
2023-06-01,220039953.0,151537622.0,54618301.0,13884030.0,206155923.0,,,,4,8efb7a3fa7ce0bcdddf4c94c189f313b433960571da29a53511e5bd382f920cf
2023-07-01,224499475.0,150057518.0,58914607.0,15527350.0,208972125.0,,,,4,b07cdd67dfb484f1b4cc7aae311fef1ec24a9083bfb1968ff4a7cc10ae9421f5
2023-08-01,230947844.0,148612525.0,61584492.0,20750827.0,210197017.0,,,,4,3832f2ac9cf53be63b99a7033aea2f9e982ea3e7cb2bf93b86bb9ff5d87a229c
2023-09-01,238388557.0,148632014.0,64935216.0,24821327.0,213567230.0,,,,4,65ccc190d363173cd16d868229ea46809f60ad7881874c1ae14a8f01d5829a30
2023-10-01,242232659.0,168027701.0,65941381.0,8263577.0,233969082.0,,,,4,af3a0e240cfce97b8bce777a422ff5a6651ba84909478a02c80f1b207f0dfbf9
2023-11-01,241426750.0,166213468.0,63117837.0,12095445.0,229331305.0,,,,4,d38901cdb37a5cbfcfdd7e8faad300c549792a41fcce9354ac2448ede0cba8d7
2023-12-01,241841705.0,164434707.0,60166898.0,17240100.0,224601605.0,,,,4,b3fcd13c76026ed6f518582d838a3f4cf06685718e214d353af8f2b7f0461f9a
2024-01-01,244633980.0,162160827.0,58850323.0,23622830.0,221011150.0,,,,4,2098e1a1f2a8219c61461bb13dcc9fed1bd357bcb013c255e5a806563b7c6b1b
2024-02-01,242758474.0,160837037.0,58588119.0,23333318.0,219425156.0,,,,4,5d37f7ab025b220ac11747abf215048188b648badcf6b29174a561a05549de66
2024-03-01,246272717.0,171489348.0,60281354.0,14502015.0,231770702.0,,,,4,b9e68d692b8e84570de00fa1ac1d5a0eb535433bbf6695aff84e970917f1db62
2024-04-01,251165747.0,170915727.0,60607336.0,19642684.0,231523063.0,,,,4,86ccc0908f03aa4f85222d49f46ef9368f761280627fc2d14116fd9da761e5cb
2024-05-01,256349253.0,168820574.0,60222233.0,27306446.0,229042807.0,,,,4,bc48de71e4cbc5ce2164c4f04aaa567e2949503a375da48ff2b6ea597e840e3b
2024-06-01,256292900.0,194672233.0,58915021.0,2705646.0,253587254.0,,,,4,5b3cb1f2a33e67f2832f736b1ca480ed8da72f433a6390e5477de8cfa8fec262
2024-07-01,252469276.0,192327395.0,56264836.0,3877045.0,248592231.0,,,,4,34c90e9b3498a2519d87c4739dcc4d3ec038b140f1d9137825694dee11bc9e34
2024-08-01,251790433.0,190620017.0,56646723.0,4523693.0,247266740.0,,,,4,f5d0e61799fbbc8f9bc2e6e32756f8434f515129ab80e87ce997942f6c172aa4
2024-09-01,258312372.0,188182378.0,59833587.0,10296407.0,248015965.0,,,,4,d9125009d98e06e71a04da5e15eb815737fbeb80a9652528a08f919e42f7cc19
2024-10-01,275523280.0,186481285.0,74834763.0,14207232.0,261316048.0,,,,4,5324083f042279f027383e629bc9dd9b80324f060bfb3373016f83d5544b7cd0
2024-11-01,288325489.0,199479715.0,88682782.0,162992.0,288162497.0,,,,4,3914f39960be5c9f1d6fd6d04615b772a625ffca41fd618d2418bbb9268ccc61
2024-12-01,312301920.0,200900350.0,109195809.0,2205761.0,310096159.0,,,,4,51e74a475e3fb19946ecfe69ed01ab2381e3fd0563c63dfda765cd3949e86cf3
2025-01-01,310426918.0,199358531.0,105218660.0,5849727.0,304577191.0,,,,4,6a8c76e1006a1f2d9a5d5605cc4466ef25c9f757936405414274c5651c47567c
2025-02-01,507059874.0,296020568.0,117509168.0,93530138.0,413529736.0,,,,4,18a2f9000acca892607864d9b9582f9c90461919cc5814fbe028bb901ac67976
2025-03-01,501623554.0,293543925.0,109198010.0,98881619.0,402741935.0,,,,4,331a79bee5b431a4cdbd56d119329274e29a414ff1480620f39a162bd9a21c9c
2025-04-01,505639820.0,382576408.0,105960935.0,17102477.0,488537343.0,,,,4,9f98dcca5b42869b48df3915d507eed6258bfdd28c5a5851048ef55c8e7fffca
2025-05-01,519607841.0,397801862.0,104252107.0,17553872.0,502053969.0,,,,4,e78bece5e5892e6be46c04fde02970feeddafc47a31e325af498b92d676a5956
2025-06-01,516157288.0,396660466.0,101878354.0,17618468.0,498538820.0,,,,4,2adfacc17442c6d8a7711c9d81d8f659396f0f7d5ce997bb9b4a24bb8276b2a2
2025-07-01,524174677.0,396411039.0,101758558.0,26005080.0,498169597.0,,,,4,0480381a13da30e2218224d8910017e25dd8d377a277122eaec51cbe67b59670
2025-08-01,537094519.0,394946897.0,104472271.0,37675351.0,499419168.0,,,,4,1b900a54835b267b0c1ae99fcbf488cb615127840ccdd04558d2a83ef47bf501
2025-09-01,541500610.0,394112098.0,103260524.0,44127988.0,497372622.0,,,,4,019deb4d9d85d6fa39c3a396d0098c7a9ff51be0b799c6ca931c79a538d6a526
2025-10-01,557329545.0,393726003.0,105304959.0,58298583.0,499030962.0,,,,4,bcc3e9ec0c5bdc8d22760c8bd7b2cedbab16a3c73f15afa2eef5545f996c056f
2025-11-01,560835296.0,392221241.0,103399265.0,65214790.0,495620506.0,,,,4,725d017f2c49f585eed565d40d38abb1348b653cd1ec54b250fe8a52b78dbdcc
2025-12-01,574774388.0,448288915.0,101564998.0,24920475.0,549853913.0,,,,4,8262282887ca15163838d0d99dc5bcf04cf6cbb02206561d362733f4c4ca4edf
2026-01-01,619157744.0,447295201.0,123563628.0,48298915.0,570858829.0,,,,4,cb567a61be33fa275d3cbe5944351689a540df601559de0ef7272d5c6a241ba8
2026-02-01,617975892.0,445903293.0,121553053.0,50519546.0,567456346.0,,,,4,d6b8888ac1ab46f38e199362f5438dda24f7b431184ab082e2c5b152c89f28a3
2026-03-01,628859934.0,447522068.0,122795272.0,58542594.0,570317340.0,,,,4,78afdb4acd1c53f7a769236331fef88d53aaace1718eedaf04fc5854c71d2e43
2026-04-01,649413802.0,480390837.0,126037587.0,42985378.0,606428424.0,,,,4,c2d4fd6d9340c7ae1bbbf65cd9ac6cc5de301d2b57813874c6b0a4d967beb7c2
2026-05-01,640466497.0,478985936.0,120866119.0,40614442.0,599852055.0,,,,4,67346680a12e3216fa0ac669cea457eb8378d6c3b1e11a5352387ebd50184992
2026-06-01,650308222.0,478563099.0,117755773.0,53989350.0,596318872.0,,,,4,b34acb5d7583166f169a2ce94c5f0dc3c03261dbfd4dc51bf579e28a97dc48ab
2026-07-01,668153101.0,478458108.0,123182473.0,66512520.0,601640581.0,,,,4,7edea6f7ea21bfb5ef3b3a06db2d4ef6d057f46be1cedccb3d604e952b71f739
2026-08-01,687289576.0,477382650.0,124878160.0,85028766.0,602260810.0,,,,4,c0c1106b51f5f6983c28ab6c77287002dba4948d36789ddeb50b8d957eed2ec2
2026-09-01,711422407.0,477436412.0,129508288.0,104477707.0,606944700.0,,,,4,c72601951dbf9e497498991cbef235261595a92c8c86ecd9b611eff97aea089f
