period_end,form_date,n20_0,n1_0,d_0,n20_1,n1_1,d_1,n20_2,n1_2,d_2,g_cap,b_cap,dcap_cap,g_cet1,b_cet1,dcap_cet1,g_at1,b_at1,dcap_at1,g_t2,b_t2,dcap_t2,g_rwa0,b_rwa0,g_rwa1,b_rwa1
2017-12-31,2018-01-01,16.75,16.267,0.483,10.08,10.161,-0.081,14.68,14.793,-0.113,61.902,59.64,2.262,37.338,37.337,0.0,16.897,16.897,0.0,7.668,5.406,2.262,369.6,366.6,370.4,367.5
2018-03-31,2018-04-01,17.27,16.722,0.548,10.34,10.448,-0.108,14.69,14.827,-0.137,66.716,64.146,2.57,40.097,40.233,-0.136,16.645,16.645,0.0,9.974,7.268,2.706,386.3,383.6,387.8,385.1
2018-06-30,2018-07-01,17.03,16.415,0.615,11.26,11.403,-0.143,15.78,15.956,-0.176,70.059,66.968,3.091,46.402,46.606,-0.204,18.492,18.492,0.0,5.166,1.87,3.296,411.4,408.0,412.1,408.7
2018-09-30,2018-10-01,15.7,15.062,0.638,10.11,10.285,-0.175,14.23,14.442,-0.212,73.323,69.814,3.509,47.289,47.756,-0.467,19.186,19.186,0.0,6.849,2.873,3.976,467.0,463.5,467.7,464.3
2018-12-31,2019-01-01,14.32,13.915,0.405,9.62,9.409,0.211,13.39,13.211,0.179,77.191,74.375,2.816,51.897,50.315,1.581,20.294,20.294,0.0,5.0,3.766,1.234,539.0,534.5,539.5,534.8
2019-03-31,2019-04-01,13.68,12.968,0.712,10.13,9.514,0.616,13.31,12.722,0.588,83.516,78.51,5.006,61.799,57.599,4.2,19.42,19.42,0.0,2.297,1.491,0.806,610.5,605.4,610.1,605.4
2019-06-30,2019-07-01,11.9,11.146,0.754,8.25,7.717,0.533,10.93,10.415,0.515,84.057,78.177,5.88,58.27,54.127,4.142,18.923,18.923,0.0,6.864,5.127,1.737,706.4,701.4,706.3,701.4
2019-09-30,2019-10-01,12.77,11.868,0.902,9.01,8.442,0.568,11.5,10.941,0.559,99.29,91.785,7.505,70.113,65.295,4.818,19.325,19.325,0.0,9.852,7.165,2.687,777.5,773.4,778.2,773.5
2019-12-31,2020-01-01,12.82,12.12,0.7,9.87,9.48,0.39,12.1,11.736,0.364,106.831,99.731,7.1,82.212,78.004,4.207,18.572,18.572,0.0,6.048,3.155,2.893,833.3,822.9,832.9,822.8
2020-03-31,2020-04-01,13.66,12.754,0.906,9.15,8.726,0.424,11.57,11.155,0.415,120.147,111.505,8.642,80.505,76.299,4.206,21.221,21.221,0.0,18.421,13.985,4.436,879.6,874.3,879.8,874.4
2020-06-30,2020-07-01,13.18,12.446,0.734,10.27,10.075,0.195,12.25,12.077,0.173,127.599,119.512,8.086,99.392,96.747,2.644,19.216,19.216,0.0,8.991,3.549,5.442,968.1,960.2,967.8,960.3
2020-09-30,2020-10-01,14.75,14.015,0.735,10.94,10.914,0.026,13.45,13.45,0.0,131.763,123.913,7.85,97.745,96.495,1.251,22.423,22.423,0.0,11.595,4.996,6.6,893.3,884.1,893.5,884.1
2020-12-31,2021-01-01,13.49,13.073,0.417,10.13,10.195,-0.065,12.34,12.435,-0.095,126.803,121.35,5.453,95.205,94.634,0.571,20.788,20.788,0.0,10.809,5.928,4.881,940.0,928.2,939.8,928.2
2021-03-31,2021-04-01,13.23,12.431,0.799,10.14,9.842,0.298,12.22,11.941,0.279,133.56,124.129,9.431,102.357,98.276,4.081,20.962,20.962,0.0,10.241,4.891,5.35,1009.5,998.5,1009.4,998.5
2021-06-30,2021-07-01,12.93,12.205,0.725,10.17,10.03,0.14,12.05,11.928,0.122,140.254,131.299,8.955,110.301,107.899,2.403,20.421,20.421,0.0,9.531,2.979,6.552,1084.7,1075.8,1084.6,1075.8
2021-09-30,2021-10-01,12.05,11.527,0.523,10.18,9.981,0.199,11.69,11.497,0.193,156.252,148.572,7.68,132.067,128.645,3.422,19.536,19.536,0.0,4.648,0.39,4.258,1296.7,1288.9,1297.3,1288.9
2023-06-30,2023-07-01,16.34,15.407,0.933,10.74,10.298,0.442,14.75,14.342,0.408,240.023,224.499,15.523,157.823,150.058,7.765,58.915,58.915,0.0,23.285,15.527,7.758,1468.9,1457.1,1469.5,1457.2
2023-09-30,2023-10-01,15.76,15.702,0.058,10.65,10.892,-0.242,14.64,15.167,-0.527,260.145,242.233,17.912,175.793,168.028,7.765,65.941,65.941,0.0,18.411,8.264,10.147,1650.7,1542.7,1650.6,1542.7
2023-12-31,2024-01-01,13.15,12.838,0.312,9.16,8.51,0.65,12.23,11.598,0.632,252.487,244.634,7.853,175.822,162.161,13.662,58.85,58.85,0.0,17.814,23.623,-5.809,1920.0,1905.5,1919.5,1905.5
2024-03-31,2024-04-01,11.91,11.137,0.773,8.13,7.578,0.552,10.8,10.266,0.534,270.226,251.166,19.061,184.455,170.916,13.539,60.607,60.607,0.0,25.164,19.643,5.521,2268.9,2255.2,2268.8,2255.4
2024-06-30,2024-07-01,11.01,10.226,0.784,8.29,7.79,0.5,10.55,10.069,0.481,273.535,252.469,21.065,205.876,192.327,13.549,56.265,56.265,0.0,11.393,3.877,7.516,2484.4,2468.9,2483.4,2468.9
2024-09-30,2024-10-01,11.44,10.724,0.716,8.11,7.434,0.676,10.81,10.171,0.639,295.456,275.523,19.933,204.499,186.481,18.018,74.835,74.835,0.0,16.122,14.207,1.915,2582.7,2569.2,2521.6,2508.5
2024-12-31,2025-01-01,10.05,9.754,0.296,6.76,6.398,0.362,9.91,9.57,0.34,321.103,310.427,10.676,211.35,199.359,11.991,105.219,105.219,0.0,4.535,5.85,-1.315,3195.1,3182.6,3126.5,3116.0
2025-03-31,2025-04-01,12.15,11.524,0.626,9.28,8.858,0.422,11.56,11.138,0.422,532.087,505.64,26.447,400.352,382.576,17.775,105.961,105.961,0.0,25.774,17.102,8.672,4379.3,4387.7,4314.1,4319.0
2025-06-30,2025-07-01,11.65,11.353,0.297,8.95,8.707,0.243,11.03,10.792,0.238,537.313,524.175,13.139,407.195,396.411,10.783,101.759,101.759,0.0,28.36,26.005,2.355,4612.1,4617.1,4549.7,4552.8
2025-09-30,2025-10-01,11.81,11.441,0.369,8.45,8.196,0.254,10.5,10.246,0.254,573.581,557.33,16.251,404.51,393.726,10.784,105.305,105.305,0.0,63.766,58.299,5.467,4856.7,4871.3,4787.1,4803.9
2025-12-31,2026-01-01,12.46,12.413,0.047,9.4,9.083,0.317,11.78,11.447,0.333,617.338,619.158,-1.819,459.673,447.295,12.377,123.564,123.564,0.0,34.102,48.299,-14.197,4954.6,4988.0,4890.1,4924.5
2026-03-31,2026-04-01,12.99,12.666,0.324,9.7,9.493,0.207,12.05,11.83,0.22,662.253,649.414,12.839,488.102,480.391,7.711,126.038,126.038,0.0,48.113,42.985,5.127,5098.2,5127.2,5032.0,5060.5
2026-06-30,2026-07-01,12.93,12.547,0.383,9.4,9.094,0.306,11.62,11.3,0.32,683.648,668.153,15.495,490.971,478.458,12.513,123.182,123.182,0.0,69.495,66.513,2.982,5287.3,5325.2,5223.1,5261.2
