period_end,form_date,capital_total_th,cet1_th,at1_th,tier2_th,n20_0_pct,n20_1_pct,n20_2_pct,n20_4_pct,n26_pct,rwa_implied_n20_0_th,rwa_implied_n20_1_th,rwa_implied_n20_2_th,rwa_disclosed_n20_0_th,rwa_disclosed_n20_1_th,rwa_disclosed_n20_2_th,t2_unaudited_profit_th,t2_unaudited_codes,intangibles_rows,section1_rows_with_values,url,sha256
2017-12-31,2018-01-01,61902403.0,37337504.0,16896921.0,7667978.0,16.75,10.08,14.68,,,369566585,370411746,369444312,369561590.0,370385181.0,369561590.0,5900815.0,200.5,101.1=662062;104.9=165515,134,https://www.cbr.ru/banking_sector/credit/coinfo/f805?regnum=2673&dt=201712,9a281358437aa3359049937015c522e1934d04614fa99bbc10e42c75a31c7cbd
2018-03-31,2018-04-01,66715569.0,40097436.0,16644528.0,9973605.0,17.27,10.34,14.69,19.73,,386309027,387789516,386262519,386387469.0,387855093.0,386387469.0,7093093.0,200.5,101.1=1150621,136,https://www.cbr.ru/banking_sector/credit/coinfo/f805?regnum=2673&dt=201803,91eba1a70a7aa9534f1c434073f57d5d61ce565d091c733b7e5f99f4afe0b6e7
2018-06-30,2018-07-01,70059457.0,46401615.0,18492119.0,5165723.0,17.03,11.26,15.78,21.18,,411388473,412092496,411240393,411311300.0,412158116.0,411311300.0,2727860.0,200.5,101.1=1423617,136,https://www.cbr.ru/banking_sector/credit/coinfo/f805?regnum=2673&dt=201806,2faa6442949700455807c509d45eee743762752fbf11f405a6b31d254b8580f5
2018-09-30,2018-10-01,73323306.0,47288720.0,19185827.0,6848759.0,15.7,10.11,14.23,19.6,,467027427,467742038,467143689,,,,4590896.0,200.5,101.1=1964302,136,https://www.cbr.ru/banking_sector/credit/coinfo/f805?regnum=2673&dt=201809,5f2cfcad1e77e575143cf3c0634b8da0260c9ba9036512cbc9a4afad583315ad
2018-12-31,2019-01-01,77190909.0,51896851.0,20294229.0,4999829.0,14.32,9.62,13.39,18.4,,539042661,539468306,539141748,,,,4999829.0,200.5,101.1=2277153,136,https://www.cbr.ru/banking_sector/credit/coinfo/f805?regnum=2673&dt=201812,8e47c896d6e8c0b3408cad22256594a0b1916ed72e65920bb6cc51c003d38907
2019-03-31,2019-04-01,83516017.0,61798930.0,19420410.0,2296677.0,13.68,10.13,13.31,19.29,,610497200,610058539,610212923,,,,2296677.0,200.5,101.1=2546130,147,https://www.cbr.ru/banking_sector/credit/coinfo/f805?regnum=2673&dt=201903,6fd4eb48c740d15d27cbf8936e22204ac105dcfe44c6a3bdd51fed67fe0983c3
2019-06-30,2019-07-01,84056829.0,58269735.0,18922680.0,6864414.0,11.9,8.25,10.93,16.43,,706359908,706299818,706243504,,,,6864414.0,200.5,101.1=2821615,147,https://www.cbr.ru/banking_sector/credit/coinfo/f805?regnum=2673&dt=201906,78ee808cdc6949b0d85fcbd7ec401aa2b9b10c07728798557a50a4b56e07c152
2019-09-30,2019-10-01,99289669.0,70112568.0,19324680.0,9852421.0,12.77,9.01,11.5,17.37,,777522858,778163907,777715200,,,,9852421.0,200.5,101.1=3101660,147,https://www.cbr.ru/banking_sector/credit/coinfo/f805?regnum=2673&dt=201909,e86d6c5813b0ae719183d40ddd6d3f2d1e7a2b69c8a7f13f29326ccc51cf55e1
2019-12-31,2020-01-01,106831130.0,82211760.0,18571710.0,6047660.0,12.82,9.87,12.1,17.19,,833316147,832945897,832921240,,,,6047660.0,200.5,101.1=3553322,147,https://www.cbr.ru/banking_sector/credit/coinfo/f805?regnum=2673&dt=201912,b1ea1c7b783615320ece488dbbdbf6ae9256bbab5eecfabc04ef13cba7403b17
2020-03-31,2020-04-01,120147090.0,80504987.0,21221128.0,18420975.0,13.66,9.15,11.57,16.75,,879554100,879835923,879223120,,,,14805910.0,200.5,101.1=3972038,147,https://www.cbr.ru/banking_sector/credit/coinfo/f805?regnum=2673&dt=202003,04b6a2bd771b43bd690d11e4c0f7066e13745a13505d6be8a027b00e8f213d3d
2020-06-30,2020-07-01,127598610.0,99391713.0,19215762.0,8991135.0,13.18,10.27,12.25,17.54,,968122989,967786884,968224286,,,,4176070.0,200.5,101.1=4232079,147,https://www.cbr.ru/banking_sector/credit/coinfo/f805?regnum=2673&dt=202006,604b8c117b5b149f073b328440b21eebf00478d6e9795e7169f4b733fffc7b3f
2020-09-30,2020-10-01,131763477.0,97745339.0,22422740.0,11595398.0,14.75,10.94,13.45,16.52,,893311708,893467450,893442967,,,,7980333.0,200.5,101.1=4484713,147,https://www.cbr.ru/banking_sector/credit/coinfo/f805?regnum=2673&dt=202009,d6c6802f83fad4debfdd52d8d42406c84ae8a16ff336d3aae4c3593e9cb35b62
2020-12-31,2021-01-01,126802587.0,95205007.0,20788179.0,10809401.0,13.49,10.13,12.34,13.47,,939974700,939832251,939977196,,,,7194336.0,200.5,101.1=5243597,147,https://www.cbr.ru/banking_sector/credit/coinfo/f805?regnum=2673&dt=202012,f932060a1727145c33d1e142e4cd306f6768b2281c252389c9cb01d3b6083b53
2021-03-31,2021-04-01,133559711.0,102356799.0,20961513.0,10241399.0,13.23,10.14,12.22,14.03,,1009521625,1009435888,1009151489,,,,5916268.0,200.5,101.1=5689177,147,https://www.cbr.ru/banking_sector/credit/coinfo/f805?regnum=2673&dt=202103,6f9d1ce9b0b4e8d170adb2d81a14fe45ff27e33bc516f87d7eb751ffe7abb9c1
2021-06-30,2021-07-01,140253978.0,110301454.0,20421292.0,9531232.0,12.93,10.17,12.05,13.59,,1084717541,1084576735,1084836066,,,,5206101.0,200.5,101.1=6183460,179,https://www.cbr.ru/banking_sector/credit/coinfo/f805?regnum=2673&dt=202106,f1be3bd3b235963d19ea725c6206b15cb825502c648a89881e0a178e3ebd1c41
2021-09-30,2021-10-01,156251896.0,132067232.0,19536275.0,4648389.0,12.05,10.18,11.69,13.82,,1296696232,1297320550,1296864902,,,,1059183.0,200.5,101.1=7205409,179,https://www.cbr.ru/banking_sector/credit/coinfo/f805?regnum=2673&dt=202109,e25d135b70357a423a1d24d1be10f062ed198eb87063a7aa4aa8787a918a28fe
2023-06-30,2023-07-01,240022605.0,157822635.0,58914607.0,23285363.0,16.34,10.74,14.75,,,1468926591,1469484497,1469405031,,,,,,,4,https://www.cbr.ru/banking_sector/credit/coinfo/f805?regnum=2673&dt=202306,16fbbffc116f3a785190a544934657210a6c7db044cf740c3948817ba4d67e6a
2023-09-30,2023-10-01,260145093.0,175792819.0,65941381.0,18410893.0,15.76,10.65,14.64,,,1650666834,1650636798,1651189891,,,,,,,4,https://www.cbr.ru/banking_sector/credit/coinfo/f805?regnum=2673&dt=202309,98c4cb9d82ca49d543a8f1ebf30e4348be27f3ed62dd8beed21c21ba38c46a8a
2023-12-31,2024-01-01,252486524.0,175822369.0,58850323.0,17813832.0,13.15,9.16,12.23,,,1920049612,1919458177,1918828226,,,,,,,4,https://www.cbr.ru/banking_sector/credit/coinfo/f805?regnum=2673&dt=202312,413ff49b8eb3427c89a1800ed799e55fe2c1eeb3439677607582547d5268eacb
2024-03-31,2024-04-01,270226462.0,184455039.0,60607336.0,25164087.0,11.91,8.13,10.8,,,2268903963,2268819668,2269096065,,,,,,,4,https://www.cbr.ru/banking_sector/credit/coinfo/f805?regnum=2673&dt=202403,34d8872aaff1d240a653c007260791b3a51668c170e233758e7d5290ee2634d7
2024-06-30,2024-07-01,273534575.0,205876356.0,56264836.0,11393383.0,11.01,8.29,10.55,,,2484419391,2483430109,2484750635,,,,,,,4,https://www.cbr.ru/banking_sector/credit/coinfo/f805?regnum=2673&dt=202406,8f4ac422189f5bffc2a10445b6c41c7c2f02c488aec1dd58785ef7a13a7d0bf2
2024-09-30,2024-10-01,295456178.0,204499171.0,74834763.0,16122244.0,11.44,8.11,10.81,,,2582658899,2521568076,2584032692,,,,,,,4,https://www.cbr.ru/banking_sector/credit/coinfo/f805?regnum=2673&dt=202409,925bc28266fca19b25618949bdf81eff2c0aa2cd6f9405ac473138c00b2b4eb2
2024-12-31,2025-01-01,321103315.0,211350006.0,105218660.0,4534649.0,10.05,6.76,9.91,,,3195057861,3126479379,3194436589,,,,,,,4,https://www.cbr.ru/banking_sector/credit/coinfo/f805?regnum=2673&dt=202412,2b2666cd635c7b66bc58bd519ed34312dc8ba206e117de16e27cb0dd6f7879e7
2025-03-31,2025-04-01,532086547.0,400351605.0,105960935.0,25774007.0,12.15,9.28,11.56,,,4379313144,4314133675,4379866263,,,,,,,4,https://www.cbr.ru/banking_sector/credit/coinfo/f805?regnum=2673&dt=202503,8c89ba4203ba7b89a27b6df1c67a71279f56f20138e223ef12418f0bc17d9c12
2025-06-30,2025-07-01,537313498.0,407194531.0,101758558.0,28360409.0,11.65,8.95,11.03,,,4612133030,4549659564,4614261913,,,,,,,4,https://www.cbr.ru/banking_sector/credit/coinfo/f805?regnum=2673&dt=202506,6e1a74ca8892dd15dceeb1e0781d73b18c06f04d10b90205a39f601853afc708
2025-09-30,2025-10-01,573580654.0,404509826.0,105304959.0,63765869.0,11.81,8.45,10.5,,,4856737121,4787098533,4855378905,,,,,,,4,https://www.cbr.ru/banking_sector/credit/coinfo/f805?regnum=2673&dt=202509,df6d17cb8ad4feb1805690ab7b769f75b7e2e0a8d4ed3cedf56db043d21e9b6c
2025-12-31,2026-01-01,617338331.0,459672535.0,123563628.0,34102168.0,12.46,9.4,11.78,,,4954561244,4890133351,4951070993,,,,,,,4,https://www.cbr.ru/banking_sector/credit/coinfo/f805?regnum=2673&dt=202512,b0f7f6a4efc144ac65557b325433064609ce86b8b025c9bb896359680d6d441a
2026-03-31,2026-04-01,662252628.0,488102336.0,126037587.0,48112705.0,12.99,9.7,12.05,,202.43,5098172656,5031982845,5096596871,,,,,,,4,https://www.cbr.ru/banking_sector/credit/coinfo/f805?regnum=2673&dt=202603,a3e89022a3c2b5681727d9a6690c48cd542b20a5679c5aa6316fa87693d31c4c
2026-06-30,2026-07-01,683648325.0,490971127.0,123182473.0,69494725.0,12.93,9.4,11.62,,172.04,5287303364,5223097096,5285314974,,,,,,,4,https://www.cbr.ru/banking_sector/credit/coinfo/f805?regnum=2673&dt=202606,56dce7f18a7b0c3e135f83ee060ad1550c71cc690693995184cb673b9a80a267
