сценарий,год,поддержания,СЗКО,антициклич.,сумма надбавок,пол Н20.0,пол Н20.1,пол Н20.2,"вычет, п.п.","требование Н20.0 (пол + 1,5 + вычет)",требование Н20.1
schedule,2026,1.00,0.50,0.50,2.00,10.00,6.50,8.00,0.00,11.50,8.00
schedule,2027,1.50,0.75,0.50,2.75,10.75,7.25,8.75,0.00,12.25,8.75
schedule,2028,2.50,1.00,0.50,4.00,12.00,8.50,10.00,0.00,13.50,10.00
schedule,2029,2.50,1.00,0.50,4.00,12.00,8.50,10.00,0.00,13.50,10.00
schedule,2030,2.50,1.00,0.50,4.00,12.00,8.50,10.00,0.00,13.50,10.00
schedule,2031,2.50,1.00,0.50,4.00,12.00,8.50,10.00,0.00,13.50,10.00
mid,2026,1.00,0.50,0.50,2.00,10.00,6.50,8.00,0.00,11.50,8.00
mid,2027,1.50,0.75,0.50,2.75,10.75,7.25,8.75,0.00,12.25,8.75
mid,2028,2.50,1.00,1.00,4.50,12.50,9.00,10.50,0.00,14.00,10.50
mid,2029,2.50,1.50,1.00,5.00,13.00,9.50,11.00,0.00,14.50,11.00
mid,2030,2.50,1.50,1.00,5.00,13.00,9.50,11.00,0.00,14.50,11.00
mid,2031,2.50,1.50,1.00,5.00,13.00,9.50,11.00,0.00,14.50,11.00
strict,2026,1.00,0.50,0.50,2.00,10.00,6.50,8.00,0.00,11.50,8.00
strict,2027,1.50,0.75,0.50,2.75,10.75,7.25,8.75,0.00,12.25,8.75
strict,2028,2.50,1.00,1.00,4.50,12.50,9.00,10.50,0.30,14.30,10.80
strict,2029,2.50,1.50,1.00,5.00,13.00,9.50,11.00,0.30,14.80,11.30
strict,2030,2.50,2.00,1.00,5.50,13.50,10.00,11.50,0.30,15.30,11.80
strict,2031,2.50,2.00,1.00,5.50,13.50,10.00,11.50,0.30,15.30,11.80
