period,days,loans_ac_avg,llp_debt_fa,cor_engine,cor_mgmt,cor_gap,cor_gap_numerator,cor_gap_days_denominator,cor_engine_loans_line,iea_engine_avg_b,nii,nim_engine_b,nim_engine_b_x4,iea_engine_avg_a,nim_engine_a,nim_engine_a_x4,nim_mgmt,nim_mgmt_comparable,nim_gap_b,nim_gap_days,nim_gap_b_x4,nim_gap_a,nim_gap_a_x4,iea_mgmt_end,iea_ratio_b_end,iea_ratio_a_end,opex,income_engine_op,cir_engine,cir_mgmt,cir_gap
1Q2024,91,1186.37,-21.2,0.071675,0.075636,-0.00396103,-0.00409088,0.000129857,,2091.34,69.3,0.13291,0.132546,,,,0.121997,False,0.0109134,0.000364138,0.0105493,,,2272.18,0.975771,,-56.5,105.948,0.53328,0.504365,0.0289155
2Q2024,91,1310.25,-22.9,0.0701024,0.074456,-0.00435362,-0.00449084,0.000137222,,2539.65,73.4,0.115924,0.115606,,,,0.118412,True,-0.00248792,0.0003176,-0.00280552,,,2686.76,0.976755,,-60.8,113.348,0.536401,0.502762,0.0336392
3Q2024,92,2087.55,-41.9,0.079631,0.081996,-0.002365,-0.00158122,-0.000783782,,3730.1,98.8,0.105085,0.105949,,,,0.109923,True,-0.00483781,-0.000863714,-0.0039741,,,4503.71,0.956304,,-76.3,164.395,0.464126,0.467044,-0.00291796
4Q2024,92,2782.75,-43.6,0.0621609,0.065462,-0.00330109,-0.0026732,-0.00062789,,4746.77,120.5,0.100715,0.101543,,,,0.106052,True,-0.00533697,-0.000827795,-0.00450917,,,4586.19,0.958645,,-90.6,182.441,0.496599,0.482798,0.0138009
1Q2025,90,2767,-33.7,0.0493936,0.051957,-0.00256335,-0.00322744,0.00066409,0.0496868,4596.92,111.4,0.0982809,0.0969346,,,,0.100234,True,-0.00195312,0.00134631,-0.00329944,,,4305.04,0.976243,,-81.9,160.274,0.511,0.47998,0.0310199
2Q2025,91,2906.45,-46,0.0634814,0.066511,-0.00302961,-0.00315337,0.000123762,0.0634814,4611.92,119.6,0.104016,0.103731,,,,0.106037,True,-0.00202074,0.000284976,-0.00230572,,,4718.22,0.980097,,-88.9,191.235,0.464873,0.460398,0.00447506
3Q2025,92,3135.35,-46.1,0.0583338,0.061106,-0.00277224,-0.00222832,-0.000543921,,5002.44,128.1,0.101595,0.10243,,,,0.104953,True,-0.00335797,-0.000835028,-0.00252294,,,5046.14,0.972124,,-92.2,198.153,0.465297,0.460009,0.00528802
4Q2025,92,3354.9,-39.4,0.0465931,0.049165,-0.00257189,-0.00213808,-0.000433813,,5347.33,143.2,0.106246,0.107119,,,,0.110245,True,-0.00399931,-0.000873252,-0.00312606,,,5345.29,0.971197,0.976868,-99.6,207.508,0.479981,0.460629,0.0193525
1Q2026,90,3524.05,-45.5,0.0523624,0.053464,-0.00110158,-0.00181255,0.000710963,0.0523624,5422.96,144.7,0.108214,0.106731,5391.78,0.10884,0.107349,0.109111,True,-0.000897151,0.00148238,-0.00237953,-0.000271494,-0.00176245,5264.05,0.985389,0.991029,-99.8,203.2,0.491142,0.47321,0.0179317
2Q2026,91,3689.3,-41.5,0.0451186,0.046922,-0.0018034,-0.0019102,0.0001068,0.0454448,5515.65,157.6,0.114607,0.114293,5472.05,0.11552,0.115204,0.11588,True,-0.00127304,0.000313992,-0.00158703,-0.000359881,-0.000676374,5616.13,0.987156,0.997111,-109.2,221.3,0.493448,0.47561,0.0178378
