year,cir_engine,cir_mgmt,opex,income,ni_sh,loans_end,v,nim_mgmt,cor_mgmt,fees,ins,nii,llp
2026,0.485283,0.46961,440.827,908.391,119.971,4199.33,0.232357,0.114982,0.049,112.291,23.184,337.661,93.8239
2027,0.48778,0.472107,520.924,1067.95,246.46,5167.69,0.225494,0.113186,0.05,239.18,48.76,757.437,221.711
2028,0.488572,0.4729,616.92,1262.7,271.76,6375.89,0.232324,0.110792,0.052,284.393,53.0496,901.228,285.445
2029,0.489403,0.473731,722.372,1476.03,295.626,7657.26,0.217257,0.108398,0.054,334.23,57.2924,1059.06,360.391
2030,0.485209,0.469537,826.434,1703.25,332.233,8890.84,0.180867,0.1075,0.055,383.769,61.5893,1231.04,433.585
2031,0.484637,0.468965,931.682,1922.43,371.172,9964.65,0.140767,0.1075,0.055,429.894,66.2085,1398,494.374
2032,0.484995,0.469322,1023.91,2111.17,404.866,10765.7,0.100411,0.1075,0.055,469.442,71.1742,1540.67,545.236
2033,0.485595,0.469922,1100.17,2265.62,433.316,11528.2,0.0755916,0.1075,0.055,504.763,76.5122,1652.81,584.852
2034,0.485683,0.470011,1178.53,2426.54,463.672,12344.7,0.070825,0.1075,0.055,541.145,82.2507,1769.87,626.274
2035,0.48577,0.470097,1262.46,2598.89,496.184,13219,0.070825,0.1075,0.055,580.149,88.4195,1895.22,670.63
2036,0.484911,0.469238,1352.37,2788.91,533.589,14155.2,0.070825,0.1075,0.055,621.965,95.0509,2034.87,720.044
