period,sbp_reserve_credit,buyback,other,net,sbp_expense_pnl,bought_back_th,transferred_ltip_th
1Q2024,0.445,-28.29,0,-27.845,0.343218,98174.2,0
2Q2024,3.404,-6.524,0,-3.12,0.343218,20400.8,-13320.9
3Q2024,0.168,-0.048,0,0.12,1.5588,200,0
4Q2024,4.77,0,-0.367,4.403,3.58257,0,-1447.2
1Q2025,5.144,0,0.592,5.736,5.1,0,0
2Q2025,5.181,0,4.542,9.723,5.2,0,0
3Q2025,1.111,-2.033,-0.02,-0.942,2.3,6440.54,-36923.1
4Q2025,3.1,-4.295,-2.056,-3.251,3.2,14093.5,-1446.87
1Q2026,4.8,-6.3,-0.8,-2.3,4.5,19000,-12.71
2Q2026,6.4,-1.4,0,5,6.4,5005,-0.29
