period,loans_avg,v,g_fees,g_ins,g_opex,g_nii,fees,ins,opex,opex_to_loans,fees_to_loans,ins_to_loans
1Q2014,,,,,,,-0.201468,0.179201,2.43581,,,
2Q2014,89.3895,,,,,,-0.173185,0.196842,2.15134,0.0962683,-0.00774968,0.00880828
3Q2014,92.4915,,,,,,-0.189393,0.206431,2.03653,0.0880744,-0.00819072,0.00892757
4Q2014,93.799,,,,,,-0.114939,0.177009,2.39643,0.102194,-0.0049015,0.00754844
1Q2015,92.622,,,0.313732,-0.0263781,-0.219921,0.583711,0.235422,2.37156,0.102419,0.0252083,0.010167
2Q2015,93.2105,0.0427455,,-0.0572236,0.139958,-0.265893,0.692289,0.185578,2.45244,0.105243,0.0297086,0.00796382
3Q2015,96.5475,0.0438527,,-0.0989725,0.329711,-0.201748,0.816,0.186,2.708,0.112193,0.0338072,0.00770605
4Q2015,99.546,0.0612693,,-0.141287,0.42337,-0.100164,0.722,0.152,3.411,0.137062,0.0290117,0.00610773
1Q2016,102.999,0.112036,0.997564,-0.28214,0.613706,0.268711,1.166,0.169,3.827,0.148623,0.045282,0.00656317
2Q2016,108.191,0.160712,0.872051,-0.272543,0.78353,0.445525,1.296,0.135,4.374,0.161715,0.0479155,0.0049912
3Q2016,114.129,0.182102,0.419118,0.564516,0.570901,0.378293,1.158,0.291,4.254,0.149094,0.0405857,0.010199
4Q2016,118.614,0.191555,1.40859,0.730263,0.620346,0.36467,1.739,0.263,5.527,0.186385,0.0586438,0.00886907
1Q2017,124.904,0.212677,0.490566,0.579882,0.346747,0.335335,1.738,0.267,5.154,0.165054,0.0556585,0.00855053
2Q2017,134.43,0.242526,0.688272,1.61481,0.342707,0.351467,2.188,0.353,5.873,0.174753,0.0651048,0.0105036
3Q2017,146.445,0.283149,1.17012,1.01375,0.575929,0.407552,2.513,0.586,6.704,0.183114,0.0686403,0.0160061
4Q2017,155.593,0.311749,0.9977,1.71483,0.48254,0.389619,3.474,0.714,8.194,0.210653,0.0893102,0.0183556
1Q2018,167.102,0.337838,1.07497,1.9316,0.57293,0.473644,3.6063,0.782738,8.10688,0.194058,0.0863258,0.0187368
2Q2018,182.95,0.360936,0.668358,1.94975,0.439966,0.323436,3.65037,1.04126,8.45692,0.184901,0.0798113,0.0227661
3Q2018,197.457,0.348337,0.742962,1.46928,0.295099,0.25601,4.38006,1.447,8.68234,0.175884,0.0887297,0.0293128
4Q2018,220.073,0.414419,0.427577,0.788515,0.230857,0.25,4.9594,1.277,10.0856,0.183314,0.0901411,0.0232105
1Q2019,257.219,0.53929,0.288577,0.90102,0.321613,0.267965,4.647,1.488,10.7142,0.166616,0.0722654,0.0231399
2Q2019,306.388,0.674709,0.317675,0.788214,0.415981,0.519442,4.81,1.862,11.9748,0.156336,0.0627962,0.024309
3Q2019,351.004,0.777624,0.190622,0.995853,0.304371,0.527697,5.215,2.888,11.325,0.129059,0.0594296,0.0329114
4Q2019,376.435,0.710501,0.126748,1.33438,0.144201,0.472891,5.588,2.981,11.54,0.122624,0.0593781,0.0316761
1Q2020,391.895,0.523588,0.0150325,1.30511,0.0736711,0.395858,4.71686,3.43,11.5035,0.117414,0.0481441,0.0350094
2Q2020,397.435,0.297162,0.209786,1.06606,0.0622329,0.20736,5.81907,3.847,12.7201,0.128022,0.0585663,0.0387183
3Q2020,405.84,0.156226,0.218007,0.298823,0.251206,0.0745433,6.3519,3.751,14.1699,0.13966,0.0626051,0.0369703
4Q2020,432.054,0.147752,0.522229,0.249581,0.663743,0.132777,8.50622,3.725,19.1996,0.177752,0.0787514,0.0344864
1Q2021,475.173,0.2125,0.859289,0.105248,0.765292,0.144027,8.77,3.791,20.307,0.170944,0.0738258,0.0319126
2Q2021,541.411,0.362264,0.798741,0.142969,0.895273,0.233607,10.467,4.397,24.108,0.178112,0.0773312,0.0324855
3Q2021,605.521,0.492021,0.906515,0.303119,0.819702,0.382061,12.11,4.888,25.785,0.170333,0.0799972,0.0322895
4Q2021,657.633,0.522108,0.874276,0.348456,0.703265,0.305123,15.943,5.023,32.702,0.198907,0.096972,0.030552
1Q2022,696.816,0.466449,1.35029,0.317858,0.481706,0.256697,20.612,4.996,30.089,0.172723,0.118321,0.028679
2Q2022,698.234,0.289655,1.07977,0.717535,0.284553,-0.10302,21.769,7.552,30.968,0.177408,0.124709,0.0432634
3Q2022,693.337,0.145026,0.396284,0.523936,0.285282,0.0532736,16.909,7.449,33.141,0.191197,0.0975513,0.0429747
4Q2022,715.95,0.0886779,0.113969,0.426837,0.26081,0.152478,17.76,7.167,41.231,0.230357,0.0992247,0.0400419
1Q2023,773.006,0.10934,-0.20391,0.663131,0.347569,0.27802,16.409,8.309,40.547,0.209815,0.0849101,0.0429958
2Q2023,866.842,0.241478,-0.236667,0.275291,0.458732,0.801441,16.617,9.631,45.174,0.208453,0.0766783,0.0444418
3Q2023,975.244,0.406593,0.11414,0.412002,0.520202,0.684589,18.839,10.518,50.381,0.20664,0.0772689,0.04314
4Q2023,1076.03,0.502943,0.193694,0.409655,0.387233,0.668945,21.2,10.103,57.197,0.212622,0.078808,0.0375565
1Q2024,1186.62,0.535069,0.444329,0.311831,0.393445,0.47799,23.7,10.9,56.5,0.190457,0.079891,0.0367431
2Q2024,1311.25,0.512675,0.763254,0.22521,0.345907,0.371937,29.3,11.8,60.8,0.185472,0.0893804,0.0359962
3Q2024,2089.3,1.14234,0.895005,0.169424,0.51446,0.598292,35.7,12.3,76.3,0.146078,0.0683483,0.0235486
4Q2024,2785.85,1.589,0.891509,0.158072,0.583999,0.768989,40.1,11.7,90.6,0.130086,0.0575767,0.0167992
1Q2025,2771.55,1.33567,0.506329,0.00917431,0.449558,0.607504,35.7,11,81.9,0.118201,0.0515235,0.0158756
2Q2025,2911.05,1.22006,0.372014,-0.0508475,0.462171,0.629428,40.2,11.2,88.9,0.122155,0.0552378,0.0153896
3Q2025,3140,0.502896,0.263305,-0.0894309,0.208388,0.296559,45.1,11.2,92.2,0.117452,0.0574522,0.0142675
4Q2025,3359.8,0.206023,0.226933,-0.042735,0.0993377,0.188382,49.2,11.2,99.6,0.118578,0.0585749,0.0133341
1Q2026,3529.2,0.273367,0.201681,-0.109091,0.218559,0.298923,42.9,9.8,99.8,0.113113,0.0486229,0.0111073
2Q2026,3694.55,0.269147,0.154229,0.142857,0.228346,0.317726,46.4,12.8,109.2,0.118228,0.0502362,0.0138583
