window,series,intercept,slope,se,r2,n
"2016К1–2024К2, до Росбанка",услуги нетто,0.668531,-0.288885,0.409595,0.015307,34
"2016К1–2024К2, до Росбанка",страхование,0.438636,0.759034,0.538974,0.0583608,34
"2016К1–2024К2, до Росбанка",расходы,0.525316,-0.235813,0.197359,0.0427084,34
"2016К1–2024К2, до Росбанка",ЧПД,0.190969,0.425973,0.161249,0.179037,34
2019К1–2024К2,услуги нетто,0.348667,0.191881,0.457531,0.0087175,22
2019К1–2024К2,страхование,0.236441,0.794204,0.362006,0.193977,22
2019К1–2024К2,расходы,0.453311,-0.0903012,0.251417,0.00640878,22
2019К1–2024К2,ЧПД,0.101962,0.580989,0.209522,0.277695,22
2021К1–2024К2,услуги нетто,0.0620125,1.34767,0.758493,0.208283,14
2021К1–2024К2,страхование,0.507709,-0.393888,0.285147,0.137195,14
2021К1–2024К2,расходы,0.35176,0.414243,0.3544,0.102215,14
2021К1–2024К2,ЧПД,0.123089,0.61061,0.407799,0.157422,14
