metric,target_year,as_of,event,text,low,high,unit,doc,page,sha256,note
guidance_status,2023,2023-03-15,МСФО 4К22,The Groups abstains from providing a detailed guidance for its FY 2023 outloook at this stage until more clarity appears with respect to the overall operating environment.,,,,primary/en_2022Q4_press.pdf,4,3abfca6177af7fc7ffc56606b41316c64ac3cd930c9b770d28eae14c4fdebe71,гайденса на 2023 год не было; орфография документа сохранена
guidance_status,2024,2024-03-14,МСФО 4К23,"Группа планирует опубликовать прогнозы позднее в 2024 г., а также намерена представить долгосрочную стратегию развития и дивидендную политику до конца текущего года",,,,primary/2023Q4_ifrs_press.pdf,2,ccda67e270ca9e59ede88f6d113c0003413ad6ac1cae4ff56e78bfb2b845590c,на дату отчёта за 2023 год прогноза на 2024 год нет
active_clients_growth,2024,2024-05-16,МСФО 1К24,ПРОГНОЗ НА 2024 Г.: … ожидания по отдельным показателям на 2024 год без учета интеграции Росбанка: рост активной клиентской базы – более 20% год к году,20,,%,primary/2024Q1_ifrs_press.pdf,5,758b43b5df2c8de0ce5c400cc935de7c28594bc19da14c3270725c7839c96a71,исходный гайденс 2024; периметр — без Росбанка
cir,2024,2024-05-16,МСФО 1К24,ПРОГНОЗ НА 2024 Г.: … ожидания по отдельным показателям на 2024 год без учета интеграции Росбанка: отношение операционных расходов к доходам (C/I) – снижение год к году,,,%,primary/2024Q1_ifrs_press.pdf,5,758b43b5df2c8de0ce5c400cc935de7c28594bc19da14c3270725c7839c96a71,исходный гайденс 2024; периметр — без Росбанка; числа нет — направление
cor_max,2024,2024-05-16,МСФО 1К24,ПРОГНОЗ НА 2024 Г.: … ожидания по отдельным показателям на 2024 год без учета интеграции Росбанка: стоимость риска — менее 7%,,7,%,primary/2024Q1_ifrs_press.pdf,5,758b43b5df2c8de0ce5c400cc935de7c28594bc19da14c3270725c7839c96a71,исходный гайденс 2024; периметр — без Росбанка
nii_growth,2024,2024-05-16,МСФО 1К24,ПРОГНОЗ НА 2024 Г.: … ожидания по отдельным показателям на 2024 год без учета интеграции Росбанка: рост чистого процентного дохода — более 40% год к году,40,,%,primary/2024Q1_ifrs_press.pdf,5,758b43b5df2c8de0ce5c400cc935de7c28594bc19da14c3270725c7839c96a71,исходный гайденс 2024; периметр — без Росбанка
non_credit_revenue_share,2024,2024-05-16,МСФО 1К24,ПРОГНОЗ НА 2024 Г.: … ожидания по отдельным показателям на 2024 год без учета интеграции Росбанка: доля некредитной выручки – примерно 50%,50,50,%,primary/2024Q1_ifrs_press.pdf,5,758b43b5df2c8de0ce5c400cc935de7c28594bc19da14c3270725c7839c96a71,исходный гайденс 2024; периметр — без Росбанка
np_growth,2024,2024-05-16,МСФО 1К24,ПРОГНОЗ НА 2024 Г.: … ожидания по отдельным показателям на 2024 год без учета интеграции Росбанка: рост чистой прибыли — более 30% год к году,30,,%,primary/2024Q1_ifrs_press.pdf,5,758b43b5df2c8de0ce5c400cc935de7c28594bc19da14c3270725c7839c96a71,исходный гайденс 2024; периметр — без Росбанка
np_growth,2024,2024-08-20,МСФО 2К24,мы сохраняем свой прогноз по росту чистой прибыли на год больше 30%,30,,%,primary/2024Q2_ifrs_press.pdf,2,92959de9a3bfc8c8ae95228b96a6f74b91b6334486f4052ecbefd07a3293432d,подтверждён
np_growth,2024,2024-11-28,МСФО 3К24,По итогам всего 2024 года мы ожидаем рост чистой прибыли Группы с учетом Росбанка на более чем 40%,40,,%,primary/2024Q3_ifrs_press.pdf,2,9d074adbda8ba19d197844ec830ec2b9134dc51727d5581ce7fba7db6acc62ab,"пересмотр вверх: 30 → 40, периметр — с Росбанком"
active_clients_growth,2024,2025-03-20,МСФО 4К24 (факт),"Активные клиенты, млн: 32,4 против 27,9, +16%",16,16,%,primary/2024Q4_ifrs_press.pdf,4,2c865279632abb132cde8ce94644851928fca23de1a2828e9694e9d357cdd49d,выполнение: +16 % при гайденсе «более 20 %»
cor_max,2024,2025-03-20,МСФО 4К24 (факт),"Стоимость риска: 2024 — 7,3%, 2023 — 6,2%",7.3,7.3,%,primary/2024Q4_ifrs_press.pdf,4,2c865279632abb132cde8ce94644851928fca23de1a2828e9694e9d357cdd49d,"выполнение: 7,3 % при гайденсе «менее 7 %»; факт — с Росбанком и резервом первого дня 12,9 млрд ₽, гайденс — без Росбанка"
np_growth,2024,2025-03-20,МСФО 4К24 (факт),"перешагнула символическую планку в 1 млрд долларов чистой прибыли, превысив при этом более чем на 20% наш изначальный прогноз",51,51,%,primary/2024Q4_ifrs_press.pdf,2,2c865279632abb132cde8ce94644851928fca23de1a2828e9694e9d357cdd49d,"выполнение: чистая прибыль 122 против 81 млрд ₽, +51 % (таблица с. 4), с Росбанком; гайденс «более 30 %» давался без Росбанка"
cir,2024,2026-09-09,Databook (факт),"Соотношение затрат/доходов (включая затраты на привлечение): 48,9 % за 2024 год против 53,3 % за 2023 год",48.9,48.9,%,primary/t-databook-key-financial-ratios_pub2026-09-09.xlsx,PL_old!AU58,11386cbbb9ffb0bc472e24cbae1464ad283acf267143e104d05767bd0bc284c8,"выполнение: снижение г/г — выполнено (PL_old!AU58 и AQ58, прежняя методика)"
nii_growth,2024,2026-09-09,Databook (факт),"Чистые процентные доходы: 379,6 млрд ₽ за 2024 год против 230,3 млрд ₽ за 2023 год",64.8,64.8,%,primary/t-databook-key-financial-ratios_pub2026-09-09.xlsx,PL_old!AU8,11386cbbb9ffb0bc472e24cbae1464ad283acf267143e104d05767bd0bc284c8,"выполнение: +64,8 % (расчёт по PL_old!AU8 и AQ8, прежняя методика) при гайденсе «более 40 %»; с Росбанком"
np_growth,2025,2025-03-20,МСФО 4К24,"ожидать рост чистой прибыли за весь 2025 год минимум на 40%, как обычно с большим вкладом второго полугодия, при сохранении рентабельности по итогам года на привычно высоком уровне более 30%",40,,%,primary/2024Q4_ifrs_press.pdf,3,2c865279632abb132cde8ce94644851928fca23de1a2828e9694e9d357cdd49d,исходный гайденс 2025; на с. 1: «…не менее чем на 40% при рентабельности капитала больше 30%»
np_growth,2025,2025-03-20,МСФО 4К24,Ожидания на 2025: >40% рост чистой прибыли,40,,%,primary/2024Q4_ifrs_presentation.pdf,2,c5c3722f96876fdf973a2c538bfc43aa24f520c04cb41f74e064dcb6eb3c64d7,слайд
roe,2025,2025-03-20,МСФО 4К24,при сохранении рентабельности по итогам года на привычно высоком уровне более 30%,30,,%,primary/2024Q4_ifrs_press.pdf,3,2c865279632abb132cde8ce94644851928fca23de1a2828e9694e9d357cdd49d,исходный гайденс 2025
roe,2025,2025-03-20,МСФО 4К24,Ожидания на 2025: >30% доходность на капитал (ROE),30,,%,primary/2024Q4_ifrs_presentation.pdf,2,c5c3722f96876fdf973a2c538bfc43aa24f520c04cb41f74e064dcb6eb3c64d7,слайд
np_growth,2025,2025-05-22,МСФО 1К25,Прогноз на 2025 год: рост чистой прибыли Группы минимум на 40% при рентабельности капитала больше 30%,40,,%,primary/2025Q1_ifrs_press.pdf,1,c322ffdbf18334f50f119bd7d620f9c2350d4e3e21089cf633117786ab64629a,подтверждён
roe,2025,2025-05-22,МСФО 1К25,Прогноз на 2025 год: рост чистой прибыли Группы минимум на 40% при рентабельности капитала больше 30%,30,,%,primary/2025Q1_ifrs_press.pdf,1,c322ffdbf18334f50f119bd7d620f9c2350d4e3e21089cf633117786ab64629a,подтверждён; с. 2: «подтверждаем восходящий тренд по ROE во втором полугодии»
op_np_growth,2025,2025-08-21,МСФО 2К25,Мы сохраняем ориентиры на весь 2025 год с учетом более высокого вклада второго полугодия: рост операционной чистой прибыли не менее 40% и рентабельность капитала (ROE) выше 30%,40,,%,primary/2025Q2_ifrs_press.pdf,2,ebf2113605fdf9d3554d5f9e3b9e335bc515636fd18c594c3dc829a3aa43c89f,подтверждён; база сменилась на операционную чистую прибыль (после сделки с Яндексом)
roe,2025,2025-08-21,МСФО 2К25,рост операционной чистой прибыли не менее 40% и рентабельность капитала (ROE) выше 30%,30,,%,primary/2025Q2_ifrs_press.pdf,2,ebf2113605fdf9d3554d5f9e3b9e335bc515636fd18c594c3dc829a3aa43c89f,подтверждён; ROE — операционный
op_np_growth,2025,2025-11-20,МСФО 3К25,Прогноз на 2025 год: рост операционной чистой прибыли Группы* минимум на 40% при 30%-ной рентабельности капитала,40,,%,primary/2025Q3_ifrs_press.pdf,1,1ebe1c7f6c8109cbf390d9a1b6b3bc17c79bf02d59ff10563898b956f22684b6,подтверждён
roe,2025,2025-11-20,МСФО 3К25,"подтверждаем прогноз по росту операционной чистой прибыли в 2025 году на 40% и выше, ориентируясь при этом на рентабельность капитала в районе 30% по году",30,30,%,primary/2025Q3_ifrs_press.pdf,2,1ebe1c7f6c8109cbf390d9a1b6b3bc17c79bf02d59ff10563898b956f22684b6,смягчён: «больше 30 %» → «в районе 30 %»; слайд 2 презентации — «~30%»
roe,2025,2025-11-20,МСФО 3К25,Ожидания на 2025: ~30% доходность на капитал (ROE); >40% рост чистой прибыли,30,30,%,primary/2025Q3_ifrs_presentation.pdf,2,5f4a2af7a5397eb499630b9a77a03a5aa9d7f74beb31190c5ef8388c98a5949f,слайд; в презентации 2К25 (с. 2) стояло «>30%»
op_np_growth,2025,2026-03-19,МСФО 4К25 (факт),"Операционная чистая прибыль* … за 2025 г. выросла на 43% год к году, до 174,4 млрд руб. — что превышает прогноз, который Группа давала на 2025 г.",43,43,%,primary/2025Q4_ifrs_press.pdf,1,85a4dbc6c02d9264909b0f1a827b785f2e5f39f6ad10533012cfb380492f53d9,выполнение: факт +43 % при гайденсе «не менее 40 %»
roe,2025,2026-03-19,МСФО 4К25 (факт),"Рентабельность капитала Группы* по итогам 2025 г. составила 29,1%, а в IV квартале 2025 г. — 33,3%",29.1,29.1,%,primary/2025Q4_ifrs_press.pdf,1,85a4dbc6c02d9264909b0f1a827b785f2e5f39f6ad10533012cfb380492f53d9,"выполнение: факт 29,1 % против исходного «больше 30 %» и смягчённого «в районе 30 %»"
dps_growth,2026,2026-03-19,МСФО 4К25,Прогноз на 2026 год: рост операционной чистой прибыли Группы* на 20% и более при росте совокупных дивидендов на акцию за год более чем на 20%,20,,%,primary/2025Q4_ifrs_press.pdf,1,85a4dbc6c02d9264909b0f1a827b785f2e5f39f6ad10533012cfb380492f53d9,"исходный гайденс 2026; база — 149 ₽ за 2025 год до дробления (с. 2), то есть 14,9 ₽ после дробления 1:10"
op_np_growth,2026,2026-03-19,МСФО 4К25,Прогноз на 2026 год: рост операционной чистой прибыли Группы* на 20% и более при росте совокупных дивидендов на акцию за год более чем на 20%,20,,%,primary/2025Q4_ifrs_press.pdf,1,85a4dbc6c02d9264909b0f1a827b785f2e5f39f6ad10533012cfb380492f53d9,"исходный гайденс 2026; база — 174,4 млрд ₽ за 2025 год"
dps_growth,2026,2026-05-21,МСФО 1К26,Подтвержден прогноз на 2026 год: рост операционной чистой прибыли на 20% и выше с увеличением совокупных дивидендов на акцию за год более чем на 20%,20,,%,primary/2026Q1_ifrs_press.pdf,1,b21014e98f91cc5d03428a46b9081a71b8952be551b15d612c3617f8d63cca52,подтверждён
op_np_growth,2026,2026-05-21,МСФО 1К26,Подтвержден прогноз на 2026 год: рост операционной чистой прибыли на 20% и выше с увеличением совокупных дивидендов на акцию за год более чем на 20%,20,,%,primary/2026Q1_ifrs_press.pdf,1,b21014e98f91cc5d03428a46b9081a71b8952be551b15d612c3617f8d63cca52,подтверждён
dividend_yield,2026,2026-07-21,Стратегия повышения акционерной стоимости (СД 21.07.2026),"Ожидаемая дивидендная доходность за 2026 составляет 6,9%, что на 2,2 п.п. выше доходности за 2025 год",6.9,6.9,%,primary/strategy_shareholder_value.pdf,9,14849dd94cccc399c0448ee5d89067298be358db176afdbb5ae2fd791452c0af,по сноске слайда — консенсус-прогноз к цене на 18.06.2026
op_np_growth,2026,2026-07-21,Стратегия повышения акционерной стоимости (СД 21.07.2026),Ожидания на 2026: >20% рост операционной чистой прибыли; >20% рост дивидендов на акцию,20,,%,primary/strategy_shareholder_value.pdf,9,14849dd94cccc399c0448ee5d89067298be358db176afdbb5ae2fd791452c0af,повтор гайденса
dps_growth,2026,2026-08-11,МСФО 2К26,Подтвержден прогноз на 2026 год: рост операционной чистой прибыли на 20% и выше с увеличением совокупных дивидендов на акцию за год более чем на 20%,20,,%,primary/2026Q2_ifrs_press.pdf,1,529eb43fb73641df9773a68a4190c498f6066b2fe9159efb2485f7301ac24d9d,подтверждён
op_np_growth,2026,2026-08-11,МСФО 2К26,Подтвержден прогноз на 2026 год: рост операционной чистой прибыли на 20% и выше с увеличением совокупных дивидендов на акцию за год более чем на 20%,20,,%,primary/2026Q2_ifrs_press.pdf,1,529eb43fb73641df9773a68a4190c498f6066b2fe9159efb2485f7301ac24d9d,подтверждён; с. 2: «продолжаем ориентироваться на рост операционной чистой прибыли Группы и дивидендов на акцию Т на 20% и выше в 2026 году»
op_np_growth,2026,2026-08-11,МСФО 2К26 (факт 6М),"Операционная чистая прибыль*: 1П 2026 — 98,6 млрд руб., 1П 2025 — 74,9 млрд руб., +32%",32,32,%,primary/2026Q2_ifrs_press.pdf,4,529eb43fb73641df9773a68a4190c498f6066b2fe9159efb2485f7301ac24d9d,ход выполнения: +32 % за полугодие при гайденсе «20 % и выше»
autoru_synergy,2026-2029,2026-08-11,МСФО 2К26,оценивая дополнительный операционный доход Группы от синергий с Авто.ру в более 45 млрд рублей в ближайшие три года,45,,RUB bn,primary/2026Q2_ifrs_press.pdf,2,529eb43fb73641df9773a68a4190c498f6066b2fe9159efb2485f7301ac24d9d,не гайденс года; оценка менеджмента
roe_target,LT,2024-11-28,МСФО 3К24,"Группа обеспечена необходимым капиталом для дальнейшего устойчивого роста, который мы намерены использовать с доходностью не менее 30%",30,,%,primary/2024Q3_ifrs_press.pdf,2,9d074adbda8ba19d197844ec830ec2b9134dc51727d5581ce7fba7db6acc62ab,ориентир доходности на капитал без года
hurdle_rate,LT,2026-07-21,Стратегия повышения акционерной стоимости (СД 21.07.2026),Все продукты проходят фильтр минимальной нормы доходности в 30%+ для обеспечения устойчивой прибыльности,30,,%,primary/strategy_shareholder_value.pdf,7,14849dd94cccc399c0448ee5d89067298be358db176afdbb5ae2fd791452c0af,минимальная норма доходности продуктов
payout,LT,2026-07-21,Стратегия повышения акционерной стоимости (СД 21.07.2026),с учетом распределения до 30% чистой прибыли ежеквартально на дивиденды и планируемого выкупа до 5% от общего количества акций до конца 2026 года,,30,%,primary/strategy_shareholder_value.pdf,9,14849dd94cccc399c0448ee5d89067298be358db176afdbb5ae2fd791452c0af,потолок выплаты; выкуп — до 5 % акций до конца 2026
roe_target,LT,2026-07-21,Стратегия повышения акционерной стоимости (СД 21.07.2026),Стратегическая цель Группы и основа создания ценности для акционеров — таргетирование ROE 30%+. Целевой ROE ~30% доходность на капитал,30,,%,primary/strategy_shareholder_value.pdf,9,14849dd94cccc399c0448ee5d89067298be358db176afdbb5ae2fd791452c0af,цель стратегии; дата утверждения — с. 1 документа
