дата,всего,кредитный,рыночный,операционный,надбавки,"доля надбавок, %","плотность розницы, %",ссуды ФЛ ф.101,розница без надбавок,"к ссудам ФЛ, %",кредитный прочий,"операц./всего, %"
2024-06-30,2474,1327,137,309,701,28.3,164,1149.3,1184,103.0,143,12.5
2024-09-30,2569,1449,64,307,750,29.2,167,1162.9,1192,102.5,257,12.0
2024-12-31,3183,1791,66,405,920,28.9,160,1601.6,1643,102.6,148,12.7
2025-03-31,4388,2820,156,531,880,20.1,144,2057.1,2082,101.2,738,12.1
2025-06-30,4617,2967,123,531,996,21.6,148,2153.0,2190,101.7,777,11.5
2025-09-30,4871,3172,115,531,1053,21.6,148,2271.9,2309,101.7,863,10.9
2025-12-31,4988,3206,162,690,931,18.7,142,2268.3,2290,101.0,916,13.8
2026-03-31,5127,3302,163,698,964,18.8,145,2349.9,2443,104.0,859,13.6
2026-06-30,5325,3430,172,698,1026,19.3,145,2427.6,2494,102.7,936,13.1
