книга,остаток МСФО,кредитный,надбавки,рыночный,операционный,RWA банка,RWA группы,плотность (ключ книги),без операционного
cards,943.8,926.8,510.4,0.0,253.6,1690.5,1678.5,1.7784,1.5117
cash_loans,632.5,621.1,342.0,0.0,169.9,1132.9,1124.9,1.7784,1.5117
auto,790.2,776.0,137.0,0.0,161.1,1073.8,1066.2,1.3493,1.1470
mortgage,377.9,170.1,36.7,0.0,36.5,243.2,241.4,0.6389,0.5431
sme_loans,252.7,108.0,0.0,0.0,19.1,127.0,126.1,0.4991,0.4243
corp_loans,816.0,328.2,0.0,0.0,57.9,386.1,383.3,0.4698,0.3993
securities,745.8,74.6,0.0,0.0,0.0,74.6,74.0,0.0993,0.0993
liquidity,1073.5,32.2,0.0,0.0,0.0,32.2,32.0,0.0298,0.0298
other_assets,787.6,392.9,0.0,172.0,0.0,564.8,560.8,0.7121,0.7121
other_assets_fixed,205.5,0.0,0.0,0.0,0.0,0.0,0.0,0.0000,0.0000
итого,6625.5,3430.0,1026.0,172.0,698.0,5325.0,5287.3,,
