вариант,Dn 4К2026,Dn 4К2027,Dn 4К2028,"ставка до 2028, % в год"
центр,1.0219,1.0200,1.0126,+0.82
ступени 20/12/10 %,1.0097,0.9946,0.9808,-0.59
ступени 40/32/20 %,1.0341,1.0475,1.0488,+2.38
надбавки без тренда,1.0238,1.0258,1.0221,+1.20
надбавки -5 % в год,1.0190,1.0115,0.9989,+0.27
"надбавки -8,5 % в год (как 30.06.2025-30.06.2026)",1.0155,1.0017,0.9837,-0.35
постоянная часть не растёт,1.0185,1.0108,0.9993,+0.27
постоянная часть растёт с книгами,1.0252,1.0296,1.0273,+1.42
рост книг 12 %,1.0254,1.0311,1.0275,+1.45
рост книг 20 %,1.0185,1.0098,0.9926,+0.06
"низ: ступени 20/12/10, надбавки -8,5 %, постоянная часть не растёт",0.9999,0.9672,0.9387,-2.35
"верх: ступени 40/32/20, надбавки 0, постоянная часть с книгами",1.0393,1.0628,1.0730,+3.33
