мир,сценарий,показатель,2026,2027,2028,2029,2030,2031,2032
N,schedule,"Н20.0 на конец года, %",12.69,13.25,13.50,13.50,13.91,14.82,16.24
N,schedule,"требование Н20.0 с глиссадой, %",12.25,13.25,13.50,13.50,13.50,13.50,13.50
N,schedule,"пол Н20.0, %",10.00,10.75,12.00,12.00,12.00,12.00,12.00
N,schedule,"Н20.1 отчётный, минимум года, %",8.61,9.09,9.92,10.39,10.94,11.83,13.17
N,schedule,"пол Н20.1, %",6.50,7.25,8.50,8.50,8.50,8.50,8.50
N,schedule,"Н20.1 с прибылью на конец года, %",11.24,12.09,12.60,12.84,13.41,14.43,15.93
N,schedule,"lambda, среднее за год",1.00,0.78,0.88,1.00,1.00,1.00,1.00
N,schedule,"рост кредитов потенциальный, %",21.3,21.5,21.0,18.2,14.3,10.3,6.4
N,schedule,"рост кредитов фактический, %",21.3,16.4,18.2,19.5,15.7,11.4,7.2
N,schedule,"рост RWA, %",20.7,16.1,16.8,17.8,14.4,10.7,7.0
N,schedule,"уровень кредитов к потенциальному, %",100.0,95.8,93.6,94.7,95.8,96.7,97.5
N,schedule,"срез дивиденда, млрд руб.",0.0,0.0,0.0,0.0,0.0,0.0,0.0
N,schedule,"кредиты / средства клиентов, %",89.6,91.6,93.3,97.0,100.4,102.0,102.6
N,mid,"Н20.0 на конец года, %",12.75,13.75,14.25,14.50,14.50,15.13,16.36
N,mid,"требование Н20.0 с глиссадой, %",12.75,13.75,14.25,14.50,14.50,14.50,14.50
N,mid,"пол Н20.0, %",10.00,10.75,12.50,13.00,13.00,13.00,13.00
N,mid,"Н20.1 отчётный, минимум года, %",8.61,9.48,10.36,11.13,11.55,12.16,13.30
N,mid,"пол Н20.1, %",6.50,7.25,9.00,9.50,9.50,9.50,9.50
N,mid,"Н20.1 с прибылью на конец года, %",11.29,12.53,13.27,13.74,13.94,14.70,16.01
N,mid,"lambda, среднее за год",0.96,0.60,0.77,0.91,1.00,1.00,1.00
N,mid,"рост кредитов потенциальный, %",21.3,21.5,21.0,18.2,14.3,10.3,6.4
N,mid,"рост кредитов фактический, %",20.3,12.5,15.7,16.5,18.0,13.1,8.5
N,mid,"рост RWA, %",19.8,12.8,14.7,15.3,16.4,12.2,8.1
N,mid,"уровень кредитов к потенциальному, %",99.6,92.2,88.1,86.9,89.8,92.0,93.8
N,mid,"срез дивиденда, млрд руб.",0.0,0.0,0.0,0.0,0.0,0.0,0.0
N,mid,"кредиты / средства клиентов, %",89.3,88.1,87.8,89.0,94.0,97.0,98.8
N,strict,"Н20.0 на конец года, %",12.75,13.75,14.25,14.75,15.00,15.32,16.34
N,strict,"требование Н20.0 с глиссадой, %",12.75,13.75,14.25,14.75,15.00,15.00,15.00
N,strict,"пол Н20.0, %",10.00,10.75,12.50,13.00,13.50,13.50,13.50
N,strict,"Н20.1 отчётный, минимум года, %",8.61,9.48,10.31,11.09,11.81,12.37,13.29
N,strict,"пол Н20.1, %",6.50,7.25,9.00,9.50,10.00,10.00,10.00
N,strict,"Н20.1 с прибылью на конец года, %",11.29,12.53,13.24,13.93,14.37,14.84,15.96
N,strict,"lambda, среднее за год",0.96,0.60,0.65,0.81,0.96,1.00,1.00
N,strict,"рост кредитов потенциальный, %",21.3,21.5,21.0,18.2,14.3,10.3,6.4
N,strict,"рост кредитов фактический, %",20.3,12.5,13.1,14.4,15.5,14.9,9.7
N,strict,"рост RWA, %",19.8,12.8,12.5,13.4,14.2,13.6,9.2
N,strict,"уровень кредитов к потенциальному, %",99.6,92.2,86.2,83.5,84.4,87.8,90.5
N,strict,"срез дивиденда, млрд руб.",0.0,0.0,0.0,0.0,0.0,0.0,0.0
N,strict,"кредиты / средства клиентов, %",89.3,88.1,85.9,85.5,88.3,92.5,95.3
H,schedule,"Н20.0 на конец года, %",12.69,13.25,13.50,13.50,13.50,14.08,15.20
H,schedule,"требование Н20.0 с глиссадой, %",12.25,13.25,13.50,13.50,13.50,13.50,13.50
H,schedule,"пол Н20.0, %",10.00,10.75,12.00,12.00,12.00,12.00,12.00
H,schedule,"Н20.1 отчётный, минимум года, %",8.61,9.08,9.92,10.25,10.67,11.23,12.28
H,schedule,"пол Н20.1, %",6.50,7.25,8.50,8.50,8.50,8.50,8.50
H,schedule,"Н20.1 с прибылью на конец года, %",11.24,12.09,12.60,12.84,13.04,13.75,14.96
H,schedule,"lambda, среднее за год",1.00,0.73,0.79,0.92,1.00,1.00,1.00
H,schedule,"рост кредитов потенциальный, %",21.3,23.1,23.4,20.1,16.1,12.0,8.0
H,schedule,"рост кредитов фактический, %",21.3,16.3,18.0,19.4,18.9,14.2,9.6
H,schedule,"рост RWA, %",20.7,16.2,16.9,18.0,17.4,13.3,9.3
H,schedule,"уровень кредитов к потенциальному, %",100.0,94.5,90.4,89.9,92.0,93.8,95.2
H,schedule,"срез дивиденда, млрд руб.",0.0,0.0,0.0,0.0,0.0,0.0,0.0
H,schedule,"кредиты / средства клиентов, %",89.6,90.3,90.1,92.0,96.4,98.9,100.2
H,mid,"Н20.0 на конец года, %",12.75,13.75,14.25,14.50,14.50,14.64,15.46
H,mid,"требование Н20.0 с глиссадой, %",12.75,13.75,14.25,14.50,14.50,14.50,14.50
H,mid,"пол Н20.0, %",10.00,10.75,12.50,13.00,13.00,13.00,13.00
H,mid,"Н20.1 отчётный, минимум года, %",8.61,9.48,10.35,11.12,11.39,11.82,12.56
H,mid,"пол Н20.1, %",6.50,7.25,9.00,9.50,9.50,9.50,9.50
H,mid,"Н20.1 с прибылью на конец года, %",11.29,12.53,13.27,13.74,13.94,14.24,15.17
H,mid,"lambda, среднее за год",0.96,0.56,0.68,0.83,0.95,1.00,1.00
H,mid,"рост кредитов потенциальный, %",21.3,23.1,23.4,20.1,16.1,12.0,8.0
H,mid,"рост кредитов фактический, %",20.3,12.3,15.5,16.3,18.0,16.8,11.5
H,mid,"рост RWA, %",19.8,12.8,14.7,15.3,16.6,15.5,10.9
H,mid,"уровень кредитов к потенциальному, %",99.6,90.9,85.1,82.4,83.7,87.3,90.1
H,mid,"срез дивиденда, млрд руб.",0.0,0.0,0.0,0.0,0.0,0.0,0.0
H,mid,"кредиты / средства клиентов, %",89.3,86.9,84.8,84.4,87.7,92.0,94.9
H,strict,"Н20.0 на конец года, %",12.75,13.75,14.25,14.75,15.00,15.00,15.54
H,strict,"требование Н20.0 с глиссадой, %",12.75,13.75,14.25,14.75,15.00,15.00,15.00
H,strict,"пол Н20.0, %",10.00,10.75,12.50,13.00,13.50,13.50,13.50
H,strict,"Н20.1 отчётный, минимум года, %",8.61,9.48,10.31,11.09,11.80,12.00,12.66
H,strict,"пол Н20.1, %",6.50,7.25,9.00,9.50,10.00,10.00,10.00
H,strict,"Н20.1 с прибылью на конец года, %",11.29,12.53,13.24,13.94,14.37,14.55,15.21
H,strict,"lambda, среднее за год",0.96,0.56,0.58,0.73,0.93,1.00,1.00
H,strict,"рост кредитов потенциальный, %",21.3,23.1,23.4,20.1,16.1,12.0,8.0
H,strict,"рост кредитов фактический, %",20.3,12.3,12.9,14.2,15.3,17.2,13.2
H,strict,"рост RWA, %",19.8,12.8,12.5,13.5,14.3,15.9,12.3
H,strict,"уровень кредитов к потенциальному, %",99.6,90.9,83.2,79.1,78.6,82.3,86.2
H,strict,"срез дивиденда, млрд руб.",0.0,0.0,0.0,0.0,0.0,0.0,0.0
H,strict,"кредиты / средства клиентов, %",89.3,86.9,82.9,81.1,82.4,86.7,90.8
M,schedule,"Н20.0 на конец года, %",12.69,13.25,13.50,13.50,13.50,13.50,13.78
M,schedule,"требование Н20.0 с глиссадой, %",12.25,13.25,13.50,13.50,13.50,13.50,13.50
M,schedule,"пол Н20.0, %",10.00,10.75,12.00,12.00,12.00,12.00,12.00
M,schedule,"Н20.1 отчётный, минимум года, %",8.61,9.09,9.92,10.25,10.50,10.68,11.16
M,schedule,"пол Н20.1, %",6.50,7.25,8.50,8.50,8.50,8.50,8.50
M,schedule,"Н20.1 с прибылью на конец года, %",11.24,12.09,12.60,12.84,13.04,13.21,13.62
M,schedule,"lambda, среднее за год",1.00,0.77,0.74,0.78,0.87,0.95,1.00
M,schedule,"рост кредитов потенциальный, %",21.3,21.8,24.7,24.6,20.5,16.4,12.3
M,schedule,"рост кредитов фактический, %",21.3,16.4,17.8,19.0,18.6,18.7,16.2
M,schedule,"рост RWA, %",20.7,16.1,16.9,18.0,17.7,17.7,15.5
M,schedule,"уровень кредитов к потенциальному, %",100.0,95.5,90.2,86.1,84.8,86.4,89.4
M,schedule,"срез дивиденда, млрд руб.",0.0,0.0,0.0,0.0,0.0,0.0,0.0
M,schedule,"кредиты / средства клиентов, %",89.6,91.3,89.9,88.2,88.8,91.1,94.2
M,mid,"Н20.0 на конец года, %",12.75,13.75,14.25,14.50,14.50,14.50,14.50
M,mid,"требование Н20.0 с глиссадой, %",12.75,13.75,14.25,14.50,14.50,14.50,14.50
M,mid,"пол Н20.0, %",10.00,10.75,12.50,13.00,13.00,13.00,13.00
M,mid,"Н20.1 отчётный, минимум года, %",8.61,9.48,10.35,11.12,11.38,11.56,11.71
M,mid,"пол Н20.1, %",6.50,7.25,9.00,9.50,9.50,9.50,9.50
M,mid,"Н20.1 с прибылью на конец года, %",11.29,12.53,13.27,13.74,13.94,14.12,14.27
M,mid,"lambda, среднее за год",0.96,0.59,0.64,0.67,0.84,0.94,1.00
M,mid,"рост кредитов потенциальный, %",21.3,21.8,24.7,24.6,20.5,16.4,12.3
M,mid,"рост кредитов фактический, %",20.3,12.4,15.3,15.9,17.5,17.6,17.7
M,mid,"рост RWA, %",19.8,12.8,14.7,15.4,16.7,16.8,16.8
M,mid,"уровень кредитов к потенциальному, %",99.6,91.9,85.0,79.0,77.0,77.8,81.6
M,mid,"срез дивиденда, млрд руб.",0.0,0.0,0.0,0.0,0.0,0.0,0.0
M,mid,"кредиты / средства клиентов, %",89.3,87.9,84.7,80.9,80.7,82.1,85.9
M,strict,"Н20.0 на конец года, %",12.75,13.75,14.25,14.75,15.00,15.00,15.00
M,strict,"требование Н20.0 с глиссадой, %",12.75,13.75,14.25,14.75,15.00,15.00,15.00
M,strict,"пол Н20.0, %",10.00,10.75,12.50,13.00,13.50,13.50,13.50
M,strict,"Н20.1 отчётный, минимум года, %",8.61,9.48,10.31,11.08,11.78,11.97,12.12
M,strict,"пол Н20.1, %",6.50,7.25,9.00,9.50,10.00,10.00,10.00
M,strict,"Н20.1 с прибылью на конец года, %",11.29,12.53,13.24,13.94,14.37,14.55,14.71
M,strict,"lambda, среднее за год",0.96,0.59,0.54,0.59,0.75,0.93,0.99
M,strict,"рост кредитов потенциальный, %",21.3,21.8,24.7,24.6,20.5,16.4,12.3
M,strict,"рост кредитов фактический, %",20.3,12.4,12.8,13.8,14.9,16.8,17.0
M,strict,"рост RWA, %",19.8,12.8,12.5,13.5,14.5,16.1,16.1
M,strict,"уровень кредитов к потенциальному, %",99.6,91.9,83.1,75.9,72.4,72.6,75.7
M,strict,"срез дивиденда, млрд руб.",0.0,0.0,0.0,0.0,0.0,0.0,0.0
M,strict,"кредиты / средства клиентов, %",89.3,87.9,82.8,77.7,75.8,76.6,79.7
