мир,сценарий,конец 2027,конец 2028,конец 2030,конец 2032,средняя lambda 2027-2028,кварталов с lambda < 1 до 2032,"срез дивиденда всего, млрд",срез в 1К2027 / 1К2028
N,schedule,95.8,93.6,95.8,97.5,0.83,6,0.0,0.0 / 0.0
N,mid,92.2,88.1,89.8,93.8,0.68,11,0.0,0.0 / 0.0
N,strict,92.2,86.2,84.4,90.5,0.62,13,0.0,0.0 / 0.0
H,schedule,94.5,90.4,92.0,95.2,0.76,8,0.0,0.0 / 0.0
H,mid,90.9,85.1,83.7,90.1,0.62,14,0.0,0.0 / 0.0
H,strict,90.9,83.2,78.6,86.2,0.57,15,0.0,0.0 / 0.0
M,schedule,95.5,90.2,84.8,89.4,0.75,13,0.0,0.0 / 0.0
M,mid,91.9,85.0,77.0,81.6,0.62,18,0.0,0.0 / 0.0
M,strict,91.9,83.1,72.4,75.7,0.57,19,0.0,0.0 / 0.0
