квартал,Н20.0,требование,пол,Н20.1 отчётный,Н20.1 с прибылью,требование Н20.1,lambda,навёрстывание,"RWA к/к, %",прибыль,дивиденд,срез,связывает
2026Q3,12.91,12.50,10.00,8.61,11.36,9.00,1.00,0.00,4.8,53.3,11.7,0.0,n20
2026Q4,12.75,12.75,10.00,10.32,11.29,9.25,0.91,0.00,4.4,55.7,24.2,0.0,n20
2027Q1,13.00,13.00,10.75,10.68,11.63,9.50,0.85,0.00,4.4,57.2,0.0,0.0,n20
2027Q2,13.25,13.25,10.75,10.07,11.94,9.75,0.57,0.00,3.1,59.2,12.3,0.0,n20
2027Q3,13.50,13.50,10.75,9.48,12.24,10.00,0.55,0.00,3.0,60.9,13.0,0.0,n20
2027Q4,13.75,13.75,10.75,11.57,12.53,10.25,0.26,0.00,1.7,62.3,27.2,0.0,n20
2028Q1,14.00,14.00,12.50,11.93,12.85,10.50,0.78,0.00,4.0,62.2,0.0,0.0,n20
2028Q2,14.00,14.00,12.50,11.13,12.92,10.50,0.83,0.00,4.2,64.8,14.2,0.0,n20
2028Q3,14.00,14.00,12.50,10.35,12.99,10.50,0.84,0.00,4.2,67.5,14.5,0.0,n20
2028Q4,14.25,14.25,12.50,12.34,13.27,10.75,0.28,0.00,1.6,69.5,30.1,0.0,n20
2029Q1,14.50,14.50,13.00,12.68,13.58,11.00,0.85,0.00,3.7,69.3,0.0,0.0,n20
2029Q2,14.50,14.50,13.00,11.89,13.64,11.00,0.91,0.00,4.0,71.9,15.7,0.0,n20
2029Q3,14.50,14.50,13.00,11.12,13.70,11.00,0.92,0.00,4.0,74.7,16.1,0.0,n20
2029Q4,14.50,14.50,13.00,12.84,13.74,11.00,0.64,0.00,2.9,77.2,33.5,0.0,n20
