# выдержка из stage1/calib/capital/data/zcyc_quarter_ends.csv (sha256 426a3be181cf480b00793add08ec844fcc0a09d0744f2c6bf457aff149a9514e): КБД MOEX ISS zcyc на последний торговый день квартала; узлы 1, 2, 3, 5, 10 лет
quarter_end,tradedate,tradetime,period_y,yield_pct,url,sha256
2024-09-30,2024-09-30,18:39:58,1.0,19.4332,"https://iss.moex.com/iss/engines/stock/zcyc.json?iss.meta=off&iss.only=params,yearyields&date=2024-09-30",38c32e27b4e1de01878c14f539f7ef151207dc281a410b200bf8a0dc6e1042c5
2024-09-30,2024-09-30,18:39:58,2.0,19.0476,"https://iss.moex.com/iss/engines/stock/zcyc.json?iss.meta=off&iss.only=params,yearyields&date=2024-09-30",38c32e27b4e1de01878c14f539f7ef151207dc281a410b200bf8a0dc6e1042c5
2024-09-30,2024-09-30,18:39:58,3.0,18.5199,"https://iss.moex.com/iss/engines/stock/zcyc.json?iss.meta=off&iss.only=params,yearyields&date=2024-09-30",38c32e27b4e1de01878c14f539f7ef151207dc281a410b200bf8a0dc6e1042c5
2024-09-30,2024-09-30,18:39:58,5.0,17.4696,"https://iss.moex.com/iss/engines/stock/zcyc.json?iss.meta=off&iss.only=params,yearyields&date=2024-09-30",38c32e27b4e1de01878c14f539f7ef151207dc281a410b200bf8a0dc6e1042c5
2024-09-30,2024-09-30,18:39:58,10.0,15.848,"https://iss.moex.com/iss/engines/stock/zcyc.json?iss.meta=off&iss.only=params,yearyields&date=2024-09-30",38c32e27b4e1de01878c14f539f7ef151207dc281a410b200bf8a0dc6e1042c5
2024-12-31,2024-12-30,18:39:59,1.0,18.5816,"https://iss.moex.com/iss/engines/stock/zcyc.json?iss.meta=off&iss.only=params,yearyields&date=2024-12-30",22b9391ab19de9d4b4ce7b77d23390a373cfef045f3f7608922b1f278bbffa03
2024-12-31,2024-12-30,18:39:59,2.0,18.056,"https://iss.moex.com/iss/engines/stock/zcyc.json?iss.meta=off&iss.only=params,yearyields&date=2024-12-30",22b9391ab19de9d4b4ce7b77d23390a373cfef045f3f7608922b1f278bbffa03
2024-12-31,2024-12-30,18:39:59,3.0,17.481,"https://iss.moex.com/iss/engines/stock/zcyc.json?iss.meta=off&iss.only=params,yearyields&date=2024-12-30",22b9391ab19de9d4b4ce7b77d23390a373cfef045f3f7608922b1f278bbffa03
2024-12-31,2024-12-30,18:39:59,5.0,16.5337,"https://iss.moex.com/iss/engines/stock/zcyc.json?iss.meta=off&iss.only=params,yearyields&date=2024-12-30",22b9391ab19de9d4b4ce7b77d23390a373cfef045f3f7608922b1f278bbffa03
2024-12-31,2024-12-30,18:39:59,10.0,15.2226,"https://iss.moex.com/iss/engines/stock/zcyc.json?iss.meta=off&iss.only=params,yearyields&date=2024-12-30",22b9391ab19de9d4b4ce7b77d23390a373cfef045f3f7608922b1f278bbffa03
2025-03-31,2025-03-31,18:39:57,1.0,18.2042,"https://iss.moex.com/iss/engines/stock/zcyc.json?iss.meta=off&iss.only=params,yearyields&date=2025-03-31",f7f7d913a915c6405db2b4e13c1a3d6653d64e692d8443b89c71eda48041a72e
2025-03-31,2025-03-31,18:39:57,2.0,16.656,"https://iss.moex.com/iss/engines/stock/zcyc.json?iss.meta=off&iss.only=params,yearyields&date=2025-03-31",f7f7d913a915c6405db2b4e13c1a3d6653d64e692d8443b89c71eda48041a72e
2025-03-31,2025-03-31,18:39:57,3.0,16.1145,"https://iss.moex.com/iss/engines/stock/zcyc.json?iss.meta=off&iss.only=params,yearyields&date=2025-03-31",f7f7d913a915c6405db2b4e13c1a3d6653d64e692d8443b89c71eda48041a72e
2025-03-31,2025-03-31,18:39:57,5.0,15.7231,"https://iss.moex.com/iss/engines/stock/zcyc.json?iss.meta=off&iss.only=params,yearyields&date=2025-03-31",f7f7d913a915c6405db2b4e13c1a3d6653d64e692d8443b89c71eda48041a72e
2025-03-31,2025-03-31,18:39:57,10.0,15.3253,"https://iss.moex.com/iss/engines/stock/zcyc.json?iss.meta=off&iss.only=params,yearyields&date=2025-03-31",f7f7d913a915c6405db2b4e13c1a3d6653d64e692d8443b89c71eda48041a72e
2025-06-30,2025-06-30,18:39:59,1.0,15.4032,"https://iss.moex.com/iss/engines/stock/zcyc.json?iss.meta=off&iss.only=params,yearyields&date=2025-06-30",ef7d6edd24999dee9642f18c6ebd84d2a1566daba1b429924fca956c53bc515a
2025-06-30,2025-06-30,18:39:59,2.0,14.6173,"https://iss.moex.com/iss/engines/stock/zcyc.json?iss.meta=off&iss.only=params,yearyields&date=2025-06-30",ef7d6edd24999dee9642f18c6ebd84d2a1566daba1b429924fca956c53bc515a
2025-06-30,2025-06-30,18:39:59,3.0,14.4592,"https://iss.moex.com/iss/engines/stock/zcyc.json?iss.meta=off&iss.only=params,yearyields&date=2025-06-30",ef7d6edd24999dee9642f18c6ebd84d2a1566daba1b429924fca956c53bc515a
2025-06-30,2025-06-30,18:39:59,5.0,14.5152,"https://iss.moex.com/iss/engines/stock/zcyc.json?iss.meta=off&iss.only=params,yearyields&date=2025-06-30",ef7d6edd24999dee9642f18c6ebd84d2a1566daba1b429924fca956c53bc515a
2025-06-30,2025-06-30,18:39:59,10.0,14.6737,"https://iss.moex.com/iss/engines/stock/zcyc.json?iss.meta=off&iss.only=params,yearyields&date=2025-06-30",ef7d6edd24999dee9642f18c6ebd84d2a1566daba1b429924fca956c53bc515a
2025-09-30,2025-09-30,18:49:58,1.0,14.249,"https://iss.moex.com/iss/engines/stock/zcyc.json?iss.meta=off&iss.only=params,yearyields&date=2025-09-30",b5b85bfafaf38902f3ae362e6f92746a69e2dac48ab56ce4a53c13c9dd9bcf61
2025-09-30,2025-09-30,18:49:58,2.0,14.4203,"https://iss.moex.com/iss/engines/stock/zcyc.json?iss.meta=off&iss.only=params,yearyields&date=2025-09-30",b5b85bfafaf38902f3ae362e6f92746a69e2dac48ab56ce4a53c13c9dd9bcf61
2025-09-30,2025-09-30,18:49:58,3.0,14.5949,"https://iss.moex.com/iss/engines/stock/zcyc.json?iss.meta=off&iss.only=params,yearyields&date=2025-09-30",b5b85bfafaf38902f3ae362e6f92746a69e2dac48ab56ce4a53c13c9dd9bcf61
2025-09-30,2025-09-30,18:49:58,5.0,14.8047,"https://iss.moex.com/iss/engines/stock/zcyc.json?iss.meta=off&iss.only=params,yearyields&date=2025-09-30",b5b85bfafaf38902f3ae362e6f92746a69e2dac48ab56ce4a53c13c9dd9bcf61
2025-09-30,2025-09-30,18:49:58,10.0,14.93,"https://iss.moex.com/iss/engines/stock/zcyc.json?iss.meta=off&iss.only=params,yearyields&date=2025-09-30",b5b85bfafaf38902f3ae362e6f92746a69e2dac48ab56ce4a53c13c9dd9bcf61
2025-12-31,2025-12-30,18:49:59,1.0,13.1354,"https://iss.moex.com/iss/engines/stock/zcyc.json?iss.meta=off&iss.only=params,yearyields&date=2025-12-30",ebea0088809806405947739f5e9b0021381c046890ab0afea745f8fb5b9fe1ad
2025-12-31,2025-12-30,18:49:59,2.0,13.918,"https://iss.moex.com/iss/engines/stock/zcyc.json?iss.meta=off&iss.only=params,yearyields&date=2025-12-30",ebea0088809806405947739f5e9b0021381c046890ab0afea745f8fb5b9fe1ad
2025-12-31,2025-12-30,18:49:59,3.0,14.3046,"https://iss.moex.com/iss/engines/stock/zcyc.json?iss.meta=off&iss.only=params,yearyields&date=2025-12-30",ebea0088809806405947739f5e9b0021381c046890ab0afea745f8fb5b9fe1ad
2025-12-31,2025-12-30,18:49:59,5.0,14.5847,"https://iss.moex.com/iss/engines/stock/zcyc.json?iss.meta=off&iss.only=params,yearyields&date=2025-12-30",ebea0088809806405947739f5e9b0021381c046890ab0afea745f8fb5b9fe1ad
2025-12-31,2025-12-30,18:49:59,10.0,14.4382,"https://iss.moex.com/iss/engines/stock/zcyc.json?iss.meta=off&iss.only=params,yearyields&date=2025-12-30",ebea0088809806405947739f5e9b0021381c046890ab0afea745f8fb5b9fe1ad
2026-03-31,2026-03-31,18:49:59,1.0,13.0459,"https://iss.moex.com/iss/engines/stock/zcyc.json?iss.meta=off&iss.only=params,yearyields&date=2026-03-31",98e6dcc68e9cd9d25dbd9cc85d62f552d2f827e52c6aa2e0347e72ffe3cb9ca7
2026-03-31,2026-03-31,18:49:59,2.0,13.7965,"https://iss.moex.com/iss/engines/stock/zcyc.json?iss.meta=off&iss.only=params,yearyields&date=2026-03-31",98e6dcc68e9cd9d25dbd9cc85d62f552d2f827e52c6aa2e0347e72ffe3cb9ca7
2026-03-31,2026-03-31,18:49:59,3.0,14.2308,"https://iss.moex.com/iss/engines/stock/zcyc.json?iss.meta=off&iss.only=params,yearyields&date=2026-03-31",98e6dcc68e9cd9d25dbd9cc85d62f552d2f827e52c6aa2e0347e72ffe3cb9ca7
2026-03-31,2026-03-31,18:49:59,5.0,14.5789,"https://iss.moex.com/iss/engines/stock/zcyc.json?iss.meta=off&iss.only=params,yearyields&date=2026-03-31",98e6dcc68e9cd9d25dbd9cc85d62f552d2f827e52c6aa2e0347e72ffe3cb9ca7
2026-03-31,2026-03-31,18:49:59,10.0,14.5182,"https://iss.moex.com/iss/engines/stock/zcyc.json?iss.meta=off&iss.only=params,yearyields&date=2026-03-31",98e6dcc68e9cd9d25dbd9cc85d62f552d2f827e52c6aa2e0347e72ffe3cb9ca7
2026-06-30,2026-06-30,18:49:58,1.0,13.4125,"https://iss.moex.com/iss/engines/stock/zcyc.json?iss.meta=off&iss.only=params,yearyields&date=2026-06-30",90b297f62e10f888ba8d91f85b56ae7d21365e660a1794331315a5b47a12113a
2026-06-30,2026-06-30,18:49:58,2.0,13.873,"https://iss.moex.com/iss/engines/stock/zcyc.json?iss.meta=off&iss.only=params,yearyields&date=2026-06-30",90b297f62e10f888ba8d91f85b56ae7d21365e660a1794331315a5b47a12113a
2026-06-30,2026-06-30,18:49:58,3.0,14.4687,"https://iss.moex.com/iss/engines/stock/zcyc.json?iss.meta=off&iss.only=params,yearyields&date=2026-06-30",90b297f62e10f888ba8d91f85b56ae7d21365e660a1794331315a5b47a12113a
2026-06-30,2026-06-30,18:49:58,5.0,15.4188,"https://iss.moex.com/iss/engines/stock/zcyc.json?iss.meta=off&iss.only=params,yearyields&date=2026-06-30",90b297f62e10f888ba8d91f85b56ae7d21365e660a1794331315a5b47a12113a
2026-06-30,2026-06-30,18:49:58,10.0,16.377,"https://iss.moex.com/iss/engines/stock/zcyc.json?iss.meta=off&iss.only=params,yearyields&date=2026-06-30",90b297f62e10f888ba8d91f85b56ae7d21365e660a1794331315a5b47a12113a
2026-09-30,2026-09-30,18:12:28,1.0,13.7236,"https://iss.moex.com/iss/engines/stock/zcyc.json?iss.meta=off&iss.only=params,yearyields&date=2026-09-30",f48097ea5bbcd494b7274128bab93c984105df100c148a2014dc9a078766c685
2026-09-30,2026-09-30,18:12:28,2.0,15.1423,"https://iss.moex.com/iss/engines/stock/zcyc.json?iss.meta=off&iss.only=params,yearyields&date=2026-09-30",f48097ea5bbcd494b7274128bab93c984105df100c148a2014dc9a078766c685
2026-09-30,2026-09-30,18:12:28,3.0,15.8186,"https://iss.moex.com/iss/engines/stock/zcyc.json?iss.meta=off&iss.only=params,yearyields&date=2026-09-30",f48097ea5bbcd494b7274128bab93c984105df100c148a2014dc9a078766c685
2026-09-30,2026-09-30,18:12:28,5.0,16.4014,"https://iss.moex.com/iss/engines/stock/zcyc.json?iss.meta=off&iss.only=params,yearyields&date=2026-09-30",f48097ea5bbcd494b7274128bab93c984105df100c148a2014dc9a078766c685
2026-09-30,2026-09-30,18:12:28,10.0,16.8646,"https://iss.moex.com/iss/engines/stock/zcyc.json?iss.meta=off&iss.only=params,yearyields&date=2026-09-30",f48097ea5bbcd494b7274128bab93c984105df100c148a2014dc9a078766c685
