world,period,half,key_avg,cpi_yoy_avg,cpi_yoy_eop_half,nominal_wage_yoy,ofz_1y,ofz_3y,ofz_5y,ofz_10y,zero_curve_lt
N,2026Q3,2026H2,13.9,6.5,6.6,8.5,13.87,15.69,16.2,16.4,
N,2026Q4,2026H2,13.9,6.5,6.6,8.5,13.87,15.69,16.2,16.4,
N,2027Q1,2027H1,13.0,5.6,5.2,7.8,12.7,13.91,14.3,14.48,
N,2027Q2,2027H1,13.0,5.6,5.2,7.8,12.7,13.91,14.3,14.48,
N,2027Q3,2027H2,11.5,5.0,4.5,7.2,11.15,12.27,12.77,13.03,
N,2027Q4,2027H2,11.5,5.0,4.5,7.2,11.15,12.27,12.77,13.03,
N,2028Q1,2028H1,10.25,4.3,4.2,7.0,9.88,11.08,11.63,11.95,
N,2028Q2,2028H1,10.25,4.3,4.2,7.0,9.88,11.08,11.63,11.95,
N,2028Q3,2028H2,9.25,4.1,4.0,7.0,9.03,10.25,10.81,11.16,
N,2028Q4,2028H2,9.25,4.1,4.0,7.0,9.03,10.25,10.81,11.16,
N,2029Q1,2029H1,8.75,4.0,4.0,6.5,8.45,9.69,10.23,10.58,
N,2029Q2,2029H1,8.75,4.0,4.0,6.5,8.45,9.69,10.23,10.58,
N,2029Q3,2029H2,8.25,4.0,4.0,6.5,8.02,9.3,9.81,10.14,
N,2029Q4,2029H2,8.25,4.0,4.0,6.5,8.02,9.3,9.81,10.14,
N,2030Q1,2030H1,8.0,4.0,4.0,6.3,7.85,9.06,9.53,9.83,
N,2030Q2,2030H1,8.0,4.0,4.0,6.3,7.85,9.06,9.53,9.83,
N,2030Q3,2030H2,8.0,4.0,4.0,6.3,7.82,8.91,9.33,9.61,
N,2030Q4,2030H2,8.0,4.0,4.0,6.3,7.82,8.91,9.33,9.61,
N,2031Q1,2031H1,8.0,4.0,4.0,6.3,7.79,8.8,9.18,9.44,
N,2031Q2,2031H1,8.0,4.0,4.0,6.3,7.79,8.8,9.18,9.44,
N,2031Q3,2031H2,8.0,4.0,4.0,6.3,7.77,8.71,9.07,9.31,
N,2031Q4,2031H2,8.0,4.0,4.0,6.3,7.77,8.71,9.07,9.31,
N,2032Q1,2032H1,8.0,4.0,4.0,6.3,7.76,8.64,8.99,9.21,
N,2032Q2,2032H1,8.0,4.0,4.0,6.3,7.76,8.64,8.99,9.21,
N,2032Q3,2032H2,8.0,4.0,4.0,6.3,7.75,8.59,8.92,9.13,
N,2032Q4,2032H2,8.0,4.0,4.0,6.3,7.75,8.59,8.92,9.13,
N,2033Q1,2033H1,8.0,4.0,4.0,6.3,7.74,8.56,8.87,9.08,
N,2033Q2,2033H1,8.0,4.0,4.0,6.3,7.74,8.56,8.87,9.08,
N,2033Q3,2033H2,8.0,4.0,4.0,6.3,7.73,8.53,8.83,9.03,
N,2033Q4,2033H2,8.0,4.0,4.0,6.3,7.73,8.53,8.83,9.03,
N,2034Q1,2034H1,8.0,4.0,4.0,6.3,7.73,8.51,8.81,9.0,
N,2034Q2,2034H1,8.0,4.0,4.0,6.3,7.73,8.51,8.81,9.0,
N,2034Q3,2034H2,8.0,4.0,4.0,6.3,7.72,8.49,8.78,8.98,
N,2034Q4,2034H2,8.0,4.0,4.0,6.3,7.72,8.49,8.78,8.98,
N,2035Q1,2035H1,8.0,4.0,4.0,6.3,7.72,8.48,8.77,8.96,
N,2035Q2,2035H1,8.0,4.0,4.0,6.3,7.72,8.48,8.77,8.96,
N,2035Q3,2035H2,8.0,4.0,4.0,6.3,7.72,8.47,8.76,8.94,
N,2035Q4,2035H2,8.0,4.0,4.0,6.3,7.72,8.47,8.76,8.94,
N,2036Q1,2036H1,8.0,4.0,4.0,6.3,7.72,8.46,8.75,8.93,
N,2036Q2,2036H1,8.0,4.0,4.0,6.3,7.72,8.46,8.75,8.93,
N,2036Q3,2036H2,8.0,4.0,4.0,6.3,7.71,8.46,8.74,8.93,
N,2036Q4,2036H2,8.0,4.0,4.0,6.3,7.71,8.46,8.74,8.93,
N,LT,LT,8.0,4.0,4.0,6.3,7.71,8.46,8.74,8.93,9.0
H,2026Q3,2026H2,14.0,6.6,7.0,9.5,13.96,15.96,16.39,16.44,
H,2026Q4,2026H2,14.0,6.6,7.0,9.5,13.96,15.96,16.39,16.44,
H,2027Q1,2027H1,14.0,6.6,6.8,9.5,14.25,15.69,15.88,15.77,
H,2027Q2,2027H1,14.0,6.6,6.8,9.5,14.25,15.69,15.88,15.77,
H,2027Q3,2027H2,14.0,6.7,6.5,9.5,13.69,14.96,15.19,15.2,
H,2027Q4,2027H2,14.0,6.7,6.5,9.5,13.69,14.96,15.19,15.2,
H,2028Q1,2028H1,13.0,6.4,6.3,9.0,12.89,14.24,14.54,14.69,
H,2028Q2,2028H1,13.0,6.4,6.3,9.0,12.89,14.24,14.54,14.69,
H,2028Q3,2028H2,12.5,6.1,6.0,8.6,12.35,13.63,14.05,14.28,
H,2028Q4,2028H2,12.5,6.1,6.0,8.6,12.35,13.63,14.05,14.28,
H,2029Q1,2029H1,12.0,5.8,5.7,8.2,11.81,13.14,13.64,13.94,
H,2029Q2,2029H1,12.0,5.8,5.7,8.2,11.81,13.14,13.64,13.94,
H,2029Q3,2029H2,11.5,5.6,5.5,7.8,11.41,12.76,13.32,13.67,
H,2029Q4,2029H2,11.5,5.6,5.5,7.8,11.41,12.76,13.32,13.67,
H,2030Q1,2030H1,11.25,5.5,5.5,7.5,11.13,12.48,13.07,13.45,
H,2030Q2,2030H1,11.25,5.5,5.5,7.5,11.13,12.48,13.07,13.45,
H,2030Q3,2030H2,11.0,5.5,5.5,7.5,10.74,12.26,12.87,13.27,
H,2030Q4,2030H2,11.0,5.5,5.5,7.5,10.74,12.26,12.87,13.27,
H,2031Q1,2031H1,10.5,5.5,5.5,7.5,10.47,12.1,12.72,13.13,
H,2031Q2,2031H1,10.5,5.5,5.5,7.5,10.47,12.1,12.72,13.13,
H,2031Q3,2031H2,10.5,5.5,5.5,7.5,10.45,12.03,12.63,13.03,
H,2031Q4,2031H2,10.5,5.5,5.5,7.5,10.45,12.03,12.63,13.03,
H,2032Q1,2032H1,10.5,5.5,5.5,7.5,10.44,11.97,12.56,12.94,
H,2032Q2,2032H1,10.5,5.5,5.5,7.5,10.44,11.97,12.56,12.94,
H,2032Q3,2032H2,10.5,5.5,5.5,7.5,10.43,11.93,12.5,12.87,
H,2032Q4,2032H2,10.5,5.5,5.5,7.5,10.43,11.93,12.5,12.87,
H,2033Q1,2033H1,10.5,5.5,5.5,7.5,10.42,11.89,12.45,12.81,
H,2033Q2,2033H1,10.5,5.5,5.5,7.5,10.42,11.89,12.45,12.81,
H,2033Q3,2033H2,10.5,5.5,5.5,7.5,10.41,11.85,12.4,12.76,
H,2033Q4,2033H2,10.5,5.5,5.5,7.5,10.41,11.85,12.4,12.76,
H,2034Q1,2034H1,10.5,5.5,5.5,7.5,10.41,11.82,12.37,12.72,
H,2034Q2,2034H1,10.5,5.5,5.5,7.5,10.41,11.82,12.37,12.72,
H,2034Q3,2034H2,10.5,5.5,5.5,7.5,10.4,11.8,12.34,12.69,
H,2034Q4,2034H2,10.5,5.5,5.5,7.5,10.4,11.8,12.34,12.69,
H,2035Q1,2035H1,10.5,5.5,5.5,7.5,10.4,11.78,12.31,12.66,
H,2035Q2,2035H1,10.5,5.5,5.5,7.5,10.4,11.78,12.31,12.66,
H,2035Q3,2035H2,10.5,5.5,5.5,7.5,10.39,11.76,12.29,12.63,
H,2035Q4,2035H2,10.5,5.5,5.5,7.5,10.39,11.76,12.29,12.63,
H,2036Q1,2036H1,10.5,5.5,5.5,7.5,10.39,11.75,12.27,12.61,
H,2036Q2,2036H1,10.5,5.5,5.5,7.5,10.39,11.75,12.27,12.61,
H,2036Q3,2036H2,10.5,5.5,5.5,7.5,10.39,11.74,12.26,12.59,
H,2036Q4,2036H2,10.5,5.5,5.5,7.5,10.39,11.74,12.26,12.59,
H,LT,LT,10.5,5.5,5.5,7.5,10.39,11.74,12.26,12.59,12.7
M,2026Q3,2026H2,14.0,6.5,6.8,9.0,13.6,15.48,16.14,16.46,
M,2026Q4,2026H2,14.0,6.5,6.8,9.0,13.6,15.48,16.14,16.46,
M,2027Q1,2027H1,14.4,5.8,4.8,7.8,14.95,16.15,16.56,16.65,
M,2027Q2,2027H1,14.4,5.8,4.8,7.8,14.95,16.15,16.56,16.65,
M,2027Q3,2027H2,15.9,5.4,6.0,7.3,16.04,16.58,16.81,16.76,
M,2027Q4,2027H2,15.9,5.4,6.0,7.3,16.04,16.58,16.81,16.76,
M,2028Q1,2028H1,16.7,6.7,7.5,8.5,16.59,16.89,16.97,16.82,
M,2028Q2,2028H1,16.7,6.7,7.5,8.5,16.59,16.89,16.97,16.82,
M,2028Q3,2028H2,17.1,8.1,8.8,10.0,16.88,17.05,17.02,16.82,
M,2028Q4,2028H2,17.1,8.1,8.8,10.0,16.88,17.05,17.02,16.82,
M,2029Q1,2029H1,17.4,9.3,9.8,11.1,16.93,17.09,17.02,16.82,
M,2029Q2,2029H1,17.4,9.3,9.8,11.1,16.93,17.09,17.02,16.82,
M,2029Q3,2029H2,17.5,10.1,10.4,11.8,16.82,17.04,16.96,16.79,
M,2029Q4,2029H2,17.5,10.1,10.4,11.8,16.82,17.04,16.96,16.79,
M,2030Q1,2030H1,17.5,10.5,10.6,12.1,17.15,17.11,16.96,16.79,
M,2030Q2,2030H1,17.5,10.5,10.6,12.1,17.15,17.11,16.96,16.79,
M,2030Q3,2030H2,17.5,10.5,10.5,12.1,17.45,17.13,16.92,16.78,
M,2030Q4,2030H2,17.5,10.5,10.5,12.1,17.45,17.13,16.92,16.78,
M,2031Q1,2031H1,17.0,10.4,10.3,11.9,17.19,17.01,16.86,16.75,
M,2031Q2,2031H1,17.0,10.4,10.3,11.9,17.19,17.01,16.86,16.75,
M,2031Q3,2031H2,17.0,10.5,10.8,12.0,16.87,16.85,16.77,16.7,
M,2031Q4,2031H2,17.0,10.5,10.8,12.0,16.87,16.85,16.77,16.7,
M,2032Q1,2032H1,17.0,11.3,11.9,12.8,16.99,16.82,16.75,16.7,
M,2032Q2,2032H1,17.0,11.3,11.9,12.8,16.99,16.82,16.75,16.7,
M,2032Q3,2032H2,17.0,12.3,12.7,13.8,17.09,16.77,16.72,16.69,
M,2032Q4,2032H2,17.0,12.3,12.7,13.8,17.09,16.77,16.72,16.69,
M,2033Q1,2033H1,17.0,12.5,12.3,14.0,16.85,16.71,16.67,16.67,
M,2033Q2,2033H1,17.0,12.5,12.3,14.0,16.85,16.71,16.67,16.67,
M,2033Q3,2033H2,17.0,11.6,11.0,13.1,16.59,16.64,16.62,16.65,
M,2033Q4,2033H2,17.0,11.6,11.0,13.1,16.59,16.64,16.62,16.65,
M,2034Q1,2034H1,17.0,10.5,10.0,12.0,16.61,16.64,16.63,16.67,
M,2034Q2,2034H1,17.0,10.5,10.0,12.0,16.61,16.64,16.63,16.67,
M,2034Q3,2034H2,17.0,9.9,9.8,11.4,16.64,16.64,16.63,16.67,
M,2034Q4,2034H2,17.0,9.9,9.8,11.4,16.64,16.64,16.63,16.67,
M,2035Q1,2035H1,17.0,9.8,9.8,11.3,16.66,16.63,16.63,16.68,
M,2035Q2,2035H1,17.0,9.8,9.8,11.3,16.66,16.63,16.63,16.68,
M,2035Q3,2035H2,17.0,9.8,9.8,11.3,16.68,16.63,16.63,16.69,
M,2035Q4,2035H2,17.0,9.8,9.8,11.3,16.68,16.63,16.63,16.69,
M,2036Q1,2036H1,17.0,9.8,9.8,11.3,16.64,16.62,16.63,16.7,
M,2036Q2,2036H1,17.0,9.8,9.8,11.3,16.64,16.62,16.63,16.7,
M,2036Q3,2036H2,17.0,9.8,9.8,11.3,16.58,16.61,16.63,16.71,
M,2036Q4,2036H2,17.0,9.8,9.8,11.3,16.58,16.61,16.63,16.71,
M,LT,LT,17.0,9.8,9.8,11.3,16.58,16.61,16.63,16.71,16.7
