period,key_avg_pct,key_end_pct,key_days,ruonia_avg_pct,ruonia_end_pct,source
2010Q1,,,0,3.663,3.13,cbr.ru DailyInfo.asmx KeyRate/RuoniaXML
2010Q2,,,0,2.7577,2.23,cbr.ru DailyInfo.asmx KeyRate/RuoniaXML
2010Q3,,,0,2.5601,2.61,cbr.ru DailyInfo.asmx KeyRate/RuoniaXML
2010Q4,,,0,2.7736,0.42,cbr.ru DailyInfo.asmx KeyRate/RuoniaXML
2011Q1,,,0,2.5409,3.01,cbr.ru DailyInfo.asmx KeyRate/RuoniaXML
2011Q2,,,0,3.5134,3.75,cbr.ru DailyInfo.asmx KeyRate/RuoniaXML
2011Q3,,,0,3.9949,5.17,cbr.ru DailyInfo.asmx KeyRate/RuoniaXML
2011Q4,,,0,5.0118,4.86,cbr.ru DailyInfo.asmx KeyRate/RuoniaXML
2012Q1,,,0,4.7082,5.48,cbr.ru DailyInfo.asmx KeyRate/RuoniaXML
2012Q2,,,0,5.5027,6.11,cbr.ru DailyInfo.asmx KeyRate/RuoniaXML
2012Q3,,,0,5.3862,6.22,cbr.ru DailyInfo.asmx KeyRate/RuoniaXML
2012Q4,,,0,6.041,5.33,cbr.ru DailyInfo.asmx KeyRate/RuoniaXML
2013Q1,,,0,5.6513,6.28,cbr.ru DailyInfo.asmx KeyRate/RuoniaXML
2013Q2,,,0,6.2043,6.49,cbr.ru DailyInfo.asmx KeyRate/RuoniaXML
2013Q3,5.5,5.5,14,6.051,6.53,cbr.ru DailyInfo.asmx KeyRate/RuoniaXML
2013Q4,5.5,5.5,92,6.1646,6.24,cbr.ru DailyInfo.asmx KeyRate/RuoniaXML
2014Q1,5.9833,7.0,90,6.5931,8.15,cbr.ru DailyInfo.asmx KeyRate/RuoniaXML
2014Q2,7.3516,7.5,91,8.0387,8.63,cbr.ru DailyInfo.asmx KeyRate/RuoniaXML
2014Q3,7.8533,8.0,92,7.9486,8.08,cbr.ru DailyInfo.asmx KeyRate/RuoniaXML
2014Q4,10.2772,17.0,92,11.2861,17.39,cbr.ru DailyInfo.asmx KeyRate/RuoniaXML
2015Q1,15.5333,14.0,90,15.6791,14.66,cbr.ru DailyInfo.asmx KeyRate/RuoniaXML
2015Q2,12.8956,11.5,91,13.2579,12.4,cbr.ru DailyInfo.asmx KeyRate/RuoniaXML
2015Q3,11.1793,11.0,92,11.1532,11.45,cbr.ru DailyInfo.asmx KeyRate/RuoniaXML
2015Q4,11.0,11.0,92,11.2726,10.52,cbr.ru DailyInfo.asmx KeyRate/RuoniaXML
2016Q1,11.0,11.0,91,10.8884,11.29,cbr.ru DailyInfo.asmx KeyRate/RuoniaXML
2016Q2,10.9066,10.5,91,10.7763,10.41,cbr.ru DailyInfo.asmx KeyRate/RuoniaXML
2016Q3,10.4348,10.0,92,10.264,10.55,cbr.ru DailyInfo.asmx KeyRate/RuoniaXML
2016Q4,10.0,10.0,92,10.1663,10.5,cbr.ru DailyInfo.asmx KeyRate/RuoniaXML
2017Q1,9.9861,9.75,90,10.0804,9.82,cbr.ru DailyInfo.asmx KeyRate/RuoniaXML
2017Q2,9.3874,9.0,91,9.2722,9.09,cbr.ru DailyInfo.asmx KeyRate/RuoniaXML
2017Q3,8.9293,8.5,92,8.6055,8.49,cbr.ru DailyInfo.asmx KeyRate/RuoniaXML
2017Q4,8.2527,7.75,92,7.9263,7.19,cbr.ru DailyInfo.asmx KeyRate/RuoniaXML
2018Q1,7.6,7.25,90,7.1352,7.19,cbr.ru DailyInfo.asmx KeyRate/RuoniaXML
2018Q2,7.25,7.25,91,6.9769,7.16,cbr.ru DailyInfo.asmx KeyRate/RuoniaXML
2018Q3,7.288,7.5,92,7.086,7.4,cbr.ru DailyInfo.asmx KeyRate/RuoniaXML
2018Q4,7.5408,7.75,92,7.3191,7.07,cbr.ru DailyInfo.asmx KeyRate/RuoniaXML
2019Q1,7.75,7.75,90,7.5303,7.81,cbr.ru DailyInfo.asmx KeyRate/RuoniaXML
2019Q2,7.7115,7.5,91,7.6368,7.55,cbr.ru DailyInfo.asmx KeyRate/RuoniaXML
2019Q3,7.2663,7.0,92,7.0499,6.89,cbr.ru DailyInfo.asmx KeyRate/RuoniaXML
2019Q4,6.6033,6.25,92,6.4589,6.23,cbr.ru DailyInfo.asmx KeyRate/RuoniaXML
2020Q1,6.1099,6.0,91,5.9505,6.24,cbr.ru DailyInfo.asmx KeyRate/RuoniaXML
2020Q2,5.544,4.5,91,5.4371,4.38,cbr.ru DailyInfo.asmx KeyRate/RuoniaXML
2020Q3,4.3207,4.25,92,4.1545,4.19,cbr.ru DailyInfo.asmx KeyRate/RuoniaXML
2020Q4,4.25,4.25,92,4.1392,4.27,cbr.ru DailyInfo.asmx KeyRate/RuoniaXML
2021Q1,4.2778,4.5,90,4.1618,4.45,cbr.ru DailyInfo.asmx KeyRate/RuoniaXML
2021Q2,4.9505,5.5,91,4.7755,5.28,cbr.ru DailyInfo.asmx KeyRate/RuoniaXML
2021Q3,6.2772,6.75,92,6.2028,6.78,cbr.ru DailyInfo.asmx KeyRate/RuoniaXML
2021Q4,7.4348,8.5,92,7.2315,8.13,cbr.ru DailyInfo.asmx KeyRate/RuoniaXML
2022Q1,12.7444,20.0,90,12.6717,19.25,cbr.ru DailyInfo.asmx KeyRate/RuoniaXML
2022Q2,13.9835,9.5,91,13.5373,9.0,cbr.ru DailyInfo.asmx KeyRate/RuoniaXML
2022Q3,8.3261,7.5,92,8.191,7.86,cbr.ru DailyInfo.asmx KeyRate/RuoniaXML
2022Q4,7.5,7.5,92,7.4722,7.37,cbr.ru DailyInfo.asmx KeyRate/RuoniaXML
2023Q1,7.5,7.5,90,7.1978,7.25,cbr.ru DailyInfo.asmx KeyRate/RuoniaXML
2023Q2,7.5,7.5,91,7.2171,7.45,cbr.ru DailyInfo.asmx KeyRate/RuoniaXML
2023Q3,10.1793,13.0,92,10.0793,12.43,cbr.ru DailyInfo.asmx KeyRate/RuoniaXML
2023Q4,14.5217,16.0,92,14.2866,15.27,cbr.ru DailyInfo.asmx KeyRate/RuoniaXML
2024Q1,16.0,16.0,91,15.6637,15.99,cbr.ru DailyInfo.asmx KeyRate/RuoniaXML
2024Q2,16.0,16.0,91,15.7819,15.66,cbr.ru DailyInfo.asmx KeyRate/RuoniaXML
2024Q3,17.5543,19.0,92,17.4,18.41,cbr.ru DailyInfo.asmx KeyRate/RuoniaXML
2024Q4,20.413,21.0,92,20.1647,20.47,cbr.ru DailyInfo.asmx KeyRate/RuoniaXML
2025Q1,21.0,21.0,90,20.9688,21.45,cbr.ru DailyInfo.asmx KeyRate/RuoniaXML
2025Q2,20.7582,20.0,91,20.6625,20.23,cbr.ru DailyInfo.asmx KeyRate/RuoniaXML
2025Q3,18.413,17.0,92,18.0987,16.99,cbr.ru DailyInfo.asmx KeyRate/RuoniaXML
2025Q4,16.587,16.0,92,16.2837,15.85,cbr.ru DailyInfo.asmx KeyRate/RuoniaXML
2026Q1,15.7056,15.0,90,15.3632,14.87,cbr.ru DailyInfo.asmx KeyRate/RuoniaXML
2026Q2,14.6181,14.25,91,14.2744,14.25,cbr.ru DailyInfo.asmx KeyRate/RuoniaXML
2026Q3,14.0707,14.0,92,14.0501,14.04,cbr.ru DailyInfo.asmx KeyRate/RuoniaXML
2026Q4,14.0,14.0,6,13.858,13.77,cbr.ru DailyInfo.asmx KeyRate/RuoniaXML
