TRADEDATE,CLOSE,LEGALCLOSEPRICE,NUMTRADES,VALUE,VOLUME
2019-10-01,226.49,226.49,35985,6813487722.8,29870590
2019-10-02,223.5,223.5,58524,9527050503.5,42441850
2019-10-03,224.08,224.08,59942,8607791413.8,38368040
2019-10-04,222.76,222.76,48168,7229037224.3,32222650
2019-10-07,227.55,227.55,49689,9055294553.1,40155510
2019-10-08,226.03,226.03,42878,7019632436.8,31019500
2019-10-09,227.7,227.7,46418,9041797336.5,39714120
2019-10-10,228.5,228.5,40559,7203071962.8,31717090
2019-10-11,230.31,230.31,47081,8629478331.8,37497240
2019-10-14,228.4,228.4,40473,7933452937.8,34628680
2019-10-15,229.4,229.4,36092,7029710726.6,30763750
2019-10-16,231,231,36066,9040056309.4,39214000
2019-10-17,233.5,233.5,46445,10678748294.1,46007620
2019-10-18,235.55,235.55,52365,10035121583.6,42729350
2019-10-21,234.94,234.94,33887,6692570441,28457490
2019-10-22,239.77,239.77,45240,9566243389.4,40298890
2019-10-23,239.57,239.57,42763,8277292939,34655410
2019-10-24,242.78,242.78,53841,9729515862.3,40384770
2019-10-25,240,240,59925,11920857496.5,49789040
2019-10-28,237.03,237.03,53269,9353118338.7,39049350
2019-10-29,240.11,240.11,48606,9899718643.9,41494140
2019-10-30,239.51,239.51,49757,10474892277.3,43597180
2019-10-31,234.89,234.89,75618,14333282167.9,60316780
2019-11-01,236.4,236.4,50296,9220837088,39229280
2019-11-05,238.53,238.53,54350,10418811901.4,43691630
2019-11-06,239.02,239.02,46517,7952301153.2,33409220
2019-11-07,242.5,242.5,61932,10779450937.4,44689490
2019-11-08,240.17,240.17,45038,7342414951.4,30570360
2019-11-11,241.5,241.5,46875,6538637824.3,27141630
2019-11-12,239.87,239.87,56043,8590798985.9,35518510
2019-11-13,237.21,237.21,46008,7473242462.4,31448020
2019-11-14,237.5,237.5,43168,8160757018.1,34330750
2019-11-15,240,240,42575,7323638859,30696890
2019-11-18,237.45,237.45,45479,7861032604.7,32959720
2019-11-19,239.25,239.25,33609,6958331286.1,29135880
2019-11-20,237.78,237.78,34480,6694764012.7,28102170
2019-11-21,237.15,237.15,35890,5837423118.4,24654430
2019-11-22,238.13,238.13,43464,8001650684.8,33570690
2019-11-25,237.98,237.98,27548,4183426976.6,17558180
2019-11-26,235,235,61623,13740719377.8,58341360
2019-11-27,234.22,234.22,36475,5141770254.6,21885350
2019-11-28,235.2,235.2,30305,4418997771.4,18855690
2019-11-29,233.98,233.98,35557,6370105736.3,27285350
2019-12-02,233.77,233.77,47616,6622698810.4,28216350
2019-12-03,230.66,230.66,43738,6181173482.9,26687260
2019-12-04,231.59,231.59,33876,5621094961.8,24314550
2019-12-05,231.71,231.71,39237,5353284865.8,23210580
2019-12-06,235.14,235.14,38930,7777357128.9,33286170
2019-12-09,237.04,237.04,46883,7503116033.1,31774040
2019-12-10,237.91,237.91,52456,8592139689.9,36098910
2019-12-11,240.32,240.32,59309,10612153788.4,44167850
2019-12-12,241.05,241.05,48037,8731105191.4,36174650
2019-12-13,241.21,241.21,51995,8026327875.7,33163750
2019-12-16,241.45,241.45,44544,6186560505.6,25624180
2019-12-17,241.6,241.6,51598,8187207941.9,33841520
2019-12-18,246.2,246.2,71376,13601102505,55765490
2019-12-19,244,244,92181,14726176097.4,59951760
2019-12-20,244.71,244.71,36001,8059444818.5,32957750
2019-12-23,248.8,248.8,34811,5921982333.9,23996810
2019-12-24,248.67,248.67,36221,5237753854,21062040
2019-12-25,248.04,248.04,17493,1964919964.3,7921260
2019-12-26,248.24,248.24,25963,3220751527.7,12989080
2019-12-27,252.06,252.06,46235,8018118071,31982760
2019-12-30,254.75,254.75,61998,10959893255.5,43157360
2020-01-03,255,255,46191,9165474633.3,35851840
2020-01-06,253.9,253.9,34925,5646009935.8,22348300
2020-01-08,259.15,259.15,54429,10485882097.9,40817240
2020-01-09,257.99,257.99,49305,9936032087.9,38329020
2020-01-10,258.19,258.19,28908,4864405366.3,18851390
2020-01-13,262.4,262.4,39160,6719255698.1,25855010
2020-01-14,259.05,259.05,48745,8103825686.4,31125740
2020-01-15,256.31,256.31,63486,12661740755.8,49361790
2020-01-16,257.51,257.51,48972,10367670370.1,40246770
2020-01-17,262.5,262.5,55947,11730973230.7,44914290
2020-01-20,266.28,266.28,44864,7891039716.6,29797710
2020-01-21,268.06,268.06,59868,10116243295.7,38082090
2020-01-22,266.54,266.54,61711,11869000221.9,44282490
2020-01-23,263.73,263.73,58480,10758037619.6,40604170
2020-01-24,265.49,265.49,37322,7262832432.3,27340100
2020-01-27,255.32,255.32,75958,14573355407.9,56453370
2020-01-28,257.7,257.7,55157,12365444789.1,48137360
2020-01-29,259.94,259.94,49132,9098209650.8,35047940
2020-01-30,257.31,257.31,44014,8167114682.7,31769340
2020-01-31,252.2,252.2,56369,12249844290.7,47921560
2020-02-03,253.99,253.99,65223,13363918755.6,52728460
2020-02-04,255.4,255.4,72309,12692962569.8,49786360
2020-02-05,255.2,255.2,62681,12992374109.8,50756570
2020-02-06,252.11,252.11,75070,11098851157,43615980
2020-02-07,254.3,254.3,66138,12648688569.6,50226630
2020-02-10,252.26,252.26,48108,8929308973.1,35220690
2020-02-11,254.5,254.5,91551,20381955261.5,79454730
2020-02-12,254.5,254.5,70188,13351886412.8,52523300
2020-02-13,253.89,253.89,48242,9314224120,36730840
2020-02-14,251.75,251.75,54205,7579007855,30017380
2020-02-17,251.36,251.36,42997,6637504387,26429380
2020-02-18,249.2,249.2,53404,9054245995.6,36365950
2020-02-19,249.7,249.7,43309,6437007441.5,25798890
2020-02-20,250.15,250.15,41332,7704063757.8,30717360
2020-02-21,250.8,250.8,40355,6926329901.6,27762930
2020-02-25,245.19,245.19,60675,10141332087.8,41055780
2020-02-26,250.8,250.8,91808,16724373957.7,67757850
2020-02-27,242.88,242.88,84304,14287528242.1,58240400
2020-02-28,233.36,233.36,148089,29250123419.3,124633310
2020-03-02,228.17,228.17,149809,23615359168.5,101986040
2020-03-03,236.63,236.63,124295,19695761022.1,83653950
2020-03-04,235.27,235.27,74640,12738292785.5,54274670
2020-03-05,232.33,232.33,76419,13359836777.1,57083760
2020-03-06,219.99,219.99,142975,23122055667.7,104446900
2020-03-10,201.2,201.2,277615,49385427971.3,244541800
2020-03-11,194.53,194.53,183028,27368963511.9,138304030
2020-03-12,175.91,175.91,251306,35646674940.5,197972880
2020-03-13,198.6,198.6,270708,50434232135,263038280
2020-03-16,195.85,195.85,222167,33462089397.7,174273600
2020-03-17,184.01,184.01,224812,35134438033.5,184148390
2020-03-18,174.27,174.27,178057,27438382586,155008180
2020-03-19,189.51,189.51,196708,34507099921,187427700
2020-03-20,195.69,195.69,172821,33640155970.2,170582970
2020-03-23,183.37,183.37,172838,29394019795.5,157891450
2020-03-24,192.64,192.64,107704,20144255967.3,104881990
2020-03-25,188.08,188.08,211090,36047953308.7,187978350
2020-03-26,188.07,188.07,124294,20794391118.5,111602370
2020-03-27,180.38,180.38,126637,20992083168.9,114277750
2020-03-30,183,183,120948,16984102870.2,94334680
2020-03-31,187.21,187.21,118532,21273110563.5,114026920
2020-04-01,184.78,184.78,82314,14152323782.7,76826820
2020-04-02,186.95,186.95,138344,23370357267.7,125636360
2020-04-03,185.64,185.64,116437,17235065518.9,92860290
2020-04-06,190.7,190.7,91147,14703005110.4,77864920
2020-04-07,197.63,197.63,156715,26938901533.1,136421670
2020-04-08,200.29,200.29,115923,17786713217.2,89980980
2020-04-09,203.61,203.61,140586,22320788796.1,109981630
2020-04-10,201.99,201.99,48086,5800209935.8,28758250
2020-04-13,198.26,198.26,65329,8212681043.4,41284390
2020-04-14,197.37,197.37,102408,16029896035.5,80220070
2020-04-15,186.07,186.07,125257,18670648932.7,98164460
2020-04-16,188.5,188.5,122247,20595306653.4,109174870
2020-04-17,191.8,191.8,93108,13685370762.7,71727940
2020-04-20,189.32,189.32,82516,11794682206.4,62240080
2020-04-21,186.05,186.05,123116,17514787767.5,94307290
2020-04-22,190.2,190.2,94715,14242707865.6,75361890
2020-04-23,190.94,190.94,70216,11973068616.3,62759650
2020-04-24,188.91,188.91,71027,10472460449.3,55313850
2020-04-27,188.9,188.9,61386,8280718574,43711720
2020-04-28,192.8,192.8,90046,15058997718.5,78584780
2020-04-29,195.8,195.8,83828,13579539158.7,69842140
2020-04-30,197.25,197.25,98511,17208241261.6,87198650
2020-05-04,193.69,193.69,60764,10956456919.7,56398200
2020-05-05,194.75,194.75,50142,6913652876.1,35439260
2020-05-06,195.7,195.7,65527,9707394359.8,49561410
2020-05-07,195.51,195.51,63887,11343545876.3,57728990
2020-05-08,196.02,196.02,39814,6617841364.8,33836340
2020-05-12,191.4,191.4,93600,13070048549.5,67656880
2020-05-13,187.31,187.31,98011,11961690830.5,63466110
2020-05-14,183.81,183.81,114780,14231605183.4,76682120
2020-05-15,183.85,183.85,86622,11679302654.5,63148140
2020-05-18,188.93,188.93,93568,14534902238.5,77545890
2020-05-19,189,189,130284,19951575701.7,105324020
2020-05-20,193.98,193.98,102681,17813722381.1,93343040
2020-05-21,192.4,192.4,89016,15420063130,79541950
2020-05-22,188.9,188.9,66558,10819219615.2,57013570
2020-05-25,191,191,37132,4393812737.8,23140090
2020-05-26,194,194,88425,15409981368.9,79312200
2020-05-27,198.51,198.51,142539,22860566656.3,116074210
2020-05-28,205,205,122153,23677007418.1,117179670
2020-05-29,200.5,200.5,110597,21465081835.5,106653140
2020-06-01,203.66,203.66,72076,13373648341.9,65650670
2020-06-02,212,212,117649,24294100965.5,116868310
2020-06-03,221.5,221.5,150831,31549092543.7,145043730
2020-06-04,213.1,213.1,128251,26485488602.2,122494020
2020-06-05,219.1,219.1,93133,19225352020.3,88658860
2020-06-08,220.3,220.3,95436,19572072820,88826700
2020-06-09,217.23,217.23,78613,15045754084.5,69166250
2020-06-10,212.53,212.53,95253,19662728515.9,91895460
2020-06-11,208.35,208.35,79185,14524836992.8,70033060
2020-06-15,207.32,207.32,81880,15576360955,75996510
2020-06-16,207.76,207.76,81903,13980584331.2,66559110
2020-06-17,208.14,208.14,82123,11802788689.2,56578870
2020-06-18,203.77,203.77,83605,14802264834.6,72275760
2020-06-19,207,207,66084,15554563362.6,75045510
2020-06-22,206.4,205.12,70588,12074076979.8,58664110
2020-06-23,207.3,207.84,65289,11137767479.7,53487940
2020-06-25,206.92,205.09,84366,14541271980.8,71495220
2020-06-26,203.15,203.21,58862,9536028546,46690640
2020-06-29,205.8,205.4,56294,8775787315.9,43082680
2020-06-30,203.22,202.8,64050,8909592214,43754960
2020-07-02,209.6,210,78824,15895629292,76382050
2020-07-03,210.95,210.08,57980,10651660815.1,50644210
2020-07-06,214.61,214.75,65350,11914952236.6,55455110
2020-07-07,210.53,211.41,60099,9483841870.2,44728560
2020-07-08,210.97,209.42,53610,8859053776.1,42068480
2020-07-09,209.11,208.72,52799,9485167255.3,45189000
2020-07-10,212.28,212.6,52160,10603240360.5,50706520
2020-07-13,208.39,210.16,52815,10836025409.7,51331610
2020-07-14,209.5,209.06,63563,13674397301.5,66035020
2020-07-15,211.09,211.11,53795,10392614438.1,49529010
2020-07-16,211.35,212.1,45884,8222468883.2,39030370
2020-07-17,210.81,210.73,40240,7621648287.8,36140220
2020-07-20,213.89,212.49,53083,9408789104,44507600
2020-07-21,215.73,216.07,86200,16436006752.1,75649160
2020-07-22,216.71,216.8,53895,10453875884.8,48441000
2020-07-23,215.41,216.71,53964,9454102078.5,43424820
2020-07-24,215.97,216.86,58313,11521604596.7,53567220
2020-07-27,216.9,215.49,49283,8310553242.2,38321750
2020-07-28,215.53,216.42,35627,5319231657,24610340
2020-07-29,219.18,218.88,52559,9005920588,41346230
2020-07-30,218.15,216.84,69320,11138328730.9,51264970
2020-07-31,221.57,221.13,74836,13145917240.5,59709710
2020-08-03,226.72,226.52,84083,14565232568,64556650
2020-08-04,227.16,226.66,62139,9543108136.4,42017490
2020-08-05,226.4,225.99,66727,12399212426.2,54642900
2020-08-06,226,224.79,39488,6807374079.6,30164090
2020-08-07,227.28,226.81,41075,8061489862.1,35640160
2020-08-10,225.99,224.6,49214,9837842413.7,43502880
2020-08-11,232.65,234.6,101810,18901430660.7,81875170
2020-08-12,242.4,241.4,126720,24086072932.3,101002270
2020-08-13,241.39,242.54,102654,20686038715.6,85720330
2020-08-14,239.99,239.5,58944,10611904575.6,44284550
2020-08-17,237.8,237.01,91888,18405007815.5,77120410
2020-08-18,236.3,235.8,50421,8727611405.3,36762880
2020-08-19,239.4,239.75,55535,9128470275.9,38234650
2020-08-20,232.48,230.7,134716,27336230596.3,116941150
2020-08-21,231.22,230.7,197307,32170258945.3,138913060
2020-08-24,231.81,231.06,72387,10345016893.4,44546800
2020-08-25,228.08,227.33,102789,13519382620.3,58979870
2020-08-26,227.8,227.5,103050,17191544879.4,75779450
2020-08-27,226.23,226.57,67017,11613583692,51031070
2020-08-28,226.3,225.99,54129,9232406392.9,40748090
2020-08-31,226.1,225,68211,14071375876.6,62015070
2020-09-01,227.64,226.72,49030,8522787144.6,37550370
2020-09-02,222.57,221.8,112828,17450608746.8,77854040
2020-09-03,218.32,218.95,90225,15382475469.6,69470720
2020-09-04,222.21,220,85020,15500726113.3,70670060
2020-09-07,221.32,220.5,78863,13178570253.6,59334960
2020-09-08,217.68,217.25,100282,15302879362.2,70024350
2020-09-09,218,217.48,63085,10478057857.9,48062980
2020-09-10,220.6,221.88,88034,15594540161.9,71198540
2020-09-11,221.07,220.53,61596,10116610895.1,45688920
2020-09-14,227.37,227.07,85003,14157337173.7,62906200
2020-09-15,231.5,231.3,89097,14255629551.8,61905270
2020-09-16,231.06,231.35,56972,9156984436.9,39605930
2020-09-17,231.46,231.75,59102,11305308495.3,49126710
2020-09-18,230.3,229,65800,12588932834.6,54624840
2020-09-21,226.25,224.64,93838,15914876384.9,70303620
2020-09-22,229.88,227.03,87288,15206482113.8,66622080
2020-09-23,228.5,227.61,99001,16403578895.1,71299220
2020-09-24,228.17,228.36,114250,18732362394.8,81995110
2020-09-25,228.24,227.57,80300,13705991460.3,60248340
2020-09-28,228.63,228.32,105090,14741456973.9,64519830
2020-09-29,225.48,224.9,155198,20396145374.2,90417190
2020-09-30,229.14,228,112943,17872440194.2,78604470
2020-10-01,227.23,228.85,87987,17791063640.7,77828210
2020-10-02,208.8,208.16,188167,23838847083.7,114322450
2020-10-05,208.89,208.79,75344,9513875234.4,45601880
2020-10-06,211.18,212.21,112010,18494841962.5,87529560
2020-10-07,210.6,210.5,71707,13059113369.6,62052620
2020-10-08,207.97,208,80140,10346732010.9,49545460
2020-10-09,205.38,206,99680,13514648160.3,65518060
2020-10-12,206.18,205.58,80823,10804190710.5,52321380
2020-10-13,205.03,205,77199,9481495812.4,46023280
2020-10-14,207.83,207.8,69278,9685023432.1,46840170
2020-10-15,203.85,203.35,108783,15627615937.8,76502030
2020-10-16,201.17,201.22,87244,13392342059.7,66258500
2020-10-19,202.78,203.84,76949,9616800475.9,47421400
2020-10-20,209.54,209.08,123516,16761624910.9,80919110
2020-10-21,210.33,210.07,109891,17405263503,82509750
2020-10-22,210.21,209.1,71771,9827794477.3,46859510
2020-10-23,214.5,214.15,115397,16035135288.8,75361490
2020-10-26,211.1,211.8,82827,12523196337.9,58921210
2020-10-27,207.64,207.88,82421,12740888699.7,61084680
2020-10-28,204.73,204.84,100887,14346698389.2,70171420
2020-10-29,205.58,204.5,102111,18784577809.2,91505270
2020-10-30,200.99,201.03,123316,16956465782.8,83659620
2020-11-02,204.5,203.58,118233,16569318135.9,82335660
2020-11-03,209.2,209.96,115324,18755423471.8,90368710
2020-11-05,216.7,217.58,172613,32864048096,152554980
2020-11-06,217.5,217.55,106777,20569505846.9,94997390
2020-11-09,228.05,229.89,279293,49040624016,217536750
2020-11-10,236.1,237.4,276495,53418710876.7,229603230
2020-11-11,244.2,243.6,276958,56981091002.2,234843470
2020-11-12,242.08,245.07,179954,36869870227.7,151436920
2020-11-13,242.99,239.79,137885,25594975927.1,106150870
2020-11-16,247.99,248,149214,28152563676.1,113945190
2020-11-17,245.7,246.58,134024,23346224330,94918470
2020-11-18,242.71,244.18,84653,14733578918.6,60088940
2020-11-19,240.27,238.8,116186,23265463603.1,97143730
2020-11-20,239.42,238,64662,11633833057,48799870
2020-11-23,239.7,238.84,96030,18049549354.9,74832280
2020-11-24,247.33,245.72,119803,20602954853.6,84515780
2020-11-25,251.91,251.35,150694,33360645434.4,133397740
2020-11-26,250.1,251.5,93818,19957536265.9,79917590
2020-11-27,251.59,251.18,72072,12861398290.8,51431130
2020-11-30,249.63,249.65,132667,27926253239,112141620
2020-12-01,260.81,259.76,169962,33797756819.2,132069500
2020-12-02,264.06,264.99,138624,24485196875.8,93452130
2020-12-03,263.14,263.94,101161,16359009602.9,62240840
2020-12-04,270,269.21,135258,25436065778.4,94637930
2020-12-07,274.36,275.8,137823,25943614759.1,94793660
2020-12-08,275.49,275.5,121408,21641376994.2,78859920
2020-12-09,276.89,278.48,114250,20456907403.1,73639980
2020-12-10,282.2,281.81,122817,21123931442.1,75658690
2020-12-11,283.73,283.67,118189,21506659116,76101950
2020-12-14,279.95,279.04,148752,25581080169.8,90415250
2020-12-15,278.7,276.47,148863,23511052595.1,84193230
2020-12-16,278.35,278.35,83867,15220154497.2,54748960
2020-12-17,278.5,278.16,125169,25872189748.4,92138550
2020-12-18,270.16,271.15,142441,27030760585.1,99271840
2020-12-21,261.79,259.89,167143,31683374762.3,120517950
2020-12-22,262.04,262.92,132296,27826353526.9,105490480
2020-12-23,270.1,268.83,108565,18051634580.6,67938790
2020-12-24,269.32,269.12,73635,11504527659.8,42614450
2020-12-25,270.64,270.7,52663,3235057865.1,11989750
2020-12-28,274.7,274.3,73655,10633510029.9,39043430
2020-12-29,272,272.74,61883,10692369375.8,39021610
2020-12-30,271.65,271.1,50734,8575812006.4,31530660
2021-01-04,272,276,74192,13434542974,48922920
2021-01-05,275.2,273.82,74787,12449940093.5,45583910
2021-01-06,272.93,274.68,64392,11198786354.7,40948520
2021-01-08,283.64,282.08,126247,24965598229.2,88928790
2021-01-11,289.49,288.85,167977,32387587949.7,112349520
2021-01-12,289.99,288.45,131929,23033207791,78962360
2021-01-13,283.78,283.66,113139,19329406068.2,67559080
2021-01-14,284.79,284.28,121415,21166553940.6,74673700
2021-01-15,276.9,276.82,132679,20704258669.7,73774870
2021-01-18,279.79,280.95,118097,20519303291.8,73935650
2021-01-19,278.19,277.09,105939,15657703355.8,55998820
2021-01-20,279.8,278.8,93273,13410105295.4,47940980
2021-01-21,274.4,275.75,128577,23104211857.2,83795610
2021-01-22,268.25,267.5,136542,23425721074.9,87007610
2021-01-25,265.3,265.19,174198,30573885594.7,114330950
2021-01-26,269.34,268.27,128619,20081806624.3,75228120
2021-01-27,265.5,266.84,168437,26983357696.7,100093260
2021-01-28,265.96,264.68,116323,21478838736.4,81253290
2021-01-29,258.11,258.42,182334,31282157083.1,120123710
2021-02-01,263.8,262.24,109069,16517036893.1,63130400
2021-02-02,263.15,267,112219,21130912921.8,79534190
2021-02-03,263.53,261.55,115398,20508495277.8,77648760
2021-02-04,270.11,268.34,110857,21060053221.8,78929290
2021-02-05,271.7,271.55,104977,19443149796.1,71806820
2021-02-08,275.2,274.77,88113,14217396460.7,51878390
2021-02-09,268.98,267.91,136771,24881954493.2,91921510
2021-02-10,265.9,265.53,111046,16918200383.1,63087490
2021-02-11,264.7,265.1,75386,10250368666.9,38669800
2021-02-12,266,264,126635,21386688670.7,81658530
2021-02-15,271.81,270.18,96632,15321628602.6,56945310
2021-02-16,270.9,271.25,99472,17059296191.7,63103170
2021-02-17,270.9,268.94,125067,21493440752.3,79103850
2021-02-18,266.99,266.51,91511,15803278522.1,58729690
2021-02-19,271.34,271.35,87787,15897066063.1,59268550
2021-02-20,270.51,270.51,32003,2365150617.1,8763250
2021-02-22,273.71,273,75648,13063828693.3,48129770
2021-02-24,271.9,269.79,95827,17398895710.6,64190320
2021-02-25,270.71,275.19,122534,21852880680.8,79716010
2021-02-26,270.17,270.03,100025,20205917011.1,74892050
2021-03-01,273.58,274.27,67778,9812239879.7,35962010
2021-03-02,279.1,279.2,114640,19802839822.7,71566360
2021-03-03,278.01,278.88,111636,18069380424.4,64275320
2021-03-04,274.75,279.84,127635,25572715633.1,91991370
2021-03-05,277.5,275.44,109189,23006360823,83551110
2021-03-09,285.79,284.72,122229,20623220749.3,72788180
2021-03-10,282.24,281.66,94943,15689655145.4,55155180
2021-03-11,286,285.48,72751,13468791279.1,47365180
2021-03-12,284.93,285.7,90703,14696936110.3,51540190
2021-03-15,292.74,291.19,109956,19694478523.7,67805740
2021-03-16,292.33,293.3,100867,15706960115,53921730
2021-03-17,283.35,281.3,172779,31420312827.6,110292330
2021-03-18,279.25,283.45,111405,20952188477.5,74128740
2021-03-19,285.47,284.32,109982,23896683369.4,84249430
2021-03-22,288.65,289.05,101936,18072432468.3,62762410
2021-03-23,282.6,283.03,121289,20134876840.3,70760630
2021-03-24,285.79,286.6,75552,13241823616.1,46411230
2021-03-25,286.66,285.17,71527,10061257317.5,35216620
2021-03-26,291.22,288.9,93759,16285019984.6,56072880
2021-03-29,293.3,293,73350,12776627652.5,43681330
2021-03-30,293.25,293.84,72447,11386510532.1,38806220
2021-03-31,291.02,290.26,80425,13722588078.6,46996880
2021-04-01,290.24,288.86,92455,15048904346.4,51601440
2021-04-02,291.7,291.72,40624,5610346088.3,19279180
2021-04-05,288.78,288.79,73131,10211978871.6,35363370
2021-04-06,281.5,281.8,145946,22023585643.8,77530890
2021-04-07,283.98,282.4,118731,20938831900,74146060
2021-04-08,283.89,283.72,80363,14569845805.9,51289780
2021-04-09,281.07,280.1,72740,11271736294.7,40033420
2021-04-12,281.75,281.2,97021,16143449066.2,57180030
2021-04-13,287.95,286.28,99295,19307788768.4,67973530
2021-04-14,287.18,288.3,72723,17158515624.6,59364940
2021-04-15,283.72,283.17,121443,24900273563.2,88048600
2021-04-16,288.5,289.03,79081,18209910712.5,63499000
2021-04-19,287.72,287.84,80284,14768633036.5,51327720
2021-04-20,287.42,287.92,83018,18231430821.4,63197880
2021-04-21,289.25,288.1,75992,14366094028.1,49792800
2021-04-22,292.18,292.21,108579,21455730263.7,73632070
2021-04-23,293.19,293,63191,12479394619.2,42651330
2021-04-26,295.27,294.9,80086,13489611763.3,45760050
2021-04-27,298.5,297.5,92709,18736951208.9,62853160
2021-04-28,298.49,298.4,61004,12086194096.3,40622520
2021-04-29,297.1,296.94,86360,17035466804.4,57082260
2021-04-30,297.73,297.72,59490,10590175090.3,35679650
2021-05-04,303.7,301.3,83834,18254360973.5,60457530
2021-05-05,305.99,305.85,62946,12686338080,41715270
2021-05-06,314.72,312.76,97737,19445261780.6,62565270
2021-05-07,317.94,317.91,93924,17932443392.3,56433970
2021-05-10,320.19,319.97,83828,18859902204.9,59248110
2021-05-11,307.16,306.16,147613,24461595534.6,79945470
2021-05-12,302.02,303.27,86150,17117472278,56142830
2021-05-13,306.74,306.05,85264,17480492963.7,57721460
2021-05-14,304.1,302.7,54630,8184103496.4,26858430
2021-05-17,303.94,302.6,53360,8602278545.3,28384220
2021-05-18,305.78,304.96,55851,10826259827.2,35496400
2021-05-19,297,296.61,105148,21447203504.1,71747950
2021-05-20,296.72,297.11,83702,17309608890,58510610
2021-05-21,301.23,301.54,72042,15412865248.4,51415080
2021-05-24,300.7,299.74,60207,9305994897.1,30831530
2021-05-25,306.8,307,68087,11446226253.2,37547680
2021-05-26,307.01,306.25,68221,10872171628.4,35358520
2021-05-27,312.72,313.9,87915,22015829895,70753690
2021-05-28,309.56,309.9,58647,11019520782.9,35484140
2021-05-31,310.79,309.91,60365,7358441686.8,23683010
2021-06-01,311.6,311.3,64051,11760039651.1,37655890
2021-06-02,313.98,313.85,50645,8442830252.9,27008780
2021-06-03,312.41,312.5,59102,10797490935.7,34546320
2021-06-04,310.94,310.46,64269,11511460400.7,37126650
2021-06-07,315.53,314.6,66601,12604316205.2,40197440
2021-06-08,314.83,313.99,60945,10985227365,34944620
2021-06-09,314.78,315.51,42823,7911580970.5,25152290
2021-06-10,314.62,314.3,52853,9205108791.4,29211800
2021-06-11,313,313.01,43411,6874717176.9,21924900
2021-06-14,314.12,314.4,49613,7981522587.1,25517710
2021-06-15,312.51,312.7,50169,9338359538.4,29741250
2021-06-16,311.61,313.06,64249,11970095572.4,38253860
2021-06-17,313.9,314.89,68166,13921831113,44322800
2021-06-18,309.3,309.37,76551,19369747579.7,62462450
2021-06-21,310.4,308.71,60337,11127233121.1,36129780
2021-06-22,309.73,309.37,48505,7286583759.1,23538080
2021-06-23,309.79,311,45812,7704930824.2,24831290
2021-06-24,310,310.88,40146,6120601296.5,19725240
2021-06-25,311.81,311.9,43845,7045361825.6,22598640
2021-06-28,309.48,309.2,48446,6037009686.4,19460180
2021-06-29,306.1,305.14,72476,10398990877.1,33944770
2021-06-30,306.45,305.69,59751,9623571888.2,31549580
2021-07-01,305.78,305.51,44157,6115741878.3,19989790
2021-07-02,307.39,307.11,49889,8878528675.3,28908330
2021-07-05,307,307.18,45688,5056652727.5,16509700
2021-07-06,303.34,303.1,71978,9947377150.2,32694440
2021-07-07,304.06,303.31,48584,6904870033.4,22676030
2021-07-08,302.63,302.75,61385,9291231244.7,30771300
2021-07-09,303.56,303.63,45116,6221033067.9,20527240
2021-07-12,306.23,305.6,55252,7698399076,25302270
2021-07-13,303,303.63,49386,6464658959.4,21270580
2021-07-14,301.5,302.02,55592,7237029789.3,23974320
2021-07-15,301.72,302.31,50282,6369475563.9,21111670
2021-07-16,298.85,299.75,65461,10423278055.1,34533280
2021-07-19,291.46,290.74,80725,12140364229.1,41320510
2021-07-20,296.1,295.51,65959,10479634188.6,35594130
2021-07-21,294.86,294.56,42800,5176146679.3,17541560
2021-07-22,297.27,297.09,47729,6033649682.7,20344800
2021-07-23,296.38,295.82,39311,4439946470,14967220
2021-07-26,303.34,301.96,65966,10175480067.2,34024050
2021-07-27,299.71,299.5,63589,11625473240.2,38608790
2021-07-28,302.9,302.98,53526,8142734620.6,27009120
2021-07-29,303.12,304,51836,8520685080.9,28037210
2021-07-30,305.59,306.31,76077,15157391539,49731920
2021-08-02,306.51,308,68886,9712485073.5,31593540
2021-08-03,309.89,309.55,59219,10476332321.7,33931370
2021-08-04,311.1,311.64,61725,9619501057,30932050
2021-08-05,315.82,315.56,68786,11711056494.3,37329160
2021-08-06,319.15,320,99987,17250983207.7,54141450
2021-08-09,326.91,326.78,141619,23364951835.9,72070400
2021-08-10,330.11,329.63,97814,13686731557.3,41541930
2021-08-11,329.9,330.4,76120,11340789530.3,34452160
2021-08-12,328.57,329.43,49700,6906044138.1,21002650
2021-08-13,328.68,328.49,43599,6185311247.9,18816130
2021-08-16,329.36,329.16,49584,7890432812.2,23953750
2021-08-17,334.5,335.46,79719,14178855630.2,42472520
2021-08-18,334.9,337.92,75350,12240538414.4,36356910
2021-08-19,332.69,330.23,86652,15294644907.6,46184030
2021-08-20,325.67,326.1,73357,11920865393.1,36393250
2021-08-23,329.22,328.95,50200,6771726247.3,20613110
2021-08-24,324.83,323.81,79470,11661785449.4,35762700
2021-08-25,324.57,324.6,61123,9091893016.7,28105390
2021-08-26,322.54,322.74,56458,8889442613.5,27529220
2021-08-27,327.41,326.76,51587,9037851562.1,27848390
2021-08-30,328.28,328.97,53344,6693382122.6,20402150
2021-08-31,327.94,328.9,51398,10674890258.7,32464730
2021-09-01,334.57,333.8,59173,10163146008.5,30698660
2021-09-02,329,329.6,61618,10480537445.5,31605740
2021-09-03,329.71,330.49,63080,9726769112.2,29626390
2021-09-06,329.37,329.89,46483,5770432011,17491440
2021-09-07,325.96,325.55,58564,7987373264.7,24448110
2021-09-08,331.7,331.3,83398,15740553281.4,47841520
2021-09-09,326.01,327.55,64283,9825197205.3,29962700
2021-09-10,326.25,326.89,46324,5729049099.3,17532340
2021-09-13,327.41,326.85,53799,7938937327.1,24365060
2021-09-14,326.48,327.23,49850,7368952203.4,22505240
2021-09-15,333.51,333.24,80614,14527591562.8,43834510
2021-09-16,326.99,326.41,98089,20507737106.1,62503480
2021-09-17,329.56,331.73,76946,17871079350.1,54126320
2021-09-20,326.92,327.61,75820,10401831490.4,31832600
2021-09-21,323.25,322.48,78074,15522239088.4,47769290
2021-09-22,327.8,328.42,68724,12463834230.6,38198960
2021-09-23,327.02,327,52150,8851933420.7,27071410
2021-09-24,325.44,325,56630,7989126504.7,24584330
2021-09-27,331.68,331.89,68076,11349159556.7,34410300
2021-09-28,329.3,330.75,87427,17401187015.8,52542880
2021-09-29,328.43,328.5,52751,9089927992.7,27649210
2021-09-30,340.99,340.8,119223,28126964094.4,83622260
2021-10-01,338.48,336.86,75665,12711650647.5,37690990
2021-10-04,345.85,346,107017,20681506812,60125260
2021-10-05,363.2,362.3,161115,30825175209.9,86824850
2021-10-06,364.28,362.71,169365,35040194593.9,95804990
2021-10-07,368.93,369.36,90432,18307876011.9,49555650
2021-10-08,373.01,372.49,67661,11527412588.4,31050580
2021-10-11,387.6,387,134986,25575373781.3,66699560
2021-10-12,377.79,378,120964,19716234876.2,51665490
2021-10-13,378.8,379.4,122264,20580875845.5,54687330
2021-10-14,376.09,376.01,84869,13743991379.8,36363890
2021-10-15,371.82,371.4,84280,13934166254.1,37369170
2021-10-18,364.6,365.15,94431,13978826905.5,38233180
2021-10-19,373.18,371.62,100530,14729685626.4,40031730
2021-10-20,370.16,370.65,69028,10172889099.5,27537590
2021-10-21,364.6,364.1,70143,8989902917.2,24501070
2021-10-22,364.37,364.5,70777,9671339875.3,26378840
2021-10-25,369.99,370.04,94215,13114090088.6,35639850
2021-10-26,372.16,372.03,139778,15483820091.2,41833770
2021-10-27,371.36,372.8,87971,13495141235.6,36450620
2021-10-28,365.36,363.25,113375,19761549155.8,53892680
2021-10-29,356.14,356.11,134700,19154550770.8,53541990
2021-11-01,370.96,370.58,121781,20108431916.7,55134640
2021-11-02,370.7,371.17,92046,13981183328.4,37723170
2021-11-03,370.13,368.58,79171,11354869140.4,30876610
2021-11-05,360.21,359.61,106655,14225056249.1,39229740
2021-11-08,358.39,359.07,101291,14278009375.4,39736440
2021-11-09,357.44,356.97,97080,15004411479.7,41718590
2021-11-10,348.65,353.4,112758,16457699088.7,46558110
2021-11-11,356.24,356.44,99614,15179150045.5,42915840
2021-11-12,347.59,349.37,186816,34892222884.6,100682800
2021-11-15,344.39,344.86,121022,20797457060,59973490
2021-11-16,337.91,338.23,131811,21039571887.2,61972880
2021-11-17,339.89,341.25,112248,16942009572.1,49773710
2021-11-18,336.93,335.09,99589,15961631248.7,47124100
2021-11-19,327.56,327.02,144161,22189185221.3,67114710
2021-11-22,309.15,310.1,272984,45563102260.6,144394030
2021-11-23,326.84,322.71,266468,45736605718.3,144887010
2021-11-24,321.22,320.6,150803,25081449461.2,77919580
2021-11-25,317.29,317.25,101522,14063418089.7,44075230
2021-11-26,304.42,304.28,182028,27859460736.9,90702260
2021-11-29,316.57,316.9,151794,26132483041.5,82626540
2021-11-30,315,318.58,138454,31025495218.6,98214880
2021-12-01,324.4,328.82,134997,22750927797.6,69948230
2021-12-02,326.8,325.5,117474,19963662877.3,61450200
2021-12-03,320.66,320.34,89050,13947718236,43107850
2021-12-06,307.5,304.91,204704,30901866910.3,99688200
2021-12-07,309.79,308,279722,47159021183.1,154172870
2021-12-08,296.95,291.57,399924,72512692906.7,241043180
2021-12-09,300.4,302.6,237956,40274844717.3,133933650
2021-12-10,297.44,295,160445,24474375346.8,82046160
2021-12-13,280.64,282.57,290195,42131944975.3,146312930
2021-12-14,284.9,282.08,321347,49218627449.7,176483200
2021-12-15,286.65,280.46,172646,24828431135.5,87523240
2021-12-16,295.89,298.55,225780,39668733059,134813120
2021-12-17,294.9,295.66,141763,32344386589,109770570
2021-12-20,288.4,288,148555,22970334237,79679000
2021-12-21,291.7,290.04,129848,18815016922.5,64934720
2021-12-22,294,295.2,125738,18764947636.7,63860480
2021-12-23,292.8,294.3,102949,16328921885,55534990
2021-12-24,293.89,293.85,73006,11004253897.8,37671250
2021-12-27,295.68,295.03,74395,10535286767.5,35734540
2021-12-28,295,296.04,79072,11199396831.3,37859030
2021-12-29,293.51,292.8,87013,11041565007.2,37673290
2021-12-30,293.49,293.62,95351,12484601229.1,42567960
2022-01-03,305.47,302.7,118826,15116470365.3,50183170
2022-01-04,304.24,305.22,121342,16277165930.5,53270410
2022-01-05,287.01,297.83,164053,20740935491,70017630
2022-01-06,293.92,291.69,154394,23128604540,79380930
2022-01-07,,293.86,0,0,0
2022-01-10,291.69,288.95,135182,19757691963.7,67426550
2022-01-11,291.88,289.87,107452,17141880062.9,58921530
2022-01-12,290.4,289.72,149818,23674409517.2,81822450
2022-01-13,272.5,270.5,360163,58998956306.5,211556190
2022-01-14,261,255,676916,105840690373.5,406253690
2022-01-17,257.78,257.1,406775,63249791802.6,248689250
2022-01-18,234.7,231,677768,115765833652,484056480
2022-01-19,244.86,241.39,553537,86623311717.5,360958990
2022-01-20,254.61,260,495344,82793764163.4,329113650
2022-01-21,246.9,246.85,393980,74378247142.4,295690670
2022-01-24,236.97,234.82,506381,76615666498,325829650
2022-01-25,239.59,231.7,336890,55146749879.2,232596970
2022-01-26,236.9,239.28,339946,53688065880.5,224840650
2022-01-27,254.29,253,428403,75092074862.5,301306340
2022-01-28,257.82,257.28,295038,52531847944.2,204180270
2022-01-31,269.42,264.5,274032,41439465846.6,156175080
2022-02-01,264.7,262.6,269343,45265999275.4,170396140
2022-02-02,261,258.64,270268,44266555958.2,170215080
2022-02-03,250.79,252.71,235076,38264109218.8,151173100
2022-02-04,256.53,254.22,196824,32465015937.6,127035170
2022-02-07,257.61,256.69,154080,21984857622.9,85586640
2022-02-08,269.8,269.05,242310,42797055854.6,161506220
2022-02-09,279.09,279.37,277965,53580134334.3,193575010
2022-02-10,275.2,278.9,254622,49971152910,180148360
2022-02-11,260.83,266.6,350064,57202046478,213954390
2022-02-14,256.7,255.67,527497,90439846224.3,357654570
2022-02-15,274,270.21,380735,72536855943.8,271518670
2022-02-16,277.78,277.49,286459,54327320546.5,195822410
2022-02-17,260.58,261.05,383498,69639981675.4,262088700
2022-02-18,250.28,249,413568,69033777422.6,270594740
2022-02-21,201,208,1559658,238583656296.9,1084508440
2022-02-22,208.53,211,1318241,188663299795.8,946020570
2022-02-23,,208.38,0,0,0
2022-02-24,132.18,112.5,1302855,98281399197.4,829355880
2022-02-25,131.12,130.5,670554,51769813725.2,396287150
2022-02-28,,130.72,0,0,0
2022-03-01,,130.72,0,0,0
2022-03-02,,130.72,0,0,0
2022-03-03,,130.72,0,0,0
2022-03-04,,130.72,0,0,0
2022-03-09,,130.72,0,0,0
2022-03-10,,130.72,0,0,0
2022-03-11,,130.72,0,0,0
2022-03-14,,130.72,0,0,0
2022-03-15,,130.72,0,0,0
2022-03-16,,130.72,0,0,0
2022-03-17,,130.72,0,0,0
2022-03-18,,130.72,0,0,0
2022-03-21,,130.72,0,0,0
2022-03-22,,130.72,0,0,0
2022-03-23,,130.72,0,0,0
2022-03-24,136.24,136.24,421005,22692069361.4,159464350
2022-03-25,131.5,131.5,165778,7725368187,57662950
2022-03-28,125,125,121793,4203874797,33212430
2022-03-29,128.77,128.77,184608,9470337365.6,72338740
2022-03-30,134.6,134.6,102479,4754053635.4,35675450
2022-03-31,143.69,143.69,255603,16669448877.5,118425000
2022-04-01,154.5,154.5,265276,18022334419.5,118880720
2022-04-04,166,166,264995,18622917617.7,115938910
2022-04-05,154.1,154.1,284752,20715568335.3,130342790
2022-04-06,141.6,141.6,254546,16064065136,109040410
2022-04-07,147.5,147.5,160520,8603867601.8,58839040
2022-04-08,143.72,143.72,139746,7042432416.5,48450590
2022-04-11,138.69,138.69,162845,6769147874,47575830
2022-04-12,135.38,135.38,212296,10068815929.1,75388800
2022-04-13,135.5,135.5,117622,5281816161.7,39087840
2022-04-14,129.05,129.05,135773,5854258707,44368360
2022-04-15,130.88,130.88,131646,6025059285.1,46772550
2022-04-18,123.85,123.85,169844,7419239922.5,58500600
2022-04-19,120.3,120.3,212642,9552876654.9,79905700
2022-04-20,121.5,121.5,175679,8136201185.3,66603200
2022-04-21,118.65,118.65,120053,4864876092.9,40648560
2022-04-22,116.97,116.97,157438,6798689067.5,57466590
2022-04-25,111.9,111.9,149285,5179109798.5,45811390
2022-04-26,122.36,122.36,172772,9832906106.8,83540530
2022-04-27,131.11,131.11,218386,14832382819.5,115500050
2022-04-28,123.85,123.85,245162,16007384988.2,123541890
2022-04-29,128.8,128.8,183569,11075903085.1,87366110
2022-05-04,123.2,123.2,168134,8444076353.1,67289000
2022-05-05,124.8,124.8,105355,5266724459.4,42383000
2022-05-06,123.1,123.1,89510,3758705967.7,30602500
2022-05-11,123.34,123.34,99764,4074118445.5,32870440
2022-05-12,119.15,119.15,98996,3736761907.6,30846460
2022-05-13,120.2,120.2,74614,2743261781.4,22838020
2022-05-16,123.41,123.41,95213,4270982372.6,34940660
2022-05-17,127.75,127.75,107332,5288189358.3,41963590
2022-05-18,125.12,125.12,131620,7149065642.2,55565940
2022-05-19,125.6,125.6,91752,4282808065.6,34246550
2022-05-20,122.2,122.2,105716,4854130253.9,39288280
2022-05-23,119.46,119.46,104319,4587986948.8,37976200
2022-05-24,123.6,123.6,115049,5467479952.3,45164830
2022-05-25,124.15,124.15,129120,6588459652.6,53511900
2022-05-26,123,123,119453,6438132740.8,51985140
2022-05-27,121.22,121.22,86182,3981861287.2,32685350
2022-05-30,120.67,120.67,68357,3035846751.9,24957710
2022-05-31,118.3,118.3,80617,3557831216.3,29983170
2022-06-01,121.97,121.97,104059,5296798375.3,43785040
2022-06-02,119,119,101114,5125256938.4,42769900
2022-06-03,119.21,119.21,80343,4067212982.5,34341530
2022-06-06,118.78,118.78,61834,2652231034.2,22281970
2022-06-07,118.32,118.32,59242,2629117760.2,22274020
2022-06-08,119.9,119.9,91893,5003858591.9,41514970
2022-06-09,118.2,118.2,80871,3477327986.1,29371970
2022-06-10,118.07,118.07,66107,3006397517.2,25373000
2022-06-14,118.98,118.98,92504,4454820677.7,37690460
2022-06-15,121.14,121.14,109377,6293254524.8,52262500
2022-06-16,123.73,123.73,113836,5865468454,47921410
2022-06-17,123.88,123.88,88261,4542499796,36608520
2022-06-20,131.29,131.29,131679,8358193641.7,65683460
2022-06-21,129.1,129.1,146746,9779358224,75565750
2022-06-22,133.11,133.11,143980,8798787966.1,67799070
2022-06-23,136.85,136.85,202897,14709729514.2,108118920
2022-06-24,137.76,137.76,110439,6186219567.5,45254820
2022-06-27,141.15,141.15,144372,9812403018.2,69963540
2022-06-28,139.99,139.99,120153,7675925017.5,54863240
2022-06-29,132.8,132.8,119578,7517497903.8,55164310
2022-06-30,125.2,125.2,174927,11774451572.6,91499020
2022-07-01,129.91,129.91,116110,7809271635.9,60628570
2022-07-04,131.43,131.43,104793,6244209442.1,48006990
2022-07-05,133.5,133.5,111239,6901128618.2,51662270
2022-07-06,134,134,106927,6371451571.2,47075440
2022-07-07,133.09,133.09,94914,5736860567.7,43059280
2022-07-08,133.3,133.3,73694,3656551234.1,27635050
2022-07-11,126.8,126.8,136200,6951759089.7,53725410
2022-07-12,129,129,127652,7276446907.2,57254290
2022-07-13,126,126,100411,5838157717.2,45932640
2022-07-14,125.9,125.9,92075,5273758237.4,41704620
2022-07-15,128.9,128.9,101371,5725166716.2,44954140
2022-07-18,128.11,128.11,76262,4560441171.4,35478100
2022-07-19,127.76,127.76,74011,4101676311.8,32381170
2022-07-20,126.44,126.44,70718,4450301742.2,34762350
2022-07-21,125.48,125.48,113428,6674132987.5,53633030
2022-07-22,128.82,128.82,91829,5934551084.8,46478250
2022-07-25,131.45,131.45,116731,7278558481.8,55990880
2022-07-26,132.9,132.9,104812,6674121413.4,50351100
2022-07-27,132.5,132.5,91397,5666320132.8,42526820
2022-07-28,131.72,131.72,84334,5270874128.5,40102900
2022-07-29,131.9,131.9,61667,3657277546.3,27788260
2022-08-01,127.34,127.34,90599,5733440411.9,44322900
2022-08-02,127.53,127.53,87740,5597372358.7,44006150
2022-08-03,126.85,126.85,65442,3954448973.2,30948110
2022-08-04,126.95,126.95,48402,2486974528.6,19560540
2022-08-05,122.4,122.4,123820,7580630330.2,61176570
2022-08-08,123.81,123.81,94575,6717450630,53664860
2022-08-09,126.4,126.4,82732,4714973255.6,37919970
2022-08-10,126.2,126.2,73111,4026159269.7,31939910
2022-08-11,123.45,123.45,77752,3873147168.4,30949210
2022-08-12,124.88,124.88,64383,3377655734.9,27223160
2022-08-15,125,125,63087,3150239987.1,25355480
2022-08-16,126.39,126.39,63769,3439359278,27290920
2022-08-17,124.5,124.5,76026,4134398010.8,32888950
2022-08-18,126.3,126.3,65340,3189014037,25415410
2022-08-19,125.2,125.2,54698,2339575284.4,18676990
2022-08-22,126.06,126.06,60329,3083949126.3,24510110
2022-08-23,130.38,130.38,116368,8448692324.8,65419130
2022-08-24,128.15,128.15,96277,5940974237.7,45833690
2022-08-25,128.18,128.18,75363,4630467612.5,36067720
2022-08-26,130.4,130.4,77584,4251007186.7,32879870
2022-08-29,131.17,131.17,89075,5342794309.5,40911490
2022-08-30,130.05,130.05,107183,6706724051.1,51084490
2022-08-31,134.25,134.25,172254,14439588088.8,107450510
2022-09-01,138.2,138.2,104665,7406741299.8,54942470
2022-09-02,143.8,143.8,234069,19355155393,136891810
2022-09-05,141,141,167766,12371122690.1,87603050
2022-09-06,137.23,137.23,163772,11990944909.2,86674520
2022-09-07,136.86,136.86,115963,8339250748.2,60753730
2022-09-08,134.51,134.51,108835,7829982200.8,57744420
2022-09-09,138.15,138.15,103960,6696870325.8,49115280
2022-09-12,138.7,138,120078,7304865311.8,52610620
2022-09-13,137,137.43,95022,6135930533.9,44582700
2022-09-14,138.9,139.1,127945,8599239020.7,62838520
2022-09-15,139.48,139.7,108963,7819974773.2,56243810
2022-09-16,137.73,137.8,136911,9983110793.7,71799280
2022-09-19,138.04,137.85,73834,4590344282.8,33272190
2022-09-20,125.1,125,370021,27120994882.9,208947780
2022-09-21,120.23,119.89,245603,16327145213.9,136625430
2022-09-22,124.31,124.35,190112,14562188054,117479960
2022-09-23,119.39,118.61,169766,10311649883.2,85906070
2022-09-26,107.06,110.08,276802,16617787749.1,148638170
2022-09-27,112.92,111.9,166523,10025188385.2,90981060
2022-09-28,111.06,110.39,148079,8720766869.9,77969660
2022-09-29,110.41,109.13,131846,7411211658.2,67487760
2022-09-30,110.21,108.7,222212,14569420124.9,133569040
2022-10-03,114.35,114.03,149577,8280923624.7,73960960
2022-10-04,110.55,111.26,132828,9371218814.4,83564680
2022-10-05,108.51,109,150329,9776634296.1,90416920
2022-10-06,108.24,108.55,98405,5630301035.4,51741480
2022-10-07,101.5,103.83,176627,9560941533.5,90989490
2022-10-10,106.71,106.39,236360,12100541809.1,117465350
2022-10-11,107.72,107.45,161914,8212972233.2,76962080
2022-10-12,105.9,106.13,114178,6748220830.6,63378400
2022-10-13,106.5,106.56,100238,4973132486.8,46849810
2022-10-14,107.78,107.68,104933,5631814421.3,52565400
2022-10-17,112.44,112.1,142876,8680124454.5,78496550
2022-10-18,110.88,113.2,181538,11468880403.2,101854810
2022-10-19,112.39,111.43,160685,10047779304.8,90693010
2022-10-20,116.98,116.06,186088,11611619802.2,100723600
2022-10-21,119.45,118.55,185601,11996337348.7,102382050
2022-10-24,118.8,118.9,161324,8899628781,74539310
2022-10-25,124.36,124.69,231247,13988406291.3,114156750
2022-10-26,124.43,124.12,212260,13490587416.3,108495360
2022-10-27,126.61,127.17,171670,11099070231,87915140
2022-10-28,126.97,126.74,149544,9289876913.2,73660000
2022-10-31,126.72,126.19,139389,7705148783.6,60762870
2022-11-01,127.05,127.1,80966,4678424679.9,36820880
2022-11-02,125.49,127.14,91488,5091797153.1,40216620
2022-11-03,125.75,125.45,103937,5968383629.5,47720130
2022-11-07,132,131.63,189795,11884172361.2,91709630
2022-11-08,131.29,131.17,143560,9132676225.5,69556040
2022-11-09,127.3,128.29,127792,8392114411.7,64961510
2022-11-10,136.68,135.87,284549,22986670666.3,171748310
2022-11-11,136.98,136.74,167566,10343394282,75710240
2022-11-14,139.8,139.82,154294,11457421132.4,82521030
2022-11-15,135.66,137.9,230804,19905669470,145543250
2022-11-16,139.18,139,125773,9275650502.9,67090170
2022-11-17,137.57,137.6,109573,8183196558.2,59160240
2022-11-18,136.89,136.01,84057,6017150012.2,44076540
2022-11-21,134.46,133.38,174869,11204179692.7,83599930
2022-11-22,135.65,135.75,85039,6185848298.4,45822990
2022-11-23,136.59,136.87,103415,7131237802.3,52302020
2022-11-24,136.61,136.82,83293,5825797012.7,42388720
2022-11-25,136.53,136.33,62975,4032240523.4,29618830
2022-11-28,135.53,135.77,98844,6119857086.1,45275110
2022-11-29,136.37,136.85,69284,4322432923.7,31648090
2022-11-30,136.78,135.51,63115,3645274279.8,26816190
2022-12-01,137.15,136.47,69939,4528220086.5,33056500
2022-12-02,136.66,136.5,42822,2631801491.3,19261670
2022-12-05,142,142.05,194980,14626342206,103930500
2022-12-06,140.61,141.6,93696,7320200569.4,51823300
2022-12-07,142.32,142.24,114937,9820959841.6,69885670
2022-12-08,139.92,140.38,121144,9051030863.8,64056510
2022-12-09,140.03,140.2,63362,4121787838.9,29441490
2022-12-12,139.48,139.32,71986,4674567348.3,33477470
2022-12-13,138.13,138.38,101413,7204347001,52200510
2022-12-14,137.3,137.6,67864,4682726701.5,34074890
2022-12-15,134.55,135.49,105030,7425601043.9,54791650
2022-12-16,135.45,135.73,65134,4438893679,32802120
2022-12-19,134.64,135.57,114359,7922461200.5,58826130
2022-12-20,138.28,137.45,88250,6164921383.7,45017120
2022-12-21,137.75,137.29,91276,6272681336.7,45542340
2022-12-22,137.69,137.86,69031,4219452712.4,30562140
2022-12-23,137.94,137.89,53883,3151110861.8,22908110
2022-12-26,140.95,140.68,103692,6912819148.3,49379370
2022-12-27,139.9,140.3,94202,5856965521.6,41654530
2022-12-28,139.51,139.55,68495,3911970512,28045010
2022-12-29,140.96,140.44,71440,4513089042.4,32059860
2022-12-30,141.15,141.21,64331,3968971100.4,28175080
2023-01-03,141.78,141.65,55187,3000247965.4,21098550
2023-01-04,141.43,141.3,50172,2419428972.3,17112740
2023-01-05,141.27,141.31,45764,2435171391.9,17245300
2023-01-06,141.4,141.14,34184,1504730792.2,10657600
2023-01-09,142.4,142.43,75295,4480148303.4,31449160
2023-01-10,142.81,142.39,57403,3368938055,23718180
2023-01-11,149.96,148.66,208795,18097145617.6,123147040
2023-01-12,149.3,148.97,105583,6982668294.2,46789300
2023-01-13,151.69,151.77,152707,13374657598.8,88520210
2023-01-16,153.71,153.34,107229,7920014161.8,51753920
2023-01-17,150.45,151.02,157024,12790444010.5,84404770
2023-01-18,151.47,152,131481,10235015056.8,67511970
2023-01-19,149.34,149.4,122069,10027708961.8,66813960
2023-01-20,151.38,150.33,86811,6633881321.1,44254820
2023-01-23,153.5,153.54,118475,8453400896.7,55198870
2023-01-24,152.66,153.12,153163,12126204920.9,78734130
2023-01-25,152.81,152.48,95683,6613609683.1,43376700
2023-01-26,152.4,151.8,97132,6966980467.7,45513320
2023-01-27,153.2,153.14,80414,5213964676.6,34123690
2023-01-30,153.38,153.4,67194,4760702156.6,31105220
2023-01-31,158.07,157,132964,12127748512.5,77890320
2023-02-01,158.29,157.22,116145,10480709146.9,66332200
2023-02-02,159.45,159.36,99447,8572049477,53866380
2023-02-03,161.26,160.96,123025,10193999216.9,63735330
2023-02-06,167.09,166.27,169138,14666403495.3,89083530
2023-02-07,165.39,165.02,178700,15345906260.6,92661570
2023-02-08,164.15,164.22,119028,9652989000.6,58669030
2023-02-09,165.31,165.03,196531,17608882957.8,107139220
2023-02-10,165.52,165.51,93521,6774229866.8,40924680
2023-02-13,164.32,165.25,95140,5995183185.7,36212200
2023-02-14,161.86,162.2,137917,9574244266.6,58832960
2023-02-15,156.25,157.21,201203,17992861042.9,113804160
2023-02-16,158.22,157.25,134175,10824261902.6,68549280
2023-02-17,159.73,158.95,104513,8295150283,52179940
2023-02-20,160.09,160.2,123754,10151613700.1,63971610
2023-02-21,164.15,164,204888,20810057510.7,127422480
2023-02-22,163.37,163.95,99089,7150966488.1,43772430
2023-02-24,164.3,164,88245,6199625787.6,37727230
2023-02-27,169.95,169.55,199345,16780738615.2,100133280
2023-02-28,169.82,169.9,164100,13727277947.9,80748140
2023-03-01,170.53,170.07,114761,9167860118.1,53784730
2023-03-02,168.05,169.04,160590,14517746431.3,86095640
2023-03-03,171.16,170.3,105630,8415476818,49566770
2023-03-06,171.84,172.21,114300,11111583412.4,64585290
2023-03-07,174.01,173.71,103891,9555925415.8,55287380
2023-03-09,172.55,173.46,156235,13943157257.4,80393110
2023-03-10,172.53,172.56,103332,8636905460,50256970
2023-03-13,172.15,172.2,129764,12709525433.5,74032280
2023-03-14,175.71,176.5,141502,15601317280.3,89325670
2023-03-15,175.3,174.46,135726,14010359713.1,79930290
2023-03-16,175.45,175.29,96462,8999771334.6,51534160
2023-03-17,193.59,191.4,515985,72487640689.1,388164850
2023-03-20,203.73,199,276075,31309861829,156714250
2023-03-21,203.32,204.64,221392,25112540900.7,122583960
2023-03-22,202.89,203.24,123240,11679333494.7,57568140
2023-03-23,202.58,203.17,66313,5415399866.5,26650230
2023-03-24,203.57,203.07,60612,4939230840.9,24325540
2023-03-27,211.84,209.29,183447,21191264384.4,101521380
2023-03-28,214.03,213.19,145523,15726501741.8,73901050
2023-03-29,217.99,218.14,192894,20980171180.8,96682530
2023-03-30,216.87,217.4,95110,8884287057.7,40886950
2023-03-31,216.6,215.5,169796,18878992953.8,88081360
2023-04-03,216.09,215.2,124818,11951820883.8,55175630
2023-04-04,214.83,214.29,118356,9882799399.6,45803380
2023-04-05,216.15,215.99,115578,9891663991.7,46177490
2023-04-06,214.25,214.31,99111,8425126719.9,39061450
2023-04-07,216.27,216.15,84466,6286417581.4,29198130
2023-04-10,222.21,220.95,188049,18737869518.4,85196000
2023-04-11,218.6,218.94,194349,21743759463.1,98538370
2023-04-12,219.22,218.7,110370,9773616806.2,44767540
2023-04-13,219.85,218.9,75677,7159179734.3,32672160
2023-04-14,221.87,221.7,97024,9554306584.3,43316040
2023-04-17,228.1,226.63,172575,17756638468.9,78797270
2023-04-18,232.66,231.39,176248,22454901978.8,97770120
2023-04-19,232.95,233.8,187538,27097765520.1,115713300
2023-04-20,236.28,235.79,166292,19879696925.7,85093750
2023-04-21,235.17,235.89,189645,27370731655.4,115905760
2023-04-24,235.1,235.14,68329,7185358111.2,30536770
2023-04-25,235.3,235.29,65347,7565048264.5,32187450
2023-04-26,235.21,235.33,50819,5751047264.4,24430320
2023-04-27,240.38,239.49,112733,16307607839.2,68311610
2023-04-28,240.38,240.41,95222,11892356487.7,49583350
2023-05-02,242.62,240.15,154127,20364151649.6,83957810
2023-05-03,235.77,238,149892,18372320194.5,76827180
2023-05-04,238.89,237.21,117319,12637521165.2,53079590
2023-05-05,237.7,239.89,126821,14683897982.1,61366140
2023-05-08,238.27,238.9,91091,11420605923.6,47865890
2023-05-10,227.06,222.7,330492,34751930179.7,156874740
2023-05-11,229.32,232.64,322710,45532596380.3,197302410
2023-05-12,229.29,228.86,164967,16140281925.4,70528170
2023-05-15,231.7,231.15,108885,11295223379.6,49090190
2023-05-16,230.62,230.48,94873,8446678565.3,36613690
2023-05-17,230.55,230.01,76969,7300922562.3,31770380
2023-05-18,231.7,231.96,122382,13063333221.1,56228190
2023-05-19,231.27,230.89,79816,7309847108.3,31639980
2023-05-22,231,231.16,113577,6122461335.3,26487190
2023-05-23,236.43,236.01,125819,14730893977.2,63010540
2023-05-24,246.06,242.87,173024,20714536176.6,86011970
2023-05-25,243.76,244.85,152798,17342598158.4,70882360
2023-05-26,248.1,248.37,150126,17064289810.3,69202730
2023-05-29,251.18,252.59,133878,17017721478.8,67999610
2023-05-30,244.65,245.19,153572,20681901312.6,83533260
2023-05-31,246.17,245.91,180151,17794062792.6,72912500
2023-06-01,241.66,242.39,160823,12670513593.5,52046910
2023-06-02,243.95,244.81,126194,11331232122.6,46542940
2023-06-05,237.12,239.98,174382,18897132269.5,78742190
2023-06-06,240.91,240.66,233623,23816658058.8,100640180
2023-06-07,241.25,241.17,140235,15268682081.7,63130930
2023-06-08,241.77,241.5,76070,7222971807.9,29945470
2023-06-09,240.4,241.2,77108,6659895379.3,27569100
2023-06-13,244.33,243.58,97120,9863948131,40551890
2023-06-14,244.6,244.25,110642,12822239153.4,52205640
2023-06-15,245.18,245.5,99607,9807475223.8,40063590
2023-06-16,243.87,245,62790,5729888135.6,23441160
2023-06-19,242.28,242.58,90697,7239082414,29844240
2023-06-20,241.74,241.15,93036,8820107717.8,36621960
2023-06-21,242.2,243.39,72199,6509866591.4,26830770
2023-06-22,240.66,242.03,70137,5590904541.9,23136750
2023-06-23,235.67,240.29,154014,14736944961.5,61886110
2023-06-26,238.4,237.55,173093,19509065518.1,82016390
2023-06-27,241.21,241.32,108905,12350836600,51466410
2023-06-28,239.67,240.08,71233,6793968901,28310570
2023-06-29,239.99,240.7,71401,6771141228.4,28192150
2023-06-30,239.61,240.4,61109,5759887900,24051460
2023-07-03,243.33,243.82,109738,11469844958.6,47333310
2023-07-04,240.7,242.55,86281,10055387487.4,41561500
2023-07-05,240.95,241.06,58229,4814047501.4,19972080
2023-07-06,240.96,241.19,63055,5618736214,23260340
2023-07-07,243.67,242.14,85534,7332444797.9,30275210
2023-07-10,249.4,247.3,138935,16071729444.1,65076680
2023-07-11,247.99,247.72,109742,12299322430.2,49590820
2023-07-12,247.52,248,83860,9753032391.9,39316540
2023-07-13,246.19,246.48,79508,7288359089.4,29561460
2023-07-14,246.45,246.79,73911,6311038243.1,25661560
2023-07-17,245.39,246.2,125597,8878816493.1,36193390
2023-07-18,246.77,246.89,93342,8881118332.9,36008340
2023-07-19,245.85,246.28,84206,7752930513.8,31451760
2023-07-20,242.7,244.7,114178,8801178563.7,36027010
2023-07-21,244.13,244.3,109319,7857419374.2,32271770
2023-07-24,244.87,244.95,67159,4841185545.1,19769440
2023-07-25,247.2,246.75,106037,9802524256.7,39733390
2023-07-26,247.05,246.92,74271,6452766655.3,26119270
2023-07-27,247.95,248.53,101215,9888953807.4,39793470
2023-07-28,249.25,249.29,105013,8882595853.3,35776620
2023-07-31,267.4,264.9,323903,43588329451.2,167914420
2023-08-01,268.5,268.5,308757,43867907028.7,162988910
2023-08-02,268.57,268.45,123898,12994793534.9,48418320
2023-08-03,269.11,268.86,184020,20410042951.8,75757120
2023-08-04,264.12,264.28,262485,35356837729,132212230
2023-08-07,261.92,263.03,154420,16298932253.3,61531090
2023-08-08,264.62,263.52,141414,17041697177,65114820
2023-08-09,263.91,263.78,91124,9249536249.7,34994150
2023-08-10,266.91,266.49,101300,9917152046.2,37292060
2023-08-11,266.23,266.43,83802,6609842078.6,24846460
2023-08-14,260.45,262.8,187870,22902790188,86724810
2023-08-15,260.42,261,149361,15503423730.3,59232630
2023-08-16,256.02,256.61,174430,18480740234.3,71823620
2023-08-17,258.5,257.28,90999,9242381700.9,35937920
2023-08-18,261.14,259.5,92565,8050824110.9,31064600
2023-08-21,261.15,260.81,93965,9346055970.9,35766040
2023-08-22,261.45,261.2,78196,6769122940.9,25953320
2023-08-23,256.4,259.63,138876,13720905467.1,53116160
2023-08-24,259.63,258.34,69412,6959479100,26979270
2023-08-25,260.5,261,80102,7426717866.2,28575150
2023-08-28,266.93,267,147557,15334069568.9,57897070
2023-08-29,265.68,266.47,97747,9425505447.3,35407330
2023-08-30,264.7,265.45,102279,10237031481.4,38604380
2023-08-31,264.85,265.4,80782,5993343768.2,22582290
2023-09-01,265,265,55851,5100561546.5,19265170
2023-09-04,267.39,267.17,110101,12877036020.6,48140770
2023-09-05,264.75,265.51,102654,10571300705.4,39811860
2023-09-06,263.5,263.5,83975,7464966620.5,28341890
2023-09-07,258.79,257.9,165037,17586948788.7,67688600
2023-09-08,255.68,256.45,119240,12703139529.3,49562810
2023-09-11,256.25,256.27,109498,11118810652,43282460
2023-09-12,262.4,260.75,109806,11734500325.7,45160820
2023-09-13,258.18,259.47,84438,7819067326.6,30051360
2023-09-14,260,260.38,111222,11926823552.1,46227900
2023-09-15,260.83,260.89,86323,9278013469,35581630
2023-09-18,259.07,259.95,83338,7570774955.6,29037560
2023-09-19,252.72,253.6,196908,22788038781.3,89551540
2023-09-20,253.77,254.72,142652,16916624771.2,66831270
2023-09-21,250.16,250.89,182699,14795034218.3,58913730
2023-09-22,251.99,252.1,90663,10243374236,40714900
2023-09-25,252.65,253,102799,8008924561.2,31863690
2023-09-26,255.87,255.51,97142,10912472469.6,42960400
2023-09-27,256.1,256.16,75046,7148789525.8,27880630
2023-09-28,257.67,257.67,71899,6771650933.6,26331160
2023-09-29,260.72,261.7,138615,17870619137.4,68533310
2023-10-02,258.98,258,97569,9234131821.3,35574470
2023-10-03,259.65,259.89,100698,6193849314.7,23911430
2023-10-04,259.53,259.68,56512,4816207232,18571620
2023-10-05,259.38,259.05,76868,6111704653.5,23501620
2023-10-06,262.93,260.42,83397,8338546572.1,32001280
2023-10-09,265.25,264.2,120406,12036758886.8,45447720
2023-10-10,263,264.7,101633,8962447421.9,34001290
2023-10-11,260.21,263.49,94991,7743000723.4,29495790
2023-10-12,264.5,263.63,101666,7233267191,27549160
2023-10-13,263.51,263.7,62631,4851837828.5,18408670
2023-10-16,268.15,268,146152,14344201420.1,53723180
2023-10-17,270,270.46,151043,13825850433.3,51214360
2023-10-18,267.9,268.4,99896,10845314693.3,40380530
2023-10-19,268.65,268.67,103110,9007682323.1,33532880
2023-10-20,269.8,269.9,83672,8836450519.3,32879730
2023-10-23,270.1,270.9,164784,16984291674.3,62432160
2023-10-24,271.27,270.49,71912,7588324230.3,28029860
2023-10-25,273.73,273.72,108400,11415367308.1,41830970
2023-10-26,269.9,270,130564,16225541281.4,59497750
2023-10-27,269.7,270.01,111468,13403054524.8,49779630
2023-10-30,269.89,270.52,85740,9008697112.8,33345990
2023-10-31,268.35,268.86,64190,7029773669.2,26210450
2023-11-01,269.68,269,67445,5549754579.7,20609480
2023-11-02,269.06,268.52,73978,6944685370.1,25751530
2023-11-03,268.54,269.48,68091,5636878200.6,20981280
2023-11-06,273.42,272.5,83116,7958186555.7,29274160
2023-11-07,273.31,273.89,86724,8823191181.7,32275170
2023-11-08,278.15,277.4,180374,16058628329.9,58032670
2023-11-09,276.65,277.08,78959,7882378166.5,28430630
2023-11-10,280.19,280,108167,12486368414,44643290
2023-11-13,283.97,283.54,119614,12987568839.3,45887770
2023-11-14,280.87,282.4,101614,11420870892.9,40484810
2023-11-15,282.89,282.52,100324,11759519733.3,41837690
2023-11-16,279.7,281.47,69036,6960894309.1,24696600
2023-11-17,281.6,282,86522,8802030848.8,31322320
2023-11-20,282.91,282.84,85658,7159259895.1,25291010
2023-11-21,282.79,283.18,67563,5398749981.4,19099390
2023-11-22,286.16,285.53,121271,13495087731.8,47296890
2023-11-23,286.19,286,75608,7943750424.6,27724080
2023-11-24,286.85,286,73824,7464158319.9,26067870
2023-11-27,282.33,281.57,197671,22471824107.9,79146090
2023-11-28,279.91,280.06,114603,12723607276.7,45507410
2023-11-29,276.8,277.57,98546,8285652355.3,29820830
2023-11-30,277.5,276.8,136936,15391411364.4,55873540
2023-12-01,273.97,275.09,103059,8726777005.9,31660970
2023-12-04,270.96,272.95,96303,10274823032.6,37700740
2023-12-05,279.62,276.56,101730,12898716767.4,46892570
2023-12-06,267.58,269.24,192075,27232146023.6,100020030
2023-12-07,265.12,265.5,130692,16923520867.1,63564530
2023-12-08,265.16,265.3,89111,9405705680.8,35364310
2023-12-11,256.89,257.2,182387,20147540396.1,77668070
2023-12-12,257.6,259.76,130217,16571022504,63932170
2023-12-13,260.45,259.25,77808,7735550777.2,29836400
2023-12-14,256.64,258.18,93833,10532813145.4,40549660
2023-12-15,268.21,267.1,168933,22341539421.4,84668740
2023-12-18,268.4,269.4,121593,13852221892.9,51602470
2023-12-19,267.35,267.78,83518,10231074172.7,38287810
2023-12-20,266.61,267.33,69403,8324805931,31094000
2023-12-21,265.19,265.8,82316,8829664891.8,33301420
2023-12-22,271.3,270.55,104039,15866126899.5,58724860
2023-12-25,271.08,271.6,80497,10373920560.6,38115690
2023-12-26,271.9,271.91,59460,6150168906.6,22658320
2023-12-27,271.08,271.55,62278,4676446141.7,17214050
2023-12-28,271.74,272,71989,7965183378.6,29439730
2023-12-29,270.82,271.8,89524,5650210977.5,20810540
2024-01-03,274.56,273.64,50912,5631304882.5,20586020
2024-01-04,274.12,274.04,33045,3218187919.1,11729380
2024-01-05,273.62,273.46,26234,2634959748.5,9635550
2024-01-08,276.76,275.81,70828,5924626062.4,21489440
2024-01-09,275.28,276,40508,5601231460.4,20316030
2024-01-10,274.49,275.68,45305,5689654961.5,20660410
2024-01-11,275.71,275.9,39228,5370898109.7,19526030
2024-01-12,275.84,275.4,40571,4882061544.1,17702040
2024-01-15,275.96,276.1,50619,5915980754.2,21397690
2024-01-16,276.01,275.7,48118,4434943891,16110240
2024-01-17,278,277.7,84334,9523371870.2,34256680
2024-01-18,277.07,277.78,56847,4914788384,17701680
2024-01-19,274.86,275.29,77733,7719165768.4,28052580
2024-01-22,274.93,275.01,54025,4149254623.1,15086860
2024-01-23,275.9,276,45781,5551653286.2,20092540
2024-01-24,273.77,274.1,49407,5547156811.6,20203730
2024-01-25,272.81,272.96,55026,6660096921.1,24436130
2024-01-26,272.65,273.12,34378,3039687676.7,11131250
2024-01-29,274.05,273.73,51155,4686446978,17095190
2024-01-30,275.67,274.71,72144,7510055141.5,27236150
2024-01-31,276,275.9,38489,3458231052.6,12543740
2024-02-01,276.86,277,45483,4424105623.2,15976730
2024-02-02,276.74,276.51,41139,3517688565.9,12718190
2024-02-05,277.84,277.26,47728,4459688600.3,16056990
2024-02-06,278.67,278.75,55417,4441542937.6,15960270
2024-02-07,284.41,282.22,94002,12797141132.2,45372390
2024-02-08,282.17,282.82,102295,12521153866.4,44132450
2024-02-09,283.5,283.6,72289,6900413037.7,24378920
2024-02-12,287.28,287.75,89808,9693906269.9,33890070
2024-02-13,287.07,287.49,70460,9560948260.2,33307500
2024-02-14,289.06,289.7,84358,10376406284.2,35874260
2024-02-15,290.24,290,66227,7491686110.6,25912290
2024-02-16,288.33,288,103238,15460455301.4,53446950
2024-02-19,288.93,289,65730,7030472390,24327480
2024-02-20,283.9,287.17,104220,12882360699.8,44972610
2024-02-21,282,281.55,100171,13832083001.2,48915360
2024-02-22,284.77,282.74,53972,7137276375.2,25175120
2024-02-26,291.25,290.7,107862,12435377754.3,42969530
2024-02-27,292.52,292.52,70723,9488019001,32504830
2024-02-28,291.75,292.81,101828,14423329993.4,49330680
2024-02-29,292.19,293,50531,6562891480.7,22436940
2024-03-01,295.38,294.44,60691,7970692143.2,27129280
2024-03-04,299.17,298.97,108656,12107585572,40609910
2024-03-05,298.4,298.7,103489,12488922816.8,41756340
2024-03-06,297.71,298.15,39646,5293866478.8,17756170
2024-03-07,300.4,299.38,59590,6570159861.5,21982790
2024-03-11,299.79,300.05,102432,12573478353,41781940
2024-03-12,300.9,300.4,78940,8607354015.3,28743980
2024-03-13,298.85,300.1,53415,7202085490.6,24012100
2024-03-14,295.83,296.28,113580,12524056211.8,42205930
2024-03-15,298.3,298.6,54631,7760549517.4,26040280
2024-03-18,298.87,299.11,60437,6067059310.3,20281860
2024-03-19,295.2,295.7,115162,17713321524.8,59714940
2024-03-20,295.4,295,72812,9072637303.8,30703230
2024-03-21,295.62,295.99,163677,20813977282.9,70680800
2024-03-22,292.99,295.44,114381,14416754330.6,48982100
2024-03-25,293.9,294.3,59812,7506770037.9,25567820
2024-03-26,294.11,293.84,43562,4794328486.1,16295560
2024-03-27,295.1,294.92,42513,4286276310.5,14560090
2024-03-28,299,298.69,76906,10034947247.5,33675160
2024-03-29,298.72,298.9,42483,5288501325.2,17705950
2024-04-01,300.43,299.76,80263,8612449823.1,28662870
2024-04-02,300.38,300.55,64413,5995530685,19980460
2024-04-03,306.72,306.2,125661,17732924741.7,58228980
2024-04-04,304.61,305.94,73338,8884912105.9,29074900
2024-04-05,306.1,305.7,38305,5915523146.6,19355990
2024-04-08,307.75,306.92,69309,7656859212.5,24899610
2024-04-09,306.76,307.03,78703,9857166056.7,32044440
2024-04-10,306.48,306.89,50352,6331291824.7,20682180
2024-04-11,306.95,307.33,51351,6298575558.1,20527000
2024-04-12,307.1,306.8,54625,4920099637.9,16025300
2024-04-15,307.99,308,49642,6381167168.7,20746510
2024-04-16,308.29,307.97,52753,5273954891.3,17135850
2024-04-17,306.59,306.43,59080,8679485717.7,28227330
2024-04-18,307.99,308.16,37902,6264315854.3,20387560
2024-04-19,307.38,307.9,38080,4482220740.8,14578320
2024-04-22,314.99,313.3,138656,21503352871,69006740
2024-04-23,307.39,308.3,214274,28881328913.5,92863630
2024-04-24,307.94,307.86,70305,8189808740.4,26557490
2024-04-25,308.41,308.4,45014,4916605561.8,15946760
2024-04-26,309,309.15,58444,6538760959,21146360
2024-04-27,308.98,309.47,40803,4055173632.8,13111060
2024-04-29,308.97,308.38,32822,3092125081.6,10025690
2024-04-30,308.24,308.43,21373,1844647205.8,5980690
2024-05-02,307.37,307.1,54004,5006399567.2,16262520
2024-05-03,307.53,307.84,95641,9339424027,30466990
2024-05-06,306.01,306.97,47914,5890819811.7,19203550
2024-05-07,308.22,308.39,43471,5112444401.6,16616810
2024-05-08,311.21,310.9,93120,10529373347.6,33881400
2024-05-10,313.49,312.98,40164,5230529723.5,16715650
2024-05-13,314.85,315.01,65120,6839146524.5,21712460
2024-05-14,318.12,318.1,71637,11154192130.2,35247320
2024-05-15,319.7,320,59824,9056860789.1,28351820
2024-05-16,322.91,322.18,63274,8952630927.5,27847220
2024-05-17,323.16,322.96,58437,7859033926.8,24398590
2024-05-20,321.08,320.94,87326,11817360016,36736790
2024-05-21,320.64,319.8,91181,10876485461.1,34019460
2024-05-22,322.93,322.86,44770,6011980649.9,18651840
2024-05-23,323.54,323.9,41634,5768287058.1,17865490
2024-05-24,321,321.3,69257,8554310667.2,26594700
2024-05-27,317.09,316.44,119194,14541663957.6,45712960
2024-05-28,318.22,317.78,115943,9627673836,30187790
2024-05-29,320.38,320.35,58182,7313974807.4,22989260
2024-05-30,316.63,318,98634,8605178038.5,27005390
2024-05-31,313.11,314.48,152253,15479042373.3,49206450
2024-06-03,310.95,310.27,155023,19130763055.2,61860770
2024-06-04,316.49,314.02,82472,10346962905.5,33070240
2024-06-05,314.72,315.5,71062,8793190541.6,27792110
2024-06-06,313.08,312.7,74439,8883619041.5,28328920
2024-06-07,319.9,320.45,89659,14157276798.3,44484260
2024-06-10,317.28,317.25,76429,8400530697.5,26344630
2024-06-11,317.8,317.9,62635,6377952742.9,20064950
2024-06-13,317.71,317.09,98660,12977584451.7,41281520
2024-06-14,319.35,320.29,106681,6849866414.7,21488970
2024-06-17,317.65,317.85,44864,4932076583.1,15476190
2024-06-18,314.34,315,62643,6947091443.3,22024090
2024-06-19,310.7,309,106318,13105247559.5,42183660
2024-06-20,314.15,313.5,162795,22616269152.5,72789950
2024-06-21,314.14,314.52,67256,9152147994,29116600
2024-06-24,317.25,317.2,73471,9387538945.4,29607080
2024-06-25,319.8,319.21,75103,8270536250.9,25978180
2024-06-26,324.55,323.9,88589,13721465556.5,42491110
2024-06-27,327.16,327.83,124105,15221129798.9,46771370
2024-06-28,327.15,326.5,90481,13250355870.2,40451800
2024-07-01,327.1,326.25,70841,10396387155,31710510
2024-07-02,328.37,328.57,57635,6941082279.2,21155650
2024-07-03,328.2,328.78,75115,10584686930.8,32156700
2024-07-04,324.66,324.17,98077,13317132561.5,40766110
2024-07-05,325,324.24,79757,13096717923,40433010
2024-07-08,324.07,323.86,74466,9025370831.1,27756900
2024-07-09,319.99,319,170116,17436610896.9,54199810
2024-07-10,316.68,315.5,235365,28065530252,88512550
2024-07-11,295.87,295.31,524131,48738315678.7,168030600
2024-07-12,292.21,292.35,123842,14669454270.5,49999170
2024-07-15,284.38,284.49,127792,16923746968.1,58737560
2024-07-16,285.25,283,171604,23286385147.6,82870860
2024-07-17,284.68,285,148212,12284503604.5,42824670
2024-07-18,289.83,289.3,72967,9784301935.1,34090360
2024-07-19,289.9,291,73252,9026251889.6,31022060
2024-07-22,294.71,294.35,76343,9779002585.2,33386610
2024-07-23,294.39,294,48747,6529116896.2,22190840
2024-07-24,295.69,296.5,122695,7263003449.2,24565710
2024-07-25,296.37,297.08,55691,6768216500.8,22868740
2024-07-26,293.3,294.1,179297,25147137351.5,84909830
2024-07-29,286.58,287.27,142180,15134258844.7,52445850
2024-07-30,290,291.49,139081,12290569982.7,42572480
2024-07-31,289.3,288.61,61357,7524943880.7,25974520
2024-08-01,287.21,288.89,44184,5391099058,18646450
2024-08-02,286.04,286.1,77059,8601524731.8,30086580
2024-08-05,275.49,276.81,166580,22871130952.3,82141460
2024-08-06,279.4,278.83,86167,12169833605.6,43600150
2024-08-07,282.2,282.66,99159,13599338250,48494490
2024-08-08,281.09,282.45,148260,12008636097.6,42425830
2024-08-09,281.44,281.9,52968,6275073796,22302730
2024-08-12,280.74,280.23,86145,7768907946.4,27767330
2024-08-13,283.92,282.78,79099,6791087827.3,24058790
2024-08-14,280.32,281.79,52314,6148973531,21757040
2024-08-15,278.01,277.54,123186,7984061069.2,28665290
2024-08-16,274.6,277,62420,7255848404.4,26195850
2024-08-19,268.17,268.01,153899,18530524836.8,68626200
2024-08-20,266.2,265.4,154894,14489552806.6,54276130
2024-08-21,266.93,266.55,105681,9866186881.8,37127480
2024-08-22,261.6,263.51,113308,12655851217.7,47907530
2024-08-23,259.5,257.6,176911,19878279030.4,76719180
2024-08-26,265.39,264.41,104621,13205967280.5,49974250
2024-08-27,260.5,260.7,70646,8495741636.8,32345170
2024-08-28,262.47,260.8,116325,12416454599.4,47867970
2024-08-29,260.31,260.29,77342,9085153605.5,34802250
2024-08-30,254.45,256.95,121471,11826212287.4,46118490
2024-09-02,244.31,245.87,195195,24225650310.2,97662430
2024-09-03,244.04,242.8,193382,25885880197.1,105673360
2024-09-04,253.01,250,115770,17536502500.4,70652080
2024-09-05,252.82,252.53,119029,20008156071.4,78616830
2024-09-06,254.77,253.23,93875,10455174955.5,41336330
2024-09-09,263.31,262.4,128440,17203253856.9,66128940
2024-09-10,261.29,259.75,115381,15137344244,57937830
2024-09-11,258.2,260.46,82187,9961674795,38293710
2024-09-12,254.93,253.21,97281,11841477728.8,46358080
2024-09-13,258.25,257.77,203210,28260374145.3,111180360
2024-09-16,263.79,263.33,122553,13789541715.2,52643180
2024-09-17,265.99,266.54,101366,15202488870,57565620
2024-09-18,263.4,265.5,86451,11523855679.3,43376640
2024-09-19,264.5,263.33,87106,9440735658.1,35683170
2024-09-20,269.08,268.42,74028,10346363727.7,38767000
2024-09-23,273.17,272.4,106826,13432987817.1,49396850
2024-09-24,272.92,272.95,72506,10076908612,36984140
2024-09-25,267.8,267.96,132949,11862922074.2,43803870
2024-09-26,267.88,266.24,66256,8524972559,31888540
2024-09-27,268.07,268.95,58603,5073287299.4,18889430
2024-09-30,268.49,271.86,105333,11510452992.3,42519740
2024-10-01,266.29,266.85,141271,13875642502.8,52125800
2024-10-02,259.31,258.52,122224,12233584613,46519200
2024-10-03,264.25,263.01,132228,14759403716.9,56534560
2024-10-04,264.09,263.76,68635,6861324907.4,25992290
2024-10-07,263.39,262.6,95480,7618217009.6,28940600
2024-10-08,262.4,263.21,49800,4248218099.7,16163780
2024-10-09,260.86,259.61,60988,6531053134.9,25021350
2024-10-10,259.98,260.1,48673,4598989252.9,17677230
2024-10-11,256.94,258.04,77429,6408762717.8,24848580
2024-10-14,261.28,259.5,153462,16646352622.2,64205680
2024-10-15,262.03,262.45,60407,6879583803.8,26247370
2024-10-16,259.5,258.99,89783,10504935123.6,40206260
2024-10-17,256.57,257.25,57754,6366640213.7,24658790
2024-10-18,257.19,256.6,103821,7693100993.4,30020250
2024-10-21,258.21,258.3,66106,5547686295.3,21471680
2024-10-22,255.42,255.85,61508,4381858399.4,17064680
2024-10-23,252.01,253.41,113471,7718228941.6,30420950
2024-10-24,252.64,252.27,97097,7245386056,28764370
2024-10-25,246.35,247.27,201659,20126043138.8,80587930
2024-10-28,242.56,242.8,166891,17652871569.7,71940990
2024-10-29,242.66,242.8,147128,11430089075.7,47134580
2024-10-30,241.45,245.1,106716,9721006737.9,39826840
2024-10-31,237.9,239.26,128668,13737746155.2,57274130
2024-11-01,238.03,238.16,125949,11441541301.6,48370770
2024-11-02,238.97,238.93,45810,3558577653.7,14895450
2024-11-05,239.23,239.23,94871,6757011275.8,28172270
2024-11-06,243.6,243.19,160070,19402189406.5,78965200
2024-11-07,250.93,248.04,124858,10948449973.3,44425190
2024-11-08,255.98,252.8,108490,14677974806.8,58086370
2024-11-11,260.73,260.5,122240,17578684699.6,67847940
2024-11-12,255.77,256.27,87370,10539814448.5,40926850
2024-11-13,254.7,258.6,84816,11439153914.4,44540020
2024-11-14,249.52,249.72,98860,12366776262.5,49011750
2024-11-15,253.43,253.7,89993,11113484983.2,44201700
2024-11-18,248.72,250.95,149869,12859671851.2,51559910
2024-11-19,240.59,240.45,177918,18395321114.9,75474680
2024-11-20,237.05,237.49,164135,16837071934.3,70349830
2024-11-21,240.47,235.5,158112,17757313155.9,75143570
2024-11-22,236,235.4,95698,10836393146.5,45621420
2024-11-25,227.81,230,162372,17727272699.1,76469770
2024-11-26,223.16,222.77,231735,21854770442,96795030
2024-11-27,226.3,221.5,232795,25043210046.8,112457620
2024-11-28,228.56,228.45,130941,15359712601,67840700
2024-11-29,236.49,235.11,130297,16387603634.6,70303900
2024-12-02,235.17,235.61,103525,10677792835,45142250
2024-12-03,230.8,231.52,89437,10536715774,45322870
2024-12-04,224.55,227.5,131983,16617122007.6,72417390
2024-12-05,233.48,231.49,164868,19851593351.8,86989140
2024-12-06,237.84,236.99,166653,19088098358.7,81096070
2024-12-09,237.29,237.82,122837,12526394065.3,52493640
2024-12-10,230.82,231.37,133496,13710391986.5,58740230
2024-12-11,234.19,231.4,115310,15026987712,64914300
2024-12-12,229.02,230,115719,13748238586.9,59171170
2024-12-13,228.7,229.48,94542,10570497704.4,46124660
2024-12-16,225.53,224.8,107518,12350005599.1,54593280
2024-12-17,226.5,225.06,107544,10353636763.7,45885470
2024-12-18,230.15,226.94,98786,13200949659.8,58056480
2024-12-19,229,228.6,188640,28715332741.6,124061370
2024-12-20,257.6,257.17,373972,58117516791.8,235186220
2024-12-23,264.9,263.6,267520,43158379935.7,163165650
2024-12-24,264.34,264.3,150068,22159031394.9,83808660
2024-12-25,271.69,269.99,191882,33690236575.4,125539910
2024-12-26,269.56,271.15,141710,20555363427.4,75735270
2024-12-27,271.2,270.5,97081,14113195712.4,52144690
2024-12-28,272.83,271.7,75600,10781650537.5,39585910
2024-12-30,279.43,279.4,97811,14559469001.2,52633750
2025-01-03,272.25,273.2,94186,11853565984.9,43086870
2025-01-06,274.37,272.44,88739,7737094495.2,28454750
2025-01-08,277,276.98,73551,7356165148.5,26634660
2025-01-09,271.8,271.8,99681,14491325783.8,52952880
2025-01-10,278.77,278.17,152694,19623132401.4,71154220
2025-01-13,279.8,281.8,159552,18781966095.5,66601710
2025-01-14,279.85,279.73,109759,12888705821.9,46037150
2025-01-15,282.77,277.24,140290,14768778206.9,52864450
2025-01-16,281.8,282.7,93797,13975953014.3,49453530
2025-01-17,283.53,283.9,111458,14674366108.3,51876150
2025-01-20,278.19,280.5,140246,19166116805.7,67946640
2025-01-21,281.85,281.08,112161,11305302708.9,40478260
2025-01-22,280.36,283.87,102355,13286163684.6,47106880
2025-01-23,280.49,278.51,89355,10774689057.8,38573410
2025-01-24,280.74,280.72,81035,9028740828.2,32155210
2025-01-27,275.23,276.52,98275,10825883885.4,39035610
2025-01-28,278.35,278.7,80592,10821743892.1,39030820
2025-01-29,280.36,282,84306,10974299055.3,39161630
2025-01-30,281.97,282.5,69736,7888310432.6,28020880
2025-01-31,280.73,280.95,84988,11395665602,40333120
2025-02-03,279.55,279.22,81004,8477125815.3,30373760
2025-02-04,277.4,278,60785,6685824653.4,23986670
2025-02-05,282.88,280.79,102485,12035124307.1,43070410
2025-02-06,287.15,287.15,148579,19885584125.2,69363150
2025-02-07,285.81,286.3,63538,7924869053.3,27626070
2025-02-10,289.94,293.5,144702,21267188580.4,73052590
2025-02-11,294.06,293.5,108732,16355814309,56009830
2025-02-12,314,294,341200,56277149585.3,185816680
2025-02-13,310.1,310.75,228080,36604642922.8,116925810
2025-02-14,309.87,309.57,230084,39525316749.6,126690930
2025-02-17,319.5,318.5,173913,26824441532.1,84827010
2025-02-18,312.95,313.03,164475,26823149077.9,85001770
2025-02-19,315.91,315,97815,15868701994,50484340
2025-02-20,315.05,315.31,79778,10477695990.6,33164900
2025-02-21,314.74,314.12,68867,10285495344.6,32725520
2025-02-24,316.03,315.19,117903,11245263329,35730390
2025-02-25,316.97,316.38,74569,12313543551,38826960
2025-02-26,310.22,312.53,151363,23040552826.8,73827020
2025-02-27,307.1,309.32,144916,18840933180.5,60936490
2025-02-28,309.63,307,134666,20165953351,65681370
2025-03-03,305.5,303.95,160752,21118040593.4,69490830
2025-03-04,316.4,316.2,167382,27673062102.7,88130960
2025-03-05,313.56,317.5,108836,18258763571,57792400
2025-03-06,315.18,315.79,67225,10074119599.5,31963110
2025-03-07,316.92,313.16,185974,35131355149.6,110871260
2025-03-10,317.57,317.6,92111,12523199814.1,39315360
2025-03-11,319.69,320.23,132717,20743337430.1,64935150
2025-03-12,318.39,318.97,92008,13354955867.1,41964450
2025-03-13,316.37,313.02,152058,24872186568.7,78552090
2025-03-14,320.51,320.15,107934,16479988152.4,51762530
2025-03-17,326.02,324.99,166656,21405545613.7,65837470
2025-03-18,324.06,328.2,136274,23858590971.5,72947120
2025-03-19,325.3,326,80305,12924249479.5,39800890
2025-03-20,324.05,324.8,88651,13733625340.5,42356790
2025-03-21,323.26,322.22,67638,9307475192.5,28707780
2025-03-24,319.47,320.68,89718,10625951470.3,33041960
2025-03-25,319.8,317.55,110364,15393054646.5,48328480
2025-03-26,315.23,315.94,62127,6538901138.5,20580040
2025-03-27,311.96,313.24,93165,11358486600.3,36146350
2025-03-28,308.04,308.04,125114,16031305830.6,51876870
2025-03-31,309.72,310.05,184686,19421334931.8,63464450
2025-04-01,303.24,306.31,106638,14189067837.8,46088340
2025-04-02,306.11,304.3,82816,12239463777.8,40207020
2025-04-03,302.09,298.4,133538,15830422691.6,52408560
2025-04-04,285.35,288.77,195265,26036638105.7,88719200
2025-04-07,287.56,288.15,331119,42133204557.9,148100880
2025-04-08,282.03,290.91,139933,18971747387.6,65532930
2025-04-09,293.4,283.72,221893,31178982733.2,109378190
2025-04-10,292.46,292.21,151602,18462379507.9,62862840
2025-04-11,299.81,298.55,106590,15032498602.8,50418210
2025-04-14,296.5,297.07,118706,13002981126.2,43463400
2025-04-15,297.99,297.2,55506,7237200065.2,24258710
2025-04-16,300.8,302.7,78305,9025534176.1,30103500
2025-04-17,304.8,301.24,84311,11378109269.2,37579800
2025-04-18,300.01,300.93,91523,13843312685.9,46147920
2025-04-21,308.12,307.68,111702,15696937031.4,51260130
2025-04-22,312.25,310.33,137292,19986720462.3,64482010
2025-04-23,310,311.79,112156,18205856288,58851190
2025-04-24,310.16,309.77,58427,7504459729.8,24120000
2025-04-25,316.69,316.37,122035,16278145183.5,51763570
2025-04-28,314.23,317.77,169583,20322690613.4,64064870
2025-04-29,309.41,310.7,86299,9421538560.5,30249990
2025-04-30,307.8,306.62,107606,12646916301.8,41266290
2025-05-02,299.96,300.75,61549,5981323146,19751770
2025-05-05,294.64,292.41,150998,15230445067.2,51318290
2025-05-06,302.02,302.78,117339,14773158821.5,49327640
2025-05-07,302.79,302.9,72519,8976384139.9,29667370
2025-05-08,302.15,301.95,49338,6320270506.9,20811410
2025-05-12,310.81,310.46,118229,13884015455.2,44959170
2025-05-13,311.24,312.5,60895,7704228262.3,24762720
2025-05-14,304.21,311.2,64873,8424502346.8,27152010
2025-05-15,304.72,302.51,116327,14406540059.2,47487250
2025-05-16,306.34,305.46,127092,19427040526.8,63956680
2025-05-19,308.33,311.2,130441,16945367750.9,54696990
2025-05-20,306.16,305.2,75812,6083077283.3,19810690
2025-05-21,303.98,303.58,59925,6242559258.5,20456330
2025-05-22,302.66,304.25,90987,10582114096.7,35013910
2025-05-23,302.22,302.22,55671,5198782407.7,17175890
2025-05-26,297.77,296.37,104932,10306538220.4,34631470
2025-05-27,298.7,299.5,76741,7673014298,25760040
2025-05-28,308.47,306.54,115054,14648131212,48001460
2025-05-29,306.65,307,59741,7398147137.4,24049740
2025-05-30,309.3,309.19,52527,6759369553.5,21916240
2025-06-02,309.63,310.99,140741,16712545745.1,54580610
2025-06-03,313.55,313.86,111521,10951973458,34937680
2025-06-04,313.23,314.17,139748,16958795557.5,53786160
2025-06-05,317.96,318,56732,8986855430,28359290
2025-06-06,313.13,313.03,178720,32500344718.1,102022760
2025-06-09,311.17,310.12,98794,10533542010,33754120
2025-06-10,308.68,309.38,69343,8619271205.5,27818280
2025-06-11,312,313.29,65146,8191275736.2,26275440
2025-06-13,310.2,310.01,44706,4174681243.7,13424610
2025-06-16,311.5,311.71,91405,7710716133.8,24722530
2025-06-17,313.56,314.18,70425,7304100659.3,23302090
2025-06-18,313.38,313.8,55650,5520966746,17607700
2025-06-19,312.46,312.8,79498,9522281144.4,30310650
2025-06-20,309.7,309.76,79460,6863014852,22045200
2025-06-23,310.17,310.97,64077,4938806149.6,15950290
2025-06-24,311.37,310.82,58947,5897307982.6,18994470
2025-06-25,313.78,314.1,59893,6341067887.7,20230110
2025-06-26,312.84,313.51,49287,4068113458.2,12976890
2025-06-27,315.18,314.59,49152,5982192972,19035650
2025-06-30,316.15,316.78,84402,9525329651.4,30132840
2025-07-01,318.42,319.05,52743,6964251168.6,21887840
2025-07-02,319.43,318.54,51206,6600317218.2,20701250
2025-07-03,319.17,321.01,51085,6500049426.2,20286790
2025-07-04,319.44,319.27,45614,5689934411,17811390
2025-07-07,313.5,313,96248,9787005611.3,31000910
2025-07-08,309.71,315.3,62375,7996138126.9,25532140
2025-07-09,310.09,309.5,82962,9252314230.6,29871070
2025-07-10,314.01,314.22,62819,7434156902.4,23711960
2025-07-11,309.88,310.42,84134,12241821099.6,39276450
2025-07-14,317.97,316.56,157860,19004266500.9,60982030
2025-07-15,319.99,319.98,96917,12910720451.2,40470270
2025-07-16,321.58,321.6,103127,11827832481.6,36861670
2025-07-17,327.05,325.92,172822,29731917686.3,91182020
2025-07-18,309,308.13,232674,35354690605,115982520
2025-07-21,310.4,309.8,134141,18307430351.3,58775550
2025-07-22,310.67,310.39,89050,8360752088.2,26942000
2025-07-23,313.08,313.44,64487,11718452317.2,37399400
2025-07-24,310.83,310.39,54938,8668962709.7,27841890
2025-07-25,308.93,309.8,103833,15731070355.1,50866870
2025-07-28,303.97,304.39,116686,12776839043.7,41734530
2025-07-29,305.26,307.43,71680,9375226490.2,30696940
2025-07-30,303.3,303.86,44836,4412739606.1,14499120
2025-07-31,304.95,305.35,48000,6052599147.2,19884770
2025-08-01,304.22,304.2,113871,5640029361.96,18473506
2025-08-04,307.95,307.69,188489,8705418280.86,28420639
2025-08-05,307.38,307.76,115124,6600273789.41,21497509
2025-08-06,310.22,304.67,205343,18467299362.31,59949361
2025-08-07,313.43,313.1,255507,22585748627.03,72089666
2025-08-08,317.97,316,145112,11005948334.74,34959877
2025-08-11,317.82,317.98,217315,13561508440.33,42436965
2025-08-12,318,318.85,85474,5965464945.68,18765577
2025-08-13,317.51,319.1,109494,6725812960.17,21127896
2025-08-14,318.73,318.61,102665,8396973453.22,26459276
2025-08-15,319.4,319.99,104040,8332392054.18,26071682
2025-08-18,318.38,316.89,200454,14947370865.07,47243830
2025-08-19,316.5,317,94477,6964277289.18,21879576
2025-08-20,314.17,314.66,99009,5869479046.82,18653270
2025-08-21,309.98,311.34,130866,9613839595.84,30815394
2025-08-22,312.05,312,88271,4824423002.32,15495808
2025-08-25,311.42,311.97,189425,5152868818.66,16597549
2025-08-26,311.79,311.21,70047,3529157240.57,11297232
2025-08-27,312.78,312.99,67072,3654563019.24,11692831
2025-08-28,310.82,314.5,104055,6341434576.04,20309447
2025-08-29,310.04,310.51,88248,4611253588.03,14855695
2025-09-01,309.2,308.88,95187,4011172329.4,12919567
2025-09-02,308.44,307.47,120482,5366665365.11,17407779
2025-09-03,309.49,308.9,80864,3233933499.51,10482402
2025-09-04,308.74,308.05,72221,3974488416.24,12848837
2025-09-05,310.5,310.78,71629,3614081672.13,11650553
2025-09-08,312.83,312.86,100546,5730658424.58,18352636
2025-09-09,313.06,313.73,83731,5359212726.61,17116843
2025-09-10,309.76,310.25,96667,5999706054.39,19292572
2025-09-11,307.11,307.79,155026,9052430559.63,29436347
2025-09-12,303.5,303.88,183411,12001884293.42,39315303
2025-09-15,302.48,302.5,162035,7501199667.67,24789043
2025-09-16,301.8,302,126368,7874847903.39,26108050
2025-09-17,304.5,304.3,119727,9515741220.01,31421531
2025-09-18,301.68,302.86,119393,8315372549.13,27536729
2025-09-19,294.84,297.4,232640,11635708803.64,38919790
2025-09-22,298.05,298.01,207648,12146855505.87,41184639
2025-09-23,291.6,298.6,147977,10055129316.84,33989319
2025-09-24,293.31,293.53,182044,14013824160.56,47845030
2025-09-25,289.9,290.97,110191,6131641048.37,20998024
2025-09-26,291.33,291.98,119983,6577490806.23,22643314
2025-09-29,287.57,287.71,201447,10558191901.87,36270471
2025-09-30,288.36,289.15,197993,8448898245.35,29382368
2025-10-01,286.4,286.3,145887,6576740304.08,22897705
2025-10-02,285.22,285.05,162831,7977142960.95,28023440
2025-10-03,282.91,283.7,150766,4866587736.44,17098575
2025-10-06,290.56,290,238553,12725990249.11,44563926
2025-10-07,293.89,293.67,144993,11118592914.9,37893983
2025-10-08,281.9,280.22,287733,21455966507.52,75222569
2025-10-09,289.37,289.45,301156,21756142085.85,76179258
2025-10-10,285.12,285.75,188861,9802145252.36,34168796
2025-10-13,285.39,284.79,185409,10628443460.69,37255011
2025-10-14,283.3,283.28,100654,6336024375.64,22304284
2025-10-15,283.74,283.94,101487,6354633082.6,22412693
2025-10-16,302.91,293.27,296530,27693939616.72,94011501
2025-10-17,300.91,301.27,185473,13662360087.79,45293894
2025-10-20,304,304.95,172543,10588797522.93,34807707
2025-10-21,295.47,293.59,193758,21009220004.88,70646260
2025-10-22,290.02,294.01,163757,12617477172.48,43163350
2025-10-23,291.8,291,153940,11285276468.59,39228445
2025-10-24,287.55,287.16,168778,13867992000.93,47904311
2025-10-27,283.17,284.4,150920,9995467134.35,35162033
2025-10-28,289.46,288.95,167231,10631654782.9,36966759
2025-10-29,290.5,291.4,107701,6313299551.42,21784278
2025-10-30,296.12,296.88,153195,11142750680.78,37766748
2025-10-31,291.89,292.4,129980,9302630867.51,31675676
2025-11-01,293.7,294.08,64126,3763739970.14,12822737
2025-11-03,298.04,297.55,85057,5350986709.95,17970362
2025-11-05,295.7,294.9,127250,9996341505.05,33737444
2025-11-06,294.27,294.4,112413,7064646712.28,24025168
2025-11-07,296.84,297.02,106006,6541015487.16,22069475
2025-11-10,300.46,299.9,209827,12926536192.2,42981855
2025-11-11,301.12,300,103683,6452433192.43,21489101
2025-11-12,299.09,297.66,121371,7277070281.42,24329162
2025-11-13,299.09,299.25,129475,5048729657.95,16853483
2025-11-14,297.44,297,105474,5838418641.35,19655059
2025-11-17,294.68,295.4,131705,6658039882.16,22555984
2025-11-18,299.44,300.43,216636,14157514528.87,47260145
2025-11-19,304.75,305.97,255251,18329390316.71,60132565
2025-11-20,307.89,302.83,207035,12934315611.36,42352133
2025-11-21,306.7,306.85,127344,9917805065.75,32336510
2025-11-24,305.87,305.03,166413,8129662622.06,26541972
2025-11-25,306.6,307,111479,9007594998.84,29434900
2025-11-26,304.96,304.94,80397,3946630169.16,12942518
2025-11-27,299.53,299.5,293509,10394336262.28,34517910
2025-11-28,304.17,304.72,106526,7515783116.96,24863407
2025-12-01,305.2,305.7,133264,7240216146.69,23738837
2025-12-02,303.77,303.3,100663,6048433753.4,19883739
2025-12-03,302.85,303.36,123319,8702516170.9,28901358
2025-12-04,301.76,301.95,72960,5030112558.88,16616235
2025-12-05,307.22,306.98,122416,10450683867.56,34203718
2025-12-08,304.95,305.79,112647,8463863073.75,27634404
2025-12-09,306.39,305.78,107948,7038561904.88,22986737
2025-12-10,306.73,306.73,72212,4477612444.65,14599471
2025-12-11,307.19,306.19,167472,13555005667.31,44063111
2025-12-12,303.86,305.02,133123,9721821856.2,31814259
2025-12-15,305.08,304.99,167528,9424859039.11,30961382
2025-12-16,304.78,305.08,120313,7571279480.47,24824717
2025-12-17,303.5,303.47,167077,9201627020.25,30322906
2025-12-18,301.96,300.71,170769,11595792384.77,38425498
2025-12-19,299.87,299.6,320391,15565216005.1,51746725
2025-12-22,297.72,298.02,206679,8308098426.21,27835745
2025-12-23,300.65,301.05,104383,5537942834.73,18476872
2025-12-24,302.03,302.1,86668,6229203594.24,20631838
2025-12-25,300.26,300.51,164464,3507971432.1,11659403
2025-12-26,302.51,302,137240,7471305890.61,24760307
2025-12-29,299.7,299.2,276482,17178955734.59,56868781
2025-12-30,299.9,300.28,116099,5995707082.49,19986979
2026-01-05,298.78,299,130135,4600917411.64,15436418
2026-01-06,299.08,299.13,57500,2083074827.93,6964708
2026-01-08,298,298.22,70364,3086340363.87,10369894
2026-01-09,299.04,299.19,48892,2272887301.6,7607473
2026-01-12,299.16,299.43,105738,4842370405.12,16155274
2026-01-13,297.23,297.44,120875,5469857113.11,18378726
2026-01-14,298.58,299.42,131275,5472725248.67,18334454
2026-01-15,299.16,298,95848,3953716772.29,13250411
2026-01-16,301.52,301.77,110995,6226817380.8,20712588
2026-01-19,303.62,304.01,173094,7942036419,26210423
2026-01-20,304.03,303.86,100944,5201023168.34,17136591
2026-01-21,306.49,306,104942,8034147581.29,26303679
2026-01-22,306.22,305.99,126995,7138151902.74,23320211
2026-01-23,306.88,307.2,86788,5237994811.22,17087324
2026-01-26,303.17,303.35,205090,7524823701.6,24700319
2026-01-27,304.92,305.12,126462,4797651863.49,15774419
2026-01-28,303.58,304.3,97443,3878400631.09,12736685
2026-01-29,308.52,307.59,257916,16423403986.49,53351947
2026-01-30,305.62,305.05,115999,7241568363.89,23671670
2026-02-02,304.16,302.74,198901,8786413527.82,28909115
2026-02-03,303.81,304.2,100492,4400421340.72,14464001
2026-02-04,303.86,304.84,132629,6055261746.46,19860749
2026-02-05,301.45,301.46,145411,8305644090.68,27536502
2026-02-06,300.61,300.85,114846,3568606905.92,11841971
2026-02-09,301.81,301.88,122550,4620709450.27,15318942
2026-02-10,302.9,303.07,109263,8370846904.83,27588552
2026-02-11,305.76,305.44,130882,9089253937.74,29809193
2026-02-12,305.2,306.02,105804,6872229824.93,22458986
2026-02-13,308.55,308.04,193175,11293916302.94,36814938
2026-02-16,311,310.94,236988,12071885612.21,38815643
2026-02-17,310.77,309.57,154470,6604055046.79,21276701
2026-02-18,313.4,313.94,132085,10816544861.9,34610069
2026-02-19,313.14,312.96,163074,5960457584.02,19014144
2026-02-20,314,313.52,84045,4963901610.08,15829109
2026-02-24,316.15,315.35,189116,11007110293.05,34857330
2026-02-25,317.53,317.4,108297,6005187980.64,18969042
2026-02-26,315.6,316.11,132186,6349776887.38,20024543
2026-02-27,315.63,315.94,143800,6634480527.56,21086869
2026-03-02,313.58,313.52,226986,9782538226.64,31156211
2026-03-03,311.83,311.2,156588,6629408604.49,21230110
2026-03-04,311.1,311.25,95365,4612443495.79,14800457
2026-03-05,314.68,315.42,143132,6901816206.31,21980101
2026-03-06,314.14,314.47,100701,4532868052.2,14393455
2026-03-09,316.3,316.35,107379,5872682597.49,18598046
2026-03-10,314.8,314.28,169464,10555916949.16,33340187
2026-03-11,315.09,314.71,105500,5853968228.93,18547784
2026-03-12,316.39,317.17,101437,4692126204.65,14846381
2026-03-13,316.65,316.63,85760,3958665468.96,12474326
2026-03-16,316.4,316.14,161317,6753018741.54,21294877
2026-03-17,319.69,318.02,143771,8286642841.73,26044180
2026-03-18,320.51,321.67,166706,12222390453.28,38076511
2026-03-19,320.77,320.01,130336,7696321640.91,24035017
2026-03-20,320.16,320.46,106329,6984138253.98,21758167
2026-03-23,316.87,317.54,256959,10969857929.37,34569625
2026-03-24,317.17,317.38,94720,3959495268.69,12487529
2026-03-25,317.02,317.32,77250,2786512167.39,8776779
2026-03-26,315.92,315.56,82810,4222905547.23,13353011
2026-03-27,313.88,314.16,143193,7427400803.53,23618618
2026-03-30,314.48,314.5,169115,8538428505.6,27147563
2026-03-31,314.22,314.35,86080,4097036146.54,13040353
2026-04-01,316.71,316.5,98042,6001492034.8,18962642
2026-04-02,316.27,316.2,90602,2964056269,9372317
2026-04-03,314.65,315,103409,4666202700.22,14790929
2026-04-06,318.98,319.47,186758,11895407390.14,37438192
2026-04-07,317.87,318.77,227829,7342497298.61,23014285
2026-04-08,319.4,319.49,149059,5823360233.99,18211595
2026-04-09,317.51,317.23,222795,10145476469.28,31890826
2026-04-10,317.29,317.54,216100,4727314675.96,14873204
2026-04-13,316.8,316.24,184141,5950558197.6,18785644
2026-04-14,317.11,317.5,85911,4168741932.07,13158936
2026-04-15,320.91,320.64,140194,9364646026.12,29327448
2026-04-16,322.16,321.71,168719,13216945027.76,40903680
2026-04-17,323.87,323.76,148041,8391359352.07,25964984
2026-04-20,325.3,325.22,187862,7453727155.12,22971792
2026-04-21,323.47,323.7,145303,7618886903.4,23549316
2026-04-22,326.5,325.26,122994,7635797940.1,23466927
2026-04-23,327.39,327.51,93719,6549320231.07,20016804
2026-04-24,325.19,324.8,127043,9503459986.67,29137930
2026-04-27,321.99,322.98,142691,6338528376.51,19594160
2026-04-28,319.82,320,133652,7847437237.76,24479673
2026-04-29,320.09,316.46,211750,13015134348.76,40766275
2026-04-30,319.81,319.59,102887,6053620257.56,18920593
2026-05-04,321.79,320.12,163909,7874436716.86,24518611
2026-05-05,321.2,322,165188,7431309718.64,23183857
2026-05-06,319.9,320,128870,4486948062.45,13999932
2026-05-07,318.77,319.27,70164,3033445172.71,9498277
2026-05-08,320.39,318.4,88398,4686668650.98,14662157
2026-05-11,323.75,323,107772,5666261913.45,17513848
2026-05-12,326.95,325.6,102142,6704132041.75,20591587
2026-05-13,325.75,326.9,67286,3894019618.31,11950458
2026-05-14,324.2,325.08,86909,4609486343.11,14151563
2026-05-15,322.98,322.88,83566,4898769265.78,15117867
2026-05-18,325.23,325.23,147763,6579087372.2,20332716
2026-05-19,323.87,323.66,102732,4734450831.24,14567588
2026-05-20,323.25,323.62,106346,4103233785.38,12683730
2026-05-21,322.79,323.88,137483,6140021290.41,19040819
2026-05-22,322.46,322.35,176049,8483391084.72,26179278
2026-05-25,320.38,320.6,209208,12134083885.5,37794430
2026-05-26,320.05,320.14,96577,6063906052.15,18942663
2026-05-27,322.5,322.01,159993,6733325904.91,20931789
2026-05-28,322.3,322.3,74394,4839616961.04,14996154
2026-05-29,320.57,320.84,82052,5531357567.21,17242709
2026-06-01,322.99,322.46,139105,6087772507.27,18888303
2026-06-02,326.75,326.4,133124,8627612174.83,26541120
2026-06-03,323.37,324.02,94477,6744383376.24,20741230
2026-06-04,322.92,322.9,82745,5455432307.34,16872624
2026-06-05,322.19,322.18,73055,4000280809.23,12413671
2026-06-08,320,319.5,146330,8121926312.55,25297011
2026-06-09,321.02,321.23,126165,8284345276.41,25885632
2026-06-10,321.88,321.89,116112,7170354506.33,22329203
2026-06-11,321.2,321.63,72872,3163583242.84,9826768
2026-06-15,324.6,323.25,160430,7514035996.6,23190912
2026-06-16,320.25,320.11,140508,10434186929.27,32508771
2026-06-17,319.17,319,104274,5116400313.07,16011163
2026-06-18,315.4,315.47,240121,17559060422.65,55611719
2026-06-19,312.84,313.86,209621,13708623588.34,43729791
2026-06-22,301.93,305.44,365859,26370154294.57,86075833
2026-06-23,307.21,307.94,234796,17867103691.24,58634002
2026-06-24,301.92,299.35,280043,16795303699.17,55513803
2026-06-25,295.16,299.01,327284,22917512086.84,76647625
2026-06-26,299.18,297.85,284290,25366862417.63,85683639
2026-06-29,307.9,307.14,248656,18479165195.78,61001139
2026-06-30,308.09,307.15,185283,13896680102.2,44933411
2026-07-01,307.04,306.68,181706,12577118854.98,40780087
2026-07-02,301.05,301.8,197020,13931986134.19,45930395
2026-07-03,301.19,301.75,161463,9917346319.93,33006616
2026-07-06,298.77,298.68,323901,15083059705.05,50214521
2026-07-07,298.98,296.93,248284,14593974011.15,49403734
2026-07-08,298.66,298.49,262007,12469193078.71,41979587
2026-07-09,294.54,295,187632,9576906437.98,32299129
2026-07-10,290.85,291.03,206435,11354110268.33,38827604
2026-07-13,293.96,293.3,256857,12645309231.13,42948387
2026-07-14,294.56,294.79,140598,10643758581.63,36089498
2026-07-15,288.08,287.9,228316,13330757858.67,45945760
2026-07-16,277.02,279.02,371751,23114190297.84,82373465
2026-07-17,279.92,277.23,324660,21056145510.16,75512943
2026-07-20,260.99,257.26,623452,33294836798.82,132103400
2026-07-21,263.1,263.13,308444,20316139531.92,77523479
2026-07-22,263.72,263.59,249602,12078744115.75,45875808
2026-07-23,263.61,264.14,231171,8565206979.32,32555088
2026-07-24,267.6,267.14,299357,17994665082.63,67898515
2026-07-27,274.49,274,303995,17205681033.24,63249037
2026-07-28,272.48,271.88,196798,10357987575.43,37810737
2026-07-29,275.7,275.3,142623,7837639842.18,28526781
2026-07-30,273.4,273.88,167717,10110655033.25,36673536
2026-07-31,276.52,275.6,129988,6890272882.05,25055477
2026-08-03,281.39,280.15,172284,7816252250.15,27937080
2026-08-04,284.6,284.18,381355,14967277065.89,52816444
2026-08-05,287.69,287.45,218328,12099840388.87,42280765
2026-08-06,284.75,284.91,201072,11611766866.93,40749725
2026-08-07,282.5,282.53,178057,7652843192.8,27055123
2026-08-10,284.3,283.58,160294,5662077002.44,19960180
2026-08-11,286.2,286.48,137256,6137469603.29,21457010
2026-08-12,283.99,284.5,120852,6884488289.61,24145658
2026-08-13,277.51,278.26,174550,7708494166.46,27504193
2026-08-14,273.4,272.85,243346,12553817399.61,45732142
2026-08-17,271,270.44,229480,11101522838.14,40961941
2026-08-18,277.72,276.23,183050,8349958987.05,30340431
2026-08-19,276.32,276.76,101829,4920366142.23,17797892
2026-08-20,271.11,270.66,135541,7206122309.74,26392566
2026-08-21,273.33,272.99,109885,5388051637.78,19829440
2026-08-24,269.52,269.16,206572,10181342935.12,37820554
2026-08-25,271.7,271.65,175293,9637962841.24,35500143
2026-08-26,267.3,267.8,162609,7302457888.28,27208582
2026-08-27,270.11,269.93,150825,6789279585.98,25297200
2026-08-28,268.14,268.39,111494,5615294803.33,20920889
2026-08-31,275.85,275.49,194757,10119660329.96,37099082
2026-09-01,272.21,275.37,149652,7377691902.28,26826095
2026-09-02,274.28,274.49,122182,5422845903.8,19814357
2026-09-03,279.05,276.91,129104,7828096733.5,28337598
2026-09-04,280.68,279.76,120760,7718038048.82,27598636
2026-09-07,280.08,279.61,142624,5801140131.95,20764942
2026-09-08,279.2,278.44,151764,6612391834.78,23673870
2026-09-09,277.04,277.6,106922,5515220003.05,19889950
2026-09-10,285.04,285.15,141947,10916364209.3,38597901
2026-09-11,283.32,283.22,160762,9732028427.48,34353442
2026-09-14,287.5,288.11,153061,7739563461.32,26990745
2026-09-15,284.91,284.31,152789,6350791692.66,22220772
2026-09-16,279.94,279.68,174462,9365806204.49,33205230
2026-09-17,275.89,275.18,181528,10417306583.93,37680058
2026-09-18,276.74,277.88,80536,4101119131.64,14823010
2026-09-21,277.3,277.23,113632,3912828137.39,14168563
2026-09-22,280.75,281,121498,5716309284.87,20412159
2026-09-23,280.74,279.66,115028,4545106118.95,16276101
2026-09-24,279.33,279.55,88170,3356859667.94,12005847
2026-09-25,276.35,276.2,103284,4860625632.53,17573507
2026-09-28,272.45,273,170028,7031212070.15,25688835
2026-09-29,274.65,275.5,100117,5063499940.98,18505319
2026-09-30,273.92,274,89656,3269298376.65,11950633
2026-10-01,276.18,276.6,106173,6090452103.8,22103506
2026-10-02,275.45,275.68,88635,3695268209,13432967
2026-10-05,281.77,282.05,227892,11617347158.16,41452144
2026-10-06,282.22,282.54,129808,6241395028.19,22099060
