TRADEDATE,CLOSE
2019-10-01,6511.51
2019-10-02,6376
2019-10-03,6361.69
2019-10-04,6344.58
2019-10-07,6424.37
2019-10-08,6352.55
2019-10-09,6370.2
2019-10-10,6407.67
2019-10-11,6421.37
2019-10-14,6386.77
2019-10-15,6425.42
2019-10-16,6481.06
2019-10-17,6479.09
2019-10-18,6528.57
2019-10-21,6566.66
2019-10-22,6603.21
2019-10-23,6579.51
2019-10-24,6567.48
2019-10-25,6579.95
2019-10-28,6552.37
2019-10-29,6591.62
2019-10-30,6655.06
2019-10-31,6594.36
2019-11-01,6645.64
2019-11-05,6728.99
2019-11-06,6715.73
2019-11-07,6755.08
2019-11-08,6798.34
2019-11-11,6863.74
2019-11-12,6852.54
2019-11-13,6849.39
2019-11-14,6835.54
2019-11-15,6863.49
2019-11-18,6813.88
2019-11-19,6859.51
2019-11-20,6860.75
2019-11-21,6842.12
2019-11-22,6898.11
2019-11-25,6898.24
2019-11-26,6909.04
2019-11-27,6945.51
2019-11-28,6925.09
2019-11-29,6916.41
2019-12-02,6899.13
2019-12-03,6808.58
2019-12-04,6861.48
2019-12-05,6831.41
2019-12-06,6907.87
2019-12-09,6933.7
2019-12-10,6904.16
2019-12-11,6951.48
2019-12-12,7002.09
2019-12-13,7060.96
2019-12-16,7069.33
2019-12-17,7098.48
2019-12-18,7117.22
2019-12-19,7072.32
2019-12-20,6994.69
2019-12-23,7061.79
2019-12-24,7049.78
2019-12-25,7030.17
2019-12-26,7024.31
2019-12-27,7061.91
2019-12-30,7096.03
2020-01-03,7134.61
2020-01-06,7117.3
2020-01-08,7236.79
2020-01-09,7266.75
2020-01-10,7342.65
2020-01-13,7437.77
2020-01-14,7384.16
2020-01-15,7389.53
2020-01-16,7421.63
2020-01-17,7487.49
2020-01-20,7547.33
2020-01-21,7574.31
2020-01-22,7522.7
2020-01-23,7468.99
2020-01-24,7450.28
2020-01-27,7251.69
2020-01-28,7346.26
2020-01-29,7409.52
2020-01-30,7387.86
2020-01-31,7321.36
2020-02-03,7367.52
2020-02-04,7505.94
2020-02-05,7577.67
2020-02-06,7569.09
2020-02-07,7606.84
2020-02-10,7582.52
2020-02-11,7632.08
2020-02-12,7619.83
2020-02-13,7599.65
2020-02-14,7579.27
2020-02-17,7545.31
2020-02-18,7478.16
2020-02-19,7518.88
2020-02-20,7555.65
2020-02-21,7546.27
2020-02-25,7366.96
2020-02-26,7408.55
2020-02-27,7191.69
2020-02-28,6888.18
2020-03-02,6813.72
2020-03-03,6847.63
2020-03-04,6858.1
2020-03-05,6836.25
2020-03-06,6234.12
2020-03-10,5932.7
2020-03-11,5915.13
2020-03-12,5322.03
2020-03-13,5569.21
2020-03-16,5394.75
2020-03-17,5185.95
2020-03-18,4928.32
2020-03-19,5296.46
2020-03-20,5481.53
2020-03-23,5316.38
2020-03-24,5513.34
2020-03-25,5467.79
2020-03-26,5431.37
2020-03-27,5245.64
2020-03-30,5279.37
2020-03-31,5473.19
2020-04-01,5368.93
2020-04-02,5370.54
2020-04-03,5406.23
2020-04-06,5622.05
2020-04-07,5725.13
2020-04-08,5807.32
2020-04-09,5886.29
2020-04-10,5869.63
2020-04-13,5751.43
2020-04-14,5806.52
2020-04-15,5554.77
2020-04-16,5655.99
2020-04-17,5759.8
2020-04-20,5677.69
2020-04-21,5569.66
2020-04-22,5725.09
2020-04-23,5781.78
2020-04-24,5759.95
2020-04-27,5849.17
2020-04-28,6030.08
2020-04-29,6056.16
2020-04-30,6044.02
2020-05-04,6001.22
2020-05-05,6057.72
2020-05-06,6069.22
2020-05-07,6136.77
2020-05-08,6170.92
2020-05-12,6161
2020-05-13,6067.85
2020-05-14,5887.43
2020-05-15,5866.83
2020-05-18,5986.75
2020-05-19,5989.58
2020-05-20,6102.5
2020-05-21,6090.49
2020-05-22,6063.07
2020-05-25,6142.16
2020-05-26,6167.22
2020-05-27,6217.46
2020-05-28,6325.33
2020-05-29,6262.59
2020-06-01,6254.7
2020-06-02,6409.28
2020-06-03,6541.18
2020-06-04,6430
2020-06-05,6500.91
2020-06-08,6527.84
2020-06-09,6455.85
2020-06-10,6414.98
2020-06-11,6346.76
2020-06-15,6382.14
2020-06-16,6459.03
2020-06-17,6436.83
2020-06-18,6433.23
2020-06-19,6470.4
2020-06-22,6498.16
2020-06-23,6586.51
2020-06-25,6571.8
2020-06-26,6542.06
2020-06-29,6555.03
2020-06-30,6503.39
2020-07-02,6635.39
2020-07-03,6652.74
2020-07-06,6819.37
2020-07-07,6808.53
2020-07-08,6716.77
2020-07-09,6751.22
2020-07-10,6843.65
2020-07-13,6840
2020-07-14,6817.27
2020-07-15,6914.66
2020-07-16,6947.79
2020-07-17,6988.8
2020-07-20,7079.31
2020-07-21,7156.97
2020-07-22,7270.72
2020-07-23,7239.14
2020-07-24,7296.92
2020-07-27,7417.03
2020-07-28,7411.66
2020-07-29,7497.11
2020-07-30,7376.36
2020-07-31,7551.12
2020-08-03,7726.28
2020-08-04,7774.28
2020-08-05,7798.98
2020-08-06,7788.45
2020-08-07,7716.07
2020-08-10,7580.25
2020-08-11,7704.87
2020-08-12,7742.09
2020-08-13,7781.7
2020-08-14,7658.4
2020-08-17,7714.33
2020-08-18,7709.35
2020-08-19,7783.58
2020-08-20,7667.2
2020-08-21,7748.35
2020-08-24,7757.29
2020-08-25,7757.16
2020-08-26,7753.46
2020-08-27,7651.85
2020-08-28,7533.4
2020-08-31,7589.93
2020-09-01,7489.93
2020-09-02,7485.07
2020-09-03,7346.7
2020-09-04,7319.5
2020-09-07,7459.96
2020-09-08,7354.36
2020-09-09,7357
2020-09-10,7455.7
2020-09-11,7386.76
2020-09-14,7471.17
2020-09-15,7637.76
2020-09-16,7769.73
2020-09-17,7807.32
2020-09-18,7783.96
2020-09-21,7574.62
2020-09-22,7667.85
2020-09-23,7800.41
2020-09-24,7735.79
2020-09-25,7753.8
2020-09-28,7833.44
2020-09-29,7841.68
2020-09-30,7793.75
2020-10-01,7761.66
2020-10-02,7577.54
2020-10-05,7676.54
2020-10-06,7692.45
2020-10-07,7577.74
2020-10-08,7520.98
2020-10-09,7537.13
2020-10-12,7443.88
2020-10-13,7382.06
2020-10-14,7467.57
2020-10-15,7374.37
2020-10-16,7235.72
2020-10-19,7172.42
2020-10-20,7184.27
2020-10-21,7254.37
2020-10-22,7325.1
2020-10-23,7343.2
2020-10-26,7361.1
2020-10-27,7372.77
2020-10-28,7221.62
2020-10-29,7249.97
2020-10-30,7121.73
2020-11-02,7188.87
2020-11-03,7306.36
2020-11-05,7561.46
2020-11-06,7622.57
2020-11-09,7779.87
2020-11-10,7839.3
2020-11-11,7955.85
2020-11-12,7994.47
2020-11-13,8028.99
2020-11-16,8124.33
2020-11-17,8087.78
2020-11-18,8131.89
2020-11-19,8015
2020-11-20,8011.6
2020-11-23,7943.18
2020-11-24,8036.43
2020-11-25,8216.94
2020-11-26,8242.07
2020-11-27,8393.97
2020-11-30,8410.65
2020-12-01,8565.26
2020-12-02,8699.64
2020-12-03,8644.08
2020-12-04,8740.59
2020-12-07,8756.94
2020-12-08,8710.15
2020-12-09,8921.57
2020-12-10,8848.04
2020-12-11,8735.77
2020-12-14,8668.45
2020-12-15,8747.46
2020-12-16,8795.06
2020-12-17,8808.35
2020-12-18,8713.19
2020-12-21,8415.63
2020-12-22,8575.04
2020-12-23,8638.39
2020-12-24,8622.23
2020-12-25,8597.77
2020-12-28,8637.13
2020-12-29,8621.06
2020-12-30,8611.78
2021-01-04,8803.02
2021-01-05,8763.8
2021-01-06,8767.39
2021-01-08,9264.09
2021-01-11,9393.39
2021-01-12,9298.15
2021-01-13,9267.43
2021-01-14,9406.24
2021-01-15,9564.35
2021-01-18,9704.94
2021-01-19,9609.8
2021-01-20,9499.92
2021-01-21,9249.32
2021-01-22,9188.49
2021-01-25,9293.57
2021-01-26,9266.72
2021-01-27,9213.04
2021-01-28,9171.95
2021-01-29,9086.26
2021-02-01,9234.39
2021-02-02,9356.16
2021-02-03,9269.19
2021-02-04,9296.67
2021-02-05,9387.56
2021-02-08,9625.69
2021-02-09,9696.75
2021-02-10,9672
2021-02-11,9672.82
2021-02-12,9700.56
2021-02-15,9855.48
2021-02-16,9954.39
2021-02-17,10068.37
2021-02-18,9994.23
2021-02-19,10285.14
2021-02-20,10395.65
2021-02-22,10403.64
2021-02-24,10064.28
2021-02-25,10342.32
2021-02-26,10164.83
2021-03-01,10289.54
2021-03-02,10267.67
2021-03-03,10205.97
2021-03-04,10151.14
2021-03-05,10107.57
2021-03-09,10138.05
2021-03-10,10162.14
2021-03-11,10303.61
2021-03-12,10657.91
2021-03-15,10697.27
2021-03-16,10925.76
2021-03-17,10689.28
2021-03-18,10750
2021-03-19,10691.01
2021-03-22,10818.3
2021-03-23,10666.52
2021-03-24,10699.08
2021-03-25,10662.46
2021-03-26,10738.77
2021-03-29,10863.83
2021-03-30,11039.9
2021-03-31,11095.87
2021-04-01,11083.58
2021-04-02,11236.99
2021-04-05,11309.98
2021-04-06,11193.57
2021-04-07,11162.07
2021-04-08,11179.48
2021-04-09,11091.72
2021-04-12,11153.9
2021-04-13,11228.73
2021-04-14,11290.16
2021-04-15,11171.93
2021-04-16,11482.51
2021-04-19,11395.15
2021-04-20,11183.11
2021-04-21,11142.97
2021-04-22,11296.72
2021-04-23,11547.78
2021-04-26,11623.99
2021-04-27,11631.78
2021-04-28,11520.16
2021-04-29,11467.48
2021-04-30,11552.27
2021-05-04,11798.85
2021-05-05,11930.96
2021-05-06,12079.45
2021-05-07,12074.32
2021-05-10,12230.75
2021-05-11,12094.25
2021-05-12,11874.16
2021-05-13,11788.74
2021-05-14,11680.61
2021-05-17,11530.09
2021-05-18,11575.06
2021-05-19,11292.89
2021-05-20,11429.57
2021-05-21,11481.25
2021-05-24,11471.57
2021-05-25,11580.11
2021-05-26,11859.94
2021-05-27,12291.2
2021-05-28,12179.06
2021-05-31,12196.09
2021-06-01,12245.09
2021-06-02,12208.33
2021-06-03,12052.19
2021-06-04,12114.33
2021-06-07,12163.64
2021-06-08,12146.73
2021-06-09,12303.97
2021-06-10,12250.25
2021-06-11,12537.12
2021-06-14,12516.34
2021-06-15,12342.99
2021-06-16,12266.84
2021-06-17,12327.89
2021-06-18,12324.57
2021-06-21,12356.62
2021-06-22,12370.46
2021-06-23,12465.64
2021-06-24,12590.78
2021-06-25,12538.52
2021-06-28,12622.57
2021-06-29,12507
2021-06-30,12601.14
2021-07-01,12603.68
2021-07-02,12643.59
2021-07-05,12847.12
2021-07-06,12846.11
2021-07-07,12801.5
2021-07-08,12755.96
2021-07-09,12729.79
2021-07-12,12858.09
2021-07-13,12634.98
2021-07-14,12482.67
2021-07-15,12496.96
2021-07-16,12515.05
2021-07-19,12177.76
2021-07-20,12335.52
2021-07-21,12391.85
2021-07-22,12482.85
2021-07-23,12485.62
2021-07-26,12594.14
2021-07-27,12432.8
2021-07-28,12530.3
2021-07-29,12645.17
2021-07-30,12497.63
2021-08-02,12619.25
2021-08-03,12697.3
2021-08-04,12855.63
2021-08-05,13070.39
2021-08-06,13087.81
2021-08-09,13329.5
2021-08-10,13449.41
2021-08-11,13522.44
2021-08-12,13484.78
2021-08-13,13441.7
2021-08-16,13573.45
2021-08-17,13860.08
2021-08-18,13797.83
2021-08-19,13396.72
2021-08-20,13313.6
2021-08-23,13430.62
2021-08-24,13424.07
2021-08-25,13403.08
2021-08-26,13179.46
2021-08-27,13245.59
2021-08-30,13332.11
2021-08-31,13348.34
2021-09-01,13644.24
2021-09-02,13764.98
2021-09-03,13647.18
2021-09-06,13728.6
2021-09-07,13621.51
2021-09-08,13493.22
2021-09-09,13497.56
2021-09-10,13462.98
2021-09-13,13443.16
2021-09-14,13298.97
2021-09-15,13325.97
2021-09-16,13222.85
2021-09-17,13423.56
2021-09-20,13253.49
2021-09-21,13170.9
2021-09-22,13205.55
2021-09-23,13234.57
2021-09-24,13148.06
2021-09-27,13180.8
2021-09-28,12953.76
2021-09-29,12983.61
2021-09-30,13336.34
2021-10-01,13256.08
2021-10-04,13269.02
2021-10-05,13714.58
2021-10-06,13792.57
2021-10-07,14079.14
2021-10-08,14075.71
2021-10-11,14380.58
2021-10-12,14441.88
2021-10-13,14480.92
2021-10-14,14570.39
2021-10-15,14638.83
2021-10-18,14487.53
2021-10-19,14609.07
2021-10-20,14526.71
2021-10-21,14312.63
2021-10-22,14222.62
2021-10-25,14358.19
2021-10-26,14226.34
2021-10-27,14210.93
2021-10-28,14090.2
2021-10-29,13894.02
2021-11-01,14330.82
2021-11-02,14347.5
2021-11-03,14326.93
2021-11-05,14294.73
2021-11-08,14454.57
2021-11-09,14179.16
2021-11-10,13903.83
2021-11-11,13896.05
2021-11-12,13615.79
2021-11-15,13741.36
2021-11-16,13549.75
2021-11-17,13590.56
2021-11-18,13492.61
2021-11-19,13137.89
2021-11-22,12512.2
2021-11-23,12883.99
2021-11-24,12769.43
2021-11-25,12945.86
2021-11-26,12398.23
2021-11-29,12649.21
2021-11-30,12842.58
2021-12-01,13180.81
2021-12-02,13070.23
2021-12-03,12996.82
2021-12-06,12425.42
2021-12-07,12486.43
2021-12-08,11989.23
2021-12-09,12164.6
2021-12-10,12026.28
2021-12-13,11496.45
2021-12-14,11446.69
2021-12-15,11427.63
2021-12-16,11962.28
2021-12-17,11853.21
2021-12-20,11648.97
2021-12-21,11739.72
2021-12-22,11900.04
2021-12-23,11841.9
2021-12-24,11853.37
2021-12-27,11944.16
2021-12-28,12050.64
2021-12-29,11930.39
2021-12-30,12064.54
2022-01-03,12380.1
2022-01-04,12398.43
2022-01-05,12104.13
2022-01-06,11795.09
2022-01-10,11696.28
2022-01-11,11989.23
2022-01-12,12168.38
2022-01-13,11538.57
2022-01-14,11018.73
2022-01-17,10961.84
2022-01-18,10223.28
2022-01-19,10426.25
2022-01-20,10951.7
2022-01-21,10691.03
2022-01-24,10057.51
2022-01-25,10172.6
2022-01-26,10459.86
2022-01-27,10826.79
2022-01-28,10958.27
2022-01-31,11047.01
2022-02-01,11039.62
2022-02-02,10869.14
2022-02-03,10542.68
2022-02-04,10524.62
2022-02-07,10510.66
2022-02-08,10675.93
2022-02-09,11190.02
2022-02-10,11267.31
2022-02-11,10772.17
2022-02-14,10399.21
2022-02-15,10775.98
2022-02-16,11019.35
2022-02-17,10584.41
2022-02-18,10104.47
2022-02-21,8917.89
2022-02-22,8833.04
2022-02-24,5664.8
2022-02-25,6404.97
2022-03-28,6066.63
2022-03-29,5832.78
2022-03-30,6038.18
2022-03-31,6609.82
2022-04-01,7160.39
2022-04-04,7487.57
2022-04-05,7062.27
2022-04-06,6788.57
2022-04-07,6902.9
2022-04-08,6720.84
2022-04-11,6582.65
2022-04-12,6476.97
2022-04-13,6446.72
2022-04-14,6126.31
2022-04-15,6145.71
2022-04-18,5834.9
2022-04-19,5646.94
2022-04-20,5768.39
2022-04-21,5634.06
2022-04-22,5499.12
2022-04-25,5189.36
2022-04-26,5508.85
2022-04-27,5923.62
2022-04-28,5864.04
2022-04-29,5979.3
2022-05-04,5718.14
2022-05-05,5777.49
2022-05-06,5662.57
2022-05-11,5618.31
2022-05-12,5402.91
2022-05-13,5479.58
2022-05-16,5580.72
2022-05-17,5779.16
2022-05-18,5766.79
2022-05-19,5692.55
2022-05-20,5619.02
2022-05-23,5528.13
2022-05-24,5569.42
2022-05-25,5590.86
2022-05-26,5626.99
2022-05-27,5604.26
2022-05-30,5551.6
2022-05-31,5478.21
2022-06-01,5512.73
2022-06-02,5439.88
2022-06-03,5408.78
2022-06-06,5312.47
2022-06-07,5264.87
2022-06-08,5298.35
2022-06-09,5193.19
2022-06-10,5145.68
2022-06-14,5124.62
2022-06-15,5177.73
2022-06-16,5290.55
2022-06-17,5238.85
2022-06-20,5437.06
2022-06-21,5328.04
2022-06-22,5363.66
2022-06-23,5434.27
2022-06-24,5449.13
2022-06-27,5556.75
2022-06-28,5684.79
2022-06-29,5484.32
2022-06-30,5315.26
2022-07-01,5390.13
2022-07-04,5540.29
2022-07-05,5592.43
2022-07-06,5642.43
2022-07-07,5578.68
2022-07-08,5576.17
2022-07-11,5438.24
2022-07-12,5414.83
2022-07-13,5295.84
2022-07-14,5265.82
2022-07-15,5347.6
2022-07-18,5334.87
2022-07-19,5279.97
2022-07-20,5233.47
2022-07-21,5203.88
2022-07-22,5359.04
2022-07-25,5480.54
2022-07-26,5546.66
2022-07-27,5512.49
2022-07-28,5490.22
2022-07-29,5512.7
2022-08-01,5385.75
2022-08-02,5295.08
2022-08-03,5298.22
2022-08-04,5330.7
2022-08-05,5226.41
2022-08-08,5287.07
2022-08-09,5385.16
2022-08-10,5496.43
2022-08-11,5536.81
2022-08-12,5640.25
2022-08-15,5688.72
2022-08-16,5831.16
2022-08-17,5802.47
2022-08-18,5870.71
2022-08-19,5996
2022-08-22,6060.37
2022-08-23,6122.15
2022-08-24,5992.68
2022-08-25,6029.42
2022-08-26,6059.34
2022-08-29,6155.63
2022-08-30,6125.67
2022-08-31,6239.07
2022-09-01,6384.75
2022-09-02,6518.16
2022-09-05,6499.01
2022-09-06,6353.35
2022-09-07,6363.14
2022-09-08,6353.94
2022-09-09,6448.88
2022-09-12,6552.34
2022-09-13,6586.95
2022-09-14,6571.16
2022-09-15,6630.36
2022-09-16,6636.02
2022-09-19,6679.96
2022-09-20,6094.81
2022-09-21,5863.02
2022-09-22,6028.7
2022-09-23,5747.09
2022-09-26,5253.53
2022-09-27,5380.48
2022-09-28,5341.38
2022-09-29,5226.88
2022-09-30,5216.42
2022-10-03,5537.33
2022-10-04,5553.62
2022-10-05,5444.89
2022-10-06,5411.74
2022-10-07,5160.66
2022-10-10,5278.46
2022-10-11,5347.89
2022-10-12,5350.13
2022-10-13,5423.75
2022-10-14,5404.68
2022-10-17,5605.44
2022-10-18,5668.13
2022-10-19,5534.56
2022-10-20,5604.82
2022-10-21,5622.23
2022-10-24,5667.4
2022-10-25,5819.18
2022-10-26,5798.91
2022-10-27,5872.54
2022-10-28,5884.68
2022-10-31,5948.64
2022-11-01,5941.04
2022-11-02,5909.11
2022-11-03,5844.99
2022-11-07,6013.1
2022-11-08,6035.55
2022-11-09,5880.03
2022-11-10,6127.45
2022-11-11,6140.56
2022-11-14,6267.82
2022-11-15,6218.17
2022-11-16,6200.96
2022-11-17,6219.37
2022-11-18,6241.05
2022-11-21,6120.34
2022-11-22,6208.74
2022-11-23,6188.81
2022-11-24,6186.53
2022-11-25,6154.16
2022-11-28,6090.11
2022-11-29,6139.26
2022-11-30,6132.8
2022-12-01,6156.59
2022-12-02,6145
2022-12-05,6282.92
2022-12-06,6222.34
2022-12-07,6207.67
2022-12-08,6123.31
2022-12-09,6084.93
2022-12-12,6127.26
2022-12-13,6097.89
2022-12-14,6039.45
2022-12-15,5969.93
2022-12-16,5968.75
2022-12-19,5977.8
2022-12-20,6094.53
2022-12-21,6162.06
2022-12-22,6202.43
2022-12-23,6208.24
2022-12-26,6278.59
2022-12-27,6324.2
2022-12-28,6255.5
2022-12-29,6268.06
2022-12-30,6267.69
2023-01-03,6312.39
2023-01-04,6297.52
2023-01-05,6299.76
2023-01-06,6270.56
2023-01-09,6338.24
2023-01-10,6358.03
2023-01-11,6512.34
2023-01-12,6520.83
2023-01-13,6599.31
2023-01-16,6740.09
2023-01-17,6659.35
2023-01-18,6669.98
2023-01-19,6543.26
2023-01-20,6594.39
2023-01-23,6672.94
2023-01-24,6685.93
2023-01-25,6649.71
2023-01-26,6642.8
2023-01-27,6681.46
2023-01-30,6723.06
2023-01-31,6881.91
2023-02-01,6847.17
2023-02-02,6917.33
2023-02-03,6910.84
2023-02-06,7052.56
2023-02-07,6994.34
2023-02-08,6990.15
2023-02-09,7011.94
2023-02-10,7007.02
2023-02-13,7019.63
2023-02-14,6915.44
2023-02-15,6630.51
2023-02-16,6603.71
2023-02-17,6669.32
2023-02-20,6692.67
2023-02-21,6803.23
2023-02-22,6769.55
2023-02-24,6879.18
2023-02-27,6966.54
2023-02-28,7003.49
2023-03-01,7036.85
2023-03-02,6933.9
2023-03-03,7002.06
2023-03-06,7155.35
2023-03-07,7184.68
2023-03-09,7147.52
2023-03-10,7035.43
2023-03-13,6970.95
2023-03-14,7041.75
2023-03-15,6941.73
2023-03-16,6892.9
2023-03-17,7120.36
2023-03-20,7350.73
2023-03-21,7327.58
2023-03-22,7397.58
2023-03-23,7370.04
2023-03-24,7434.63
2023-03-27,7548.13
2023-03-28,7558.42
2023-03-29,7649
2023-03-30,7656.88
2023-03-31,7601.89
2023-04-03,7714.42
2023-04-04,7703.51
2023-04-05,7634.54
2023-04-06,7607.03
2023-04-07,7638.01
2023-04-10,7789.02
2023-04-11,7695.24
2023-04-12,7689.65
2023-04-13,7731.24
2023-04-14,7768.32
2023-04-17,7943.27
2023-04-18,7990.08
2023-04-19,8012.8
2023-04-20,8055.66
2023-04-21,8065.09
2023-04-24,8124.18
2023-04-25,8153.71
2023-04-26,8185.24
2023-04-27,8317.31
2023-04-28,8347.86
2023-05-02,8176.22
2023-05-03,8049.28
2023-05-04,8015.93
2023-05-05,8087.37
2023-05-08,7849.95
2023-05-10,7900.98
2023-05-11,8057.77
2023-05-12,7933.03
2023-05-15,8065.33
2023-05-16,8155.74
2023-05-17,8305.19
2023-05-18,8346.88
2023-05-19,8314.46
2023-05-22,8382
2023-05-23,8452.98
2023-05-24,8549.82
2023-05-25,8531.84
2023-05-26,8575.99
2023-05-29,8742.28
2023-05-30,8533.48
2023-05-31,8569.41
2023-06-01,8507.14
2023-06-02,8664.75
2023-06-05,8569.37
2023-06-06,8576.81
2023-06-07,8671.5
2023-06-08,8713.35
2023-06-09,8761.98
2023-06-13,8839.68
2023-06-14,8876.92
2023-06-15,8849.63
2023-06-16,8840.71
2023-06-19,8754
2023-06-20,8773.6
2023-06-21,8795.79
2023-06-22,8817.9
2023-06-23,8696.96
2023-06-26,8628.83
2023-06-27,8727.03
2023-06-28,8739.84
2023-06-29,8735.31
2023-06-30,8749.76
2023-07-03,8736.25
2023-07-04,8800.94
2023-07-05,8799.92
2023-07-06,8790.66
2023-07-07,8746.71
2023-07-10,8928.38
2023-07-11,8996.68
2023-07-12,9040.33
2023-07-13,9025.39
2023-07-14,9097.77
2023-07-17,9230.66
2023-07-18,9280.17
2023-07-19,9247.95
2023-07-20,9107.15
2023-07-21,9094.69
2023-07-24,9180.91
2023-07-25,9375.16
2023-07-26,9278.19
2023-07-27,9438.25
2023-07-28,9411.75
2023-07-31,9628.18
2023-08-01,9697.52
2023-08-02,9717.69
2023-08-03,9980.84
2023-08-04,9871.07
2023-08-07,9922.26
2023-08-08,9867.98
2023-08-09,9916.89
2023-08-10,10186.63
2023-08-11,10176.22
2023-08-14,9969.98
2023-08-15,9987.1
2023-08-16,9860.76
2023-08-17,9971.91
2023-08-18,10200.24
2023-08-21,10274.25
2023-08-22,10252.46
2023-08-23,10193.08
2023-08-24,10193.38
2023-08-25,10232.09
2023-08-28,10386.73
2023-08-29,10354.86
2023-08-30,10440
2023-08-31,10581.24
2023-09-01,10591.49
2023-09-04,10729.79
2023-09-05,10726.41
2023-09-06,10632.23
2023-09-07,10371.41
2023-09-08,10304.83
2023-09-11,10185.78
2023-09-12,10391.14
2023-09-13,10359.79
2023-09-14,10221.28
2023-09-15,10353.62
2023-09-18,10339.32
2023-09-19,10161.65
2023-09-20,10008.58
2023-09-21,9913.07
2023-09-22,10091.6
2023-09-25,10109.99
2023-09-26,10155.96
2023-09-27,10201.07
2023-09-28,10197.51
2023-09-29,10209.24
2023-10-02,10208.34
2023-10-03,10194.28
2023-10-04,10137.62
2023-10-05,10102.08
2023-10-06,10092.07
2023-10-09,10126.29
2023-10-10,10163.7
2023-10-11,10159.83
2023-10-12,10138
2023-10-13,10204.94
2023-10-16,10319.45
2023-10-17,10485.86
2023-10-18,10410.62
2023-10-19,10431.85
2023-10-20,10369.22
2023-10-23,10390.95
2023-10-24,10439.95
2023-10-25,10425.79
2023-10-26,10277.25
2023-10-27,10271.03
2023-10-30,10257.66
2023-10-31,10255.91
2023-11-01,10320.62
2023-11-02,10248.95
2023-11-03,10279.66
2023-11-06,10360.24
2023-11-07,10471.16
2023-11-08,10503.08
2023-11-09,10465.14
2023-11-10,10489.43
2023-11-13,10455.24
2023-11-14,10259.87
2023-11-15,10323.44
2023-11-16,10310.29
2023-11-17,10320.08
2023-11-20,10331.94
2023-11-21,10407.7
2023-11-22,10491.47
2023-11-23,10430.2
2023-11-24,10447.75
2023-11-27,10318.85
2023-11-28,10269.59
2023-11-29,10194.89
2023-11-30,10100.77
2023-12-01,10019.26
2023-12-04,9872.6
2023-12-05,9930.27
2023-12-06,9758
2023-12-07,9760.2
2023-12-08,9683.88
2023-12-11,9390.55
2023-12-12,9440.96
2023-12-13,9427.56
2023-12-14,9439.29
2023-12-15,9644.1
2023-12-18,9915.16
2023-12-19,9981.27
2023-12-20,10012.38
2023-12-21,9857.13
2023-12-22,9984.97
2023-12-25,10088.62
2023-12-26,10025.69
2023-12-27,9984.14
2023-12-28,9931.28
2023-12-29,9954.24
2024-01-03,10077.96
2024-01-04,10181.44
2024-01-05,10166.95
2024-01-08,10374.78
2024-01-09,10374.93
2024-01-10,10356.81
2024-01-11,10389.68
2024-01-12,10536.65
2024-01-15,10625.26
2024-01-16,10570.71
2024-01-17,10635.98
2024-01-18,10602.51
2024-01-19,10484.48
2024-01-22,10436.89
2024-01-23,10377.25
2024-01-24,10298.71
2024-01-25,10359.01
2024-01-26,10322.23
2024-01-29,10410.9
2024-01-30,10453.73
2024-01-31,10454.45
2024-02-01,10470.46
2024-02-02,10438.89
2024-02-05,10397.25
2024-02-06,10472.16
2024-02-07,10547.85
2024-02-08,10456.7
2024-02-09,10363.78
2024-02-12,10414.5
2024-02-13,10463.09
2024-02-14,10555.28
2024-02-15,10581.32
2024-02-16,10504.67
2024-02-19,10579.73
2024-02-20,10538.58
2024-02-21,10055.25
2024-02-22,10116.5
2024-02-26,10386.23
2024-02-27,10576.14
2024-02-28,10448.32
2024-02-29,10527.13
2024-03-01,10557.53
2024-03-04,10615.44
2024-03-05,10605.34
2024-03-06,10653.9
2024-03-07,10655.19
2024-03-11,10661.71
2024-03-12,10661.32
2024-03-13,10694.27
2024-03-14,10617.75
2024-03-15,10706.26
2024-03-18,10773.73
2024-03-19,10782.39
2024-03-20,10733.7
2024-03-21,10741.4
2024-03-22,10673.08
2024-03-25,10682.57
2024-03-26,10715.42
2024-03-27,10862.89
2024-03-28,10842.04
2024-03-29,10851.56
2024-04-01,10929.74
2024-04-02,10953.28
2024-04-03,11135.54
2024-04-04,11054.15
2024-04-05,11018.94
2024-04-08,11027.5
2024-04-09,10924.74
2024-04-10,10945.06
2024-04-11,10931.17
2024-04-12,10985.81
2024-04-15,11043.07
2024-04-16,10999.24
2024-04-17,10907.66
2024-04-18,10923.03
2024-04-19,10972.8
2024-04-22,11071.67
2024-04-23,10917.65
2024-04-24,10898.56
2024-04-25,11014.33
2024-04-26,10966.47
2024-04-27,10982.08
2024-04-29,11020.3
2024-04-30,11003.93
2024-05-02,10969.54
2024-05-03,10943.97
2024-05-06,10807.74
2024-05-07,10863.45
2024-05-08,10862.99
2024-05-10,10881.92
2024-05-13,10931.06
2024-05-14,10969.49
2024-05-15,11022.85
2024-05-16,11142.27
2024-05-17,11117.38
2024-05-20,11017.1
2024-05-21,11054.19
2024-05-22,11018.2
2024-05-23,11014.64
2024-05-24,10870.56
2024-05-27,10624.77
2024-05-28,10699.92
2024-05-29,10831.26
2024-05-30,10680.46
2024-05-31,10467.69
2024-06-03,10286.08
2024-06-04,10655.06
2024-06-05,10718.02
2024-06-06,10638.05
2024-06-07,10908.96
2024-06-10,10769.78
2024-06-11,10694.02
2024-06-13,10638.57
2024-06-14,10670.45
2024-06-17,10648.74
2024-06-18,10393.8
2024-06-19,10204.78
2024-06-20,10528.25
2024-06-21,10489.34
2024-06-24,10493.54
2024-06-25,10569.31
2024-06-26,10803.13
2024-06-27,10866.05
2024-06-28,10835.37
2024-07-01,10854.38
2024-07-02,10847
2024-07-03,10786.77
2024-07-04,10622.11
2024-07-05,10511.36
2024-07-08,10374.03
2024-07-09,10119.56
2024-07-10,9965.47
2024-07-11,10088.71
2024-07-12,10064.76
2024-07-15,9764.32
2024-07-16,9802.2
2024-07-17,9785.24
2024-07-18,9976.61
2024-07-19,10116.4
2024-07-22,10252.28
2024-07-23,10233.21
2024-07-24,10281.65
2024-07-25,10303.01
2024-07-26,10171.85
2024-07-29,9869.61
2024-07-30,10108.14
2024-07-31,10067.59
2024-08-01,10105.11
2024-08-02,9990.3
2024-08-05,9789.5
2024-08-06,9851.95
2024-08-07,10042.93
2024-08-08,9950.1
2024-08-09,9918.82
2024-08-12,9945.27
2024-08-13,10048.39
2024-08-14,9977.65
2024-08-15,9909.48
2024-08-16,9886.59
2024-08-19,9704.7
2024-08-20,9737.02
2024-08-21,9713.78
2024-08-22,9589.42
2024-08-23,9338.65
2024-08-26,9610.61
2024-08-27,9507.14
2024-08-28,9487.18
2024-08-29,9433.91
2024-08-30,9187.76
2024-09-02,8662.11
2024-09-03,8485.34
2024-09-04,8842.47
2024-09-05,8881.8
2024-09-06,8922.6
2024-09-09,9222.51
2024-09-10,9103.89
2024-09-11,9102.07
2024-09-12,8915.21
2024-09-13,9049.85
2024-09-16,9268.16
2024-09-17,9369.38
2024-09-18,9288.95
2024-09-19,9250.51
2024-09-20,9385.64
2024-09-23,9604.97
2024-09-24,9654.69
2024-09-25,9544.24
2024-09-26,9538.45
2024-09-27,9629.42
2024-09-30,9655.64
2024-10-01,9424.44
2024-10-02,9222.14
2024-10-03,9225.17
2024-10-04,9291.29
2024-10-07,9181.77
2024-10-08,9220.58
2024-10-09,9159.07
2024-10-10,9217.21
2024-10-11,9172.92
2024-10-14,9293.08
2024-10-15,9389.36
2024-10-16,9299.47
2024-10-17,9273.72
2024-10-18,9231.72
2024-10-21,9220.54
2024-10-22,9139.16
2024-10-23,9074.96
2024-10-24,9029.71
2024-10-25,8836.65
2024-10-28,8550.37
2024-10-29,8614.05
2024-10-30,8652.16
2024-10-31,8450.74
2024-11-01,8489.46
2024-11-02,8488.32
2024-11-05,8558.07
2024-11-06,8788.61
2024-11-07,8846.07
2024-11-08,9112.02
2024-11-11,9431.48
2024-11-12,9353.97
2024-11-13,9358.09
2024-11-14,9188.18
2024-11-15,9298.57
2024-11-18,9312.37
2024-11-19,9084.78
2024-11-20,8927.08
2024-11-21,8821.01
2024-11-22,8805.14
2024-11-25,8615.24
2024-11-26,8351.08
2024-11-27,8372.82
2024-11-28,8578.23
2024-11-29,8707.29
2024-12-02,8764.67
2024-12-03,8566.54
2024-12-04,8461.9
2024-12-05,8515.31
2024-12-06,8628.33
2024-12-09,8775.3
2024-12-10,8576.31
2024-12-11,8540.96
2024-12-12,8508.8
2024-12-13,8471.05
2024-12-16,8252.91
2024-12-17,8260.4
2024-12-18,8404.07
2024-12-19,8484.32
2024-12-20,9361.83
2024-12-23,9484.22
2024-12-24,9406.31
2024-12-25,9593.59
2024-12-26,9642.64
2024-12-27,9622.65
2024-12-28,9686.52
2024-12-30,9980.35
2025-01-03,9810.47
2025-01-06,9834.34
2025-01-08,9964.25
2025-01-09,9720.01
2025-01-10,10032.35
2025-01-13,10125.66
2025-01-14,10098.31
2025-01-15,10020
2025-01-16,10277.04
2025-01-17,10331.44
2025-01-20,10311.12
2025-01-21,10372.36
2025-01-22,10481.62
2025-01-23,10295.36
2025-01-24,10394.68
2025-01-27,10189.7
2025-01-28,10252.57
2025-01-29,10283.75
2025-01-30,10293.27
2025-01-31,10250.1
2025-02-03,10111.53
2025-02-04,10066.36
2025-02-05,10135.15
2025-02-06,10299.26
2025-02-07,10235.87
2025-02-10,10436.35
2025-02-11,10467.45
2025-02-12,10467.2
2025-02-13,11169.27
2025-02-14,11153.89
2025-02-17,11547.94
2025-02-18,11360.17
2025-02-19,11372.13
2025-02-20,11466.36
2025-02-21,11379
2025-02-24,11551.01
2025-02-25,11625.11
2025-02-26,11431.4
2025-02-27,11310.17
2025-02-28,11177.56
2025-03-03,11018.02
2025-03-04,11448.51
2025-03-05,11518.26
2025-03-06,11305.81
2025-03-07,11152.99
2025-03-10,11340.04
2025-03-11,11420.19
2025-03-12,11369.87
2025-03-13,11114.12
2025-03-14,11447.92
2025-03-17,11661.25
2025-03-18,11770.39
2025-03-19,11713.94
2025-03-20,11645.61
2025-03-21,11529.28
2025-03-24,11528.95
2025-03-25,11441.84
2025-03-26,11381.86
2025-03-27,11084.36
2025-03-28,10821.81
2025-03-31,10795.37
2025-04-01,10730.07
2025-04-02,10558.34
2025-04-03,10314.9
2025-04-04,10023.9
2025-04-07,9802.47
2025-04-08,9926.79
2025-04-09,9531.49
2025-04-10,9939.9
2025-04-11,10147.19
2025-04-14,10077.14
2025-04-15,10052.62
2025-04-16,10287.44
2025-04-17,10295.73
2025-04-18,10329.42
2025-04-21,10472.63
2025-04-22,10629.63
2025-04-23,10586.51
2025-04-24,10576.37
2025-04-25,10736.81
2025-04-28,11026.05
2025-04-29,10699.71
2025-04-30,10566.62
2025-05-02,10308.9
2025-05-05,10035.73
2025-05-06,10275.41
2025-05-07,10307.07
2025-05-08,10298.31
2025-05-12,10602.85
2025-05-13,10656.43
2025-05-14,10671.72
2025-05-15,10366.13
2025-05-16,10358.97
2025-05-19,10524.45
2025-05-20,10364.91
2025-05-21,10234.13
2025-05-22,10199.54
2025-05-23,10091.3
2025-05-26,9847.17
2025-05-27,10004.52
2025-05-28,10149.34
2025-05-29,10149.16
2025-05-30,10148.76
2025-06-02,10221.49
2025-06-03,10345.53
2025-06-04,10380.61
2025-06-05,10459.05
2025-06-06,10257.02
2025-06-09,10086.13
2025-06-10,10110.23
2025-06-11,10183.82
2025-06-13,10188.4
2025-06-16,10124.07
2025-06-17,10241.38
2025-06-18,10284.68
2025-06-19,10325.92
2025-06-20,10306.71
2025-06-23,10332.49
2025-06-24,10386.63
2025-06-25,10501.71
2025-06-26,10519.3
2025-06-27,10571.01
2025-06-30,10699.17
2025-07-01,10691.84
2025-07-02,10607.29
2025-07-03,10655.31
2025-07-04,10574.17
2025-07-07,10391.9
2025-07-08,10381.65
2025-07-09,10129.97
2025-07-10,10147.48
2025-07-11,9626.77
2025-07-14,9789.43
2025-07-15,10038.26
2025-07-16,10139.35
2025-07-17,10083.33
2025-07-18,10151.4
2025-07-21,10308.4
2025-07-22,10313.87
2025-07-23,10371.96
2025-07-24,10249.77
2025-07-25,10205.69
2025-07-28,10001.48
2025-07-29,10056.34
2025-07-30,9969.7
2025-07-31,10038.25
2025-08-01,9997.75
2025-08-04,10071
2025-08-05,10115.68
2025-08-06,10076.54
2025-08-07,10385.53
2025-08-08,10490.76
2025-08-11,10551.02
2025-08-12,10586.14
2025-08-13,10569.78
2025-08-14,10524.06
2025-08-15,10596.42
2025-08-18,10447.76
2025-08-19,10521.9
2025-08-20,10464.22
2025-08-21,10297.43
2025-08-22,10279.99
2025-08-25,10185.15
2025-08-26,10162.51
2025-08-27,10224.66
2025-08-28,10235.11
2025-08-29,10102.34
2025-09-01,10042.98
2025-09-02,9890.02
2025-09-03,9907.31
2025-09-04,9987.18
2025-09-05,10014.26
2025-09-08,10059
2025-09-09,10069.5
2025-09-10,10009.39
2025-09-11,10004.52
2025-09-12,9809.13
2025-09-15,9623.05
2025-09-16,9552.44
2025-09-17,9548.62
2025-09-18,9460.94
2025-09-19,9327.23
2025-09-22,9315.34
2025-09-23,9379.49
2025-09-24,9228.36
2025-09-25,9172.32
2025-09-26,9193.25
2025-09-29,9058.43
2025-09-30,9073.24
2025-10-01,8932.02
2025-10-02,8914.75
2025-10-03,8864.72
2025-10-06,8972.05
2025-10-07,9047.77
2025-10-08,8681.88
2025-10-09,8877.27
2025-10-10,8752.84
2025-10-13,8717.97
2025-10-14,8666.07
2025-10-15,8646.53
2025-10-16,8822.15
2025-10-17,9265.95
2025-10-20,9399.99
2025-10-21,9023.96
2025-10-22,9106.4
2025-10-23,8898.37
2025-10-24,8847.49
2025-10-27,8734.06
2025-10-28,8825.85
2025-10-29,8868.24
2025-10-30,8990.46
2025-10-31,8911.14
2025-11-01,8920.02
2025-11-03,9027.57
2025-11-05,8977.08
2025-11-06,8981.96
2025-11-07,9058.73
2025-11-10,9120.3
2025-11-11,9197.37
2025-11-12,9132.67
2025-11-13,9183.47
2025-11-14,9120.71
2025-11-17,9085.02
2025-11-18,9179.85
2025-11-19,9395.67
2025-11-20,9339.65
2025-11-21,9543.5
2025-11-24,9590.42
2025-11-25,9641.07
2025-11-26,9582.43
2025-11-27,9405.46
2025-11-28,9598.48
2025-12-01,9604.21
2025-12-02,9535.02
2025-12-03,9497.73
2025-12-04,9543.69
2025-12-05,9719.1
2025-12-08,9687.37
2025-12-09,9650.15
2025-12-10,9682.03
2025-12-11,9716.72
2025-12-12,9650.77
2025-12-15,9624.31
2025-12-16,9657.15
2025-12-17,9600.03
2025-12-18,9537.52
2025-12-19,9484.18
2025-12-22,9399.37
2025-12-23,9416.33
2025-12-24,9390.74
2025-12-25,9171.14
2025-12-26,9269.19
2025-12-29,9213.46
2025-12-30,9236.06
2026-01-05,9206.6
2026-01-06,9195.54
2026-01-08,9130.78
2026-01-09,9174.58
2026-01-12,9165.58
2026-01-13,9141.94
2026-01-14,9151.36
2026-01-15,9173.74
2026-01-16,9322.14
2026-01-19,9423.55
2026-01-20,9433.1
2026-01-21,9483.95
2026-01-22,9480.55
2026-01-23,9515.85
2026-01-26,9476.4
2026-01-27,9566.38
2026-01-28,9569.34
2026-01-29,9626.7
2026-01-30,9628.95
2026-02-02,9668.41
2026-02-03,9780.92
2026-02-04,9816.89
2026-02-05,9663.32
2026-02-06,9659.14
2026-02-09,9646.92
2026-02-10,9657.37
2026-02-11,9728.77
2026-02-12,9797.9
2026-02-13,9905.98
2026-02-16,10037.72
2026-02-17,10034.48
2026-02-18,10058.39
2026-02-19,10020.57
2026-02-20,10081.51
2026-02-24,10090.55
2026-02-25,10135.32
2026-02-26,10102.12
2026-02-27,10082.95
2026-03-02,9916.94
2026-03-03,9795.01
2026-03-04,9775.06
2026-03-05,9885.57
2026-03-06,9827.79
2026-03-09,9801.88
2026-03-10,9839.35
2026-03-11,9797.64
2026-03-12,9805.24
2026-03-13,9823.05
2026-03-16,9820.05
2026-03-17,9810.87
2026-03-18,9811.93
2026-03-19,9754.2
2026-03-20,9783.05
2026-03-23,9698.94
2026-03-24,9688.63
2026-03-25,9714.41
2026-03-26,9628.05
2026-03-27,9529.96
2026-03-30,9529.07
2026-03-31,9547.53
2026-04-01,9625.3
2026-04-02,9650.37
2026-04-03,9657.33
2026-04-06,9692.4
2026-04-07,9679.34
2026-04-08,9690.31
2026-04-09,9604.75
2026-04-10,9622.41
2026-04-13,9964.6
2026-04-14,9902.6
2026-04-15,9990.76
2026-04-16,10037.95
2026-04-17,10121.65
2026-04-20,10143.2
2026-04-21,10010.77
2026-04-22,10030.86
2026-04-23,10059
2026-04-24,9935.81
2026-04-27,9891.68
2026-04-28,9766.34
2026-04-29,9642.36
2026-04-30,9691.72
2026-05-04,9628.26
2026-05-05,9751.19
2026-05-06,9723.18
2026-05-07,9736.61
2026-05-08,9653.08
2026-05-11,9814.25
2026-05-12,9895.92
2026-05-13,9911.12
2026-05-14,9780.47
2026-05-15,9667.58
2026-05-18,9746.58
2026-05-19,9765.02
2026-05-20,9711.95
2026-05-21,9789.07
2026-05-22,9703.46
2026-05-25,9600.07
2026-05-26,9477.88
2026-05-27,9544.67
2026-05-28,9636.25
2026-05-29,9589.96
2026-06-01,9617.11
2026-06-02,9712.79
2026-06-03,9666.41
2026-06-04,9583.96
2026-06-05,9521.68
2026-06-08,9383.63
2026-06-09,9438.32
2026-06-10,9417.79
2026-06-11,9430.2
2026-06-15,9623.32
2026-06-16,9594.39
2026-06-17,9530.27
2026-06-18,9436.02
2026-06-19,9338.75
2026-06-22,8963.94
2026-06-23,9083.81
2026-06-24,8844.81
2026-06-25,8869.66
2026-06-26,8895.74
2026-06-29,9093.35
2026-06-30,9080.53
2026-07-01,9145.92
2026-07-02,8896.74
2026-07-03,8870.21
2026-07-06,8579.82
2026-07-07,8595.5
2026-07-08,8639.94
2026-07-09,8418.2
2026-07-10,8256.14
2026-07-13,8268.25
2026-07-14,8272.65
2026-07-15,8066.58
2026-07-16,7864.62
2026-07-17,7729.96
2026-07-20,7763.76
2026-07-21,7964.75
2026-07-22,8087.61
2026-07-23,8050.37
2026-07-24,8267.43
2026-07-27,8562.66
2026-07-28,8444.84
2026-07-29,8555.53
2026-07-30,8491.05
2026-07-31,8527.47
2026-08-03,8704.17
2026-08-04,8716.72
2026-08-05,8826.46
2026-08-06,8770.34
2026-08-07,8740.81
2026-08-10,8770.44
2026-08-11,8896.3
2026-08-12,8864.92
2026-08-13,8672.82
2026-08-14,8485.23
2026-08-17,8463.52
2026-08-18,8883.6
2026-08-19,8819.82
2026-08-20,8478.98
2026-08-21,8468.99
2026-08-24,8190.08
2026-08-25,8333.99
2026-08-26,8224.78
2026-08-27,8225.9
2026-08-28,8181.73
2026-08-31,8304.84
2026-09-01,8322.08
2026-09-02,8292.28
2026-09-03,8353.48
2026-09-04,8471.75
2026-09-07,8449.77
2026-09-08,8425.9
2026-09-09,8355.52
2026-09-10,8473.94
2026-09-11,8432.75
2026-09-14,8588.38
2026-09-15,8509.45
2026-09-16,8370.57
2026-09-17,8269.49
2026-09-18,8269.56
2026-09-21,8213.45
2026-09-22,8342.71
2026-09-23,8284.44
2026-09-24,8272
2026-09-25,8147.15
2026-09-28,8095.14
2026-09-29,8127.52
2026-09-30,8130.22
2026-10-01,8162.96
2026-10-02,8196.52
2026-10-05,8347.71
2026-10-06,8499.86
