fiscal_year,dps_ordinary,dps_preferred,record_date,total_rub,decided_date,decided_by,issuer_page,accessed,news_outlet,news_published,news_title,news_url,news_confirms
2013,3.20,3.20,2014-06-17,72278233600,2014-06-06,годовое общее собрание акционеров,https://www.sberbank.com/ru/investor-relations/dividends,2026-10-01,Коммерсантъ,2014-06-06 09:55,Сбербанк направит 20% чистой прибыли на дивиденды за 2013 год,https://www.kommersant.ru/doc/2487159,"решение, дивиденд"
2014,0.45,0.45,2015-06-15,10164126600,2015-05-29,годовое общее собрание акционеров,https://www.sberbank.com/ru/investor-relations/dividends,2026-10-01,АЗИПИ (раскрытие информации),2015-05-29,Состоялось годовое общее собрание акционеров Сбербанка России,https://e-disclosure.azipi.ru/news/94/2792051/,"решение, дивиденд, отсечка"
2015,1.97,1.97,2016-06-14,44496287560,2016-05-27,годовое общее собрание акционеров,https://www.sberbank.com/ru/investor-relations/dividends,2026-10-01,Деловой Петербург,2016-05-27 15:11,Сбербанк направит на дивиденды 20% годовой прибыли по МСФО,https://www.dp.ru/a/2016/05/27/Sberbank_napravit_na_divi,"решение, дивиденд, отсечка"
2016,6.00,6.00,2017-06-14,135521688000,2017-05-26,годовое общее собрание акционеров,https://www.sberbank.com/ru/investor-relations/dividends,2026-10-01,Интерфакс,2017-05-26 14:11,Акционеры Сбербанка утвердили дивиденды за 2016 год в 6 рублей на акцию,https://www.interfax.ru/business/564004,"решение, дивиденд, отсечка"
2017,12.00,12.00,2018-06-26,271043376000,2018-06-08,годовое общее собрание акционеров,https://www.sberbank.com/ru/investor-relations/dividends,2026-10-01,Ведомости,2018-06-08,Как прошло собрание акционеров Сбербанка,https://www.vedomosti.ru/finance/articles/2018/06/08/772232-kak-prohodit-sobranie-aktsionerov-sberbanka,"решение, дивиденд"
2018,16.00,16.00,2019-06-13,361391168000,2019-05-24,годовое общее собрание акционеров,https://www.sberbank.com/ru/investor-relations/dividends,2026-10-01,Интерфакс,2019-05-24 14:45,"Акционеры ""Сбербанка"" утвердили дивиденды за 2018 год в размере 16 рублей на акцию",https://www.interfax.ru/business/662354,"решение, дивиденд, отсечка"
2019,18.70,18.70,2020-10-05,422375927600,2020-09-25,годовое общее собрание акционеров,https://www.sberbank.com/ru/investor-relations/dividends,2026-10-01,Интерфакс,2020-09-25 11:55,"Акционеры Сбербанка утвердили дивиденды за 2019г. в 18,7 руб. на акцию",https://www.interfax.ru/business/728582,"решение, дивиденд, отсечка"
2020,18.70,18.70,2021-05-12,422375927600,2021-04-23,годовое общее собрание акционеров,https://www.sberbank.com/ru/investor-relations/dividends,2026-10-01,Интерфакс,2021-04-23 12:10,"Сбербанк направит на дивиденды за 2020 год 422,4 млрд рублей",https://www.interfax.ru/business/762910,"решение, дивиденд, отсечка"
2021,0.00,0.00,,0,2022-06-30,годовое общее собрание акционеров,https://www.sberbank.com/ru/investor-relations/dividends,2026-10-01,Интерфакс,2022-06-30 12:17,Акционеры Сбербанка приняли решение не выплачивать дивиденды за 2021 год,https://www.interfax.ru/business/849677,решение: дивиденды не выплачивать
2022,25.00,25.00,2023-05-11,564673700000,2023-04-21,годовое общее собрание акционеров,https://www.sberbank.com/ru/investor-relations/dividends,2026-10-01,Интерфакс,2023-04-21 12:19,Акционеры Сбербанка утвердили дивиденды за 2022 год в размере 25 руб. на акцию,https://www.interfax.ru/business/897101,"решение, дивиденд, отсечка"
2023,33.30,33.30,2024-07-11,752145368400,2024-06-21,годовое общее собрание акционеров,https://www.sberbank.com/ru/investor-relations/dividends,2026-10-01,Интерфакс,2024-06-21 12:40,Акционеры Сбербанка утвердили дивиденды за 2023 год,https://www.interfax.ru/business/967492,"решение, дивиденд, отсечка"
2024,34.84,34.84,2025-07-18,786929268320,2025-06-30,годовое общее собрание акционеров,https://www.sberbank.com/ru/investor-relations/dividends,2026-10-01,Интерфакс,2025-06-30 15:38,"Сбербанк выплатит дивиденды за 2024 год в размере 34,84 руб./акция",https://www.interfax.ru/business/1033735,"решение, дивиденд, отсечка"
2025,37.64,37.64,2026-07-20,850172722720,2026-06-30,годовое общее собрание акционеров,https://www.sberbank.com/ru/investor-relations/dividends,2026-10-01,Интерфакс,2026-06-30 12:06,"Акционеры Сбербанка утвердили дивиденды за 2025 г. в размере 37,64 руб. на акцию",https://www.interfax.ru/business/1099207,"решение, дивиденд, отсечка"
