quarter,nim_eng_mechanics_H,nim_eng_desired,near_A,near_B,nim_mgmt_A,nim_mgmt_B,nim_eng_mechanics_N,nim_eng_mechanics_M,ltd_H,wholesale_share_H,liquid_share_H
2026Q3,0.116935,0.113771,-0.003164,-0.003164,0.115321,0.115321,0.116936,0.116614,0.89057,0.13508,0.28894
2026Q4,0.119068,0.113213,-0.005854,-0.005854,0.114763,0.114763,0.119046,0.118461,0.89422,0.13508,0.28832
2027Q1,0.117215,0.112654,-0.004556,-0.004556,0.114204,0.114204,0.117425,0.116487,0.90004,0.13508,0.28566
2027Q2,0.117121,0.112095,-0.005018,-0.005018,0.113645,0.113645,0.117321,0.116410,0.90606,0.13508,0.28280
2027Q3,0.116144,0.111537,-0.004596,-0.004596,0.113087,0.113087,0.117530,0.114304,0.91228,0.13508,0.27979
2027Q4,0.115471,0.110978,-0.004479,-0.004479,0.112528,0.112528,0.117475,0.112950,0.91870,0.13508,0.27654
2028Q1,0.113788,0.110419,-0.003365,-0.003365,0.111969,0.111969,0.115667,0.109404,0.92555,0.13508,0.27268
2028Q2,0.114196,0.109861,-0.004333,-0.004333,0.111411,0.111411,0.115642,0.108683,0.93255,0.13508,0.26872
2028Q3,0.114079,0.109302,-0.004782,-0.004782,0.110852,0.110852,0.115400,0.107631,0.93969,0.13508,0.26469
2028Q4,0.114078,0.108743,-0.005341,-0.005341,0.110293,0.110293,0.115137,0.107341,0.94699,0.13508,0.26052
2029Q1,0.114428,0.108185,-0.006257,-0.006257,0.109735,0.109735,0.114966,0.107168,0.95249,0.13508,0.25779
2029Q2,0.114463,0.107626,-0.006854,-0.006854,0.109176,0.109176,0.114475,0.107088,0.95808,0.13508,0.25498
2029Q3,0.114336,0.107067,-0.007300,-0.007300,0.108617,0.108617,0.113791,0.106629,0.96378,0.13508,0.25212
2029Q4,0.114326,0.106509,-0.007853,-0.007853,0.108059,0.108059,0.113310,0.106589,0.96958,0.13508,0.24915
2030Q1,0.114459,0.105950,0.000000,-0.008554,0.116054,0.107500,0.113046,0.106959,0.97354,0.13508,0.24787
2030Q2,0.114376,0.105950,0.000000,-0.008478,0.115970,0.107500,0.112629,0.107269,0.97755,0.13508,0.24654
2030Q3,0.114097,0.105950,0.000000,-0.008213,0.115695,0.107500,0.111869,0.107403,0.98162,0.13508,0.24517
2030Q4,0.113935,0.105950,0.000000,-0.008058,0.115533,0.107500,0.111343,0.107689,0.98573,0.13508,0.24372
2031Q1,0.114224,0.105950,0.000000,-0.008369,0.115831,0.107500,0.110861,0.108618,0.98776,0.13508,0.24427
2031Q2,0.114303,0.105950,0.000000,-0.008458,0.115911,0.107500,0.110372,0.109261,0.98981,0.13508,0.24479
2031Q3,0.114191,0.105950,0.000000,-0.008355,0.115798,0.107500,0.109934,0.109527,0.99187,0.13508,0.24529
2031Q4,0.114048,0.105950,0.000000,-0.008220,0.115654,0.107500,0.109595,0.109702,0.99395,0.13508,0.24572
2032Q1,0.113777,0.105950,0.000000,-0.007955,0.115382,0.107500,0.109178,0.109791,0.99373,0.13508,0.24834
2032Q2,0.113467,0.105950,0.000000,-0.007652,0.115071,0.107500,0.108743,0.109844,0.99351,0.13508,0.25088
2032Q3,0.113156,0.105950,0.000000,-0.007346,0.114759,0.107500,0.108322,0.109881,0.99329,0.13508,0.25340
2032Q4,0.112888,0.105950,0.000000,-0.007082,0.114489,0.107500,0.107953,0.109934,0.99307,0.13508,0.25586
2033Q1,0.112633,0.105950,0.000000,-0.006831,0.114233,0.107500,0.107607,0.109921,0.99307,0.13508,0.25832
2033Q2,0.112433,0.105950,0.000000,-0.006636,0.114032,0.107500,0.107319,0.109948,0.99307,0.13508,0.26076
2033Q3,0.112224,0.105950,0.000000,-0.006431,0.113822,0.107500,0.107030,0.109890,0.99307,0.13508,0.26319
2033Q4,0.112049,0.105950,0.000000,-0.006259,0.113646,0.107500,0.106774,0.109866,0.99307,0.13508,0.26557
2034Q1,0.111874,0.105950,0.000000,-0.006088,0.113470,0.107500,0.106526,0.109866,0.99307,0.13508,0.26784
2034Q2,0.111727,0.105950,0.000000,-0.005944,0.113322,0.107500,0.106307,0.109891,0.99307,0.13508,0.27010
2034Q3,0.111579,0.105950,0.000000,-0.005798,0.113173,0.107500,0.106086,0.109933,0.99307,0.13508,0.27236
2034Q4,0.111451,0.105950,0.000000,-0.005674,0.113045,0.107500,0.105886,0.109994,0.99307,0.13508,0.27457
2035Q1,0.111324,0.105950,0.000000,-0.005549,0.112917,0.107500,0.105691,0.110056,0.99307,0.13508,0.27669
2035Q2,0.111216,0.105950,0.000000,-0.005443,0.112807,0.107500,0.105516,0.110124,0.99307,0.13508,0.27879
2035Q3,0.111098,0.105950,0.000000,-0.005328,0.112689,0.107500,0.105339,0.110194,0.99307,0.13508,0.28089
2035Q4,0.110997,0.105950,0.000000,-0.005228,0.112587,0.107500,0.105176,0.110274,0.99307,0.13508,0.28295
2036Q1,0.110899,0.105950,0.000000,-0.005133,0.112489,0.107500,0.105017,0.110339,0.99307,0.13508,0.28495
2036Q2,0.110814,0.105950,0.000000,-0.005049,0.112403,0.107500,0.104870,0.110406,0.99307,0.13508,0.28691
2036Q3,0.110730,0.105950,0.000000,-0.004967,0.112318,0.107500,0.104725,0.110455,0.99307,0.13508,0.28887
2036Q4,0.110654,0.105950,0.000000,-0.004893,0.112241,0.107500,0.104588,0.110511,0.99307,0.13508,0.29080
