quarter,basis,series,rate,avg_balance,interest,key,ofz_1y,ofz_3y
2024Q1,IFRS new,cards,0.306993,585.331,44.800,0.160000,0.137282,0.126694
2024Q2,IFRS new,cards,0.296743,647.450,47.900,0.160000,0.151980,0.146443
2024Q3,IFRS new,cards,0.291308,708.200,52.000,0.175543,0.176699,0.170462
2024Q4,IFRS new,cards,0.296062,754.450,56.300,0.204130,0.209433,0.195965
2025Q1,IFRS new,cards,0.298505,788.000,58.000,0.210000,0.185088,0.169276
2025Q2,IFRS new,cards,0.324086,835.400,67.500,0.207582,0.177264,0.160534
2025Q3,IFRS new,cards,0.318187,877.800,70.400,0.184130,0.138792,0.138076
2025Q4,IFRS new,cards,0.339559,889.150,76.100,0.165870,0.138671,0.147313
2026Q1,IFRS new,cards,0.325273,900.200,72.200,0.157056,0.139056,0.146340
2026Q2,IFRS new,cards,0.319690,930.950,74.200,0.146181,0.129924,0.138716
2024Q1,IFRS new,cash_loans,0.210328,389.032,20.400,0.160000,0.137282,0.126694
2024Q2,IFRS new,cash_loans,0.223812,421.150,23.500,0.160000,0.151980,0.146443
2024Q3,IFRS new,cash_loans,0.245608,484.600,30.000,0.175543,0.176699,0.170462
2024Q4,IFRS new,cash_loans,0.251086,511.950,32.400,0.204130,0.209433,0.195965
2025Q1,IFRS new,cash_loans,0.257108,498.450,31.600,0.210000,0.185088,0.169276
2025Q2,IFRS new,cash_loans,0.237095,521.050,30.800,0.207582,0.177264,0.160534
2025Q3,IFRS new,cash_loans,0.257000,554.200,35.900,0.184130,0.138792,0.138076
2025Q4,IFRS new,cash_loans,0.271700,557.800,38.200,0.165870,0.138671,0.147313
2026Q1,IFRS new,cash_loans,0.267724,562.000,37.100,0.157056,0.139056,0.146340
2026Q2,IFRS new,cash_loans,0.276803,604.250,41.700,0.146181,0.129924,0.138716
2024Q1,IFRS new,auto,0.192905,160.103,7.700,0.160000,0.137282,0.126694
2024Q2,IFRS new,auto,0.207985,179.350,9.300,0.160000,0.151980,0.146443
2024Q3,IFRS new,auto,0.206128,350.300,18.200,0.175543,0.176699,0.170462
2024Q4,IFRS new,auto,0.214801,524.550,28.400,0.204130,0.209433,0.195965
2025Q1,IFRS new,auto,0.216923,534.700,28.600,0.210000,0.185088,0.169276
2025Q2,IFRS new,auto,0.217371,560.950,30.400,0.207582,0.177264,0.160534
2025Q3,IFRS new,auto,0.190653,638.850,30.700,0.184130,0.138792,0.138076
2025Q4,IFRS new,auto,0.195243,723.400,35.600,0.165870,0.138671,0.147313
2026Q1,IFRS new,auto,0.191957,762.700,36.100,0.157056,0.139056,0.146340
2026Q2,IFRS new,auto,0.192346,779.900,37.400,0.146181,0.129924,0.138716
2024Q1,IFRS new,mortgage,0.105475,15.211,0.400,0.160000,0.137282,0.126694
2024Q2,IFRS new,mortgage,0.100275,16.000,0.400,0.160000,0.151980,0.146443
2024Q3,IFRS new,mortgage,0.193278,190.900,9.300,0.175543,0.176699,0.170462
2024Q4,IFRS new,mortgage,0.220471,363.500,20.200,0.204130,0.209433,0.195965
2025Q1,IFRS new,mortgage,0.214460,359.300,19.000,0.210000,0.185088,0.169276
2025Q2,IFRS new,mortgage,0.192929,351.350,16.900,0.207582,0.177264,0.160534
2025Q3,IFRS new,mortgage,0.188540,345.100,16.400,0.184130,0.138792,0.138076
2025Q4,IFRS new,mortgage,0.169091,349.600,14.900,0.165870,0.138671,0.147313
2026Q1,IFRS new,mortgage,0.172170,360.400,15.300,0.157056,0.139056,0.146340
2026Q2,IFRS new,mortgage,0.172562,371.900,16.000,0.146181,0.129924,0.138716
2024Q1,IFRS new,sme_loans,0.459117,36.693,4.200,0.160000,0.137282,0.126694
2024Q2,IFRS new,sme_loans,0.459141,46.300,5.300,0.160000,0.151980,0.146443
2024Q3,IFRS new,sme_loans,0.465737,69.000,8.100,0.175543,0.176699,0.170462
2024Q4,IFRS new,sme_loans,0.448130,96.500,10.900,0.204130,0.209433,0.195965
2025Q1,IFRS new,sme_loans,0.433525,116.000,12.400,0.210000,0.185088,0.169276
2025Q2,IFRS new,sme_loans,0.434586,134.750,14.600,0.207582,0.177264,0.160534
2025Q3,IFRS new,sme_loans,0.422037,160.750,17.100,0.184130,0.138792,0.138076
2025Q4,IFRS new,sme_loans,0.407174,193.900,19.900,0.165870,0.138671,0.147313
2026Q1,IFRS new,sme_loans,0.386156,221.600,21.100,0.157056,0.139056,0.146340
2026Q2,IFRS new,sme_loans,0.409640,241.850,24.700,0.146181,0.129924,0.138716
2024Q1,IFRS new,corp_loans,0.000000,0.248,0.000,0.160000,0.137282,0.126694
2024Q2,IFRS new,corp_loans,1.604396,1.000,0.400,0.160000,0.151980,0.146443
2024Q3,IFRS new,corp_loans,0.198162,286.300,14.300,0.175543,0.176699,0.170462
2024Q4,IFRS new,corp_loans,0.222512,534.900,30.000,0.204130,0.209433,0.195965
2025Q1,IFRS new,corp_loans,0.230478,475.100,27.000,0.210000,0.185088,0.169276
2025Q2,IFRS new,corp_loans,0.215742,507.550,27.300,0.207582,0.177264,0.160534
2025Q3,IFRS new,corp_loans,0.212702,563.300,30.200,0.184130,0.138792,0.138076
2025Q4,IFRS new,corp_loans,0.178731,645.950,29.100,0.165870,0.138671,0.147313
2026Q1,IFRS new,corp_loans,0.167320,722.300,29.800,0.157056,0.139056,0.146340
2026Q2,IFRS new,corp_loans,0.149292,765.700,28.500,0.146181,0.129924,0.138716
2024Q2,IFRS new,securities,0.075419,335.050,6.300,0.160000,0.151980,0.146443
2024Q3,IFRS new,securities,0.091387,425.450,9.800,0.175543,0.176699,0.170462
2024Q4,IFRS new,securities,0.108058,528.700,14.400,0.204130,0.209433,0.195965
2025Q1,IFRS new,securities,0.123663,544.400,16.600,0.210000,0.185088,0.169276
2025Q2,IFRS new,securities,0.139911,579.095,20.200,0.207582,0.177264,0.160534
2025Q3,IFRS new,securities,0.133323,589.202,19.800,0.184130,0.138792,0.138076
2025Q4,IFRS new,securities,0.121718,576.930,17.700,0.165870,0.138671,0.147313
2026Q1,IFRS new,securities,0.113559,632.124,17.700,0.157056,0.139056,0.146340
2026Q2,IFRS new,securities,0.109271,745.150,20.300,0.146181,0.129924,0.138716
2024Q1,IFRS new,liquidity,0.125981,732.277,23.000,0.160000,0.137282,0.126694
2024Q2,IFRS new,liquidity,0.140083,893.350,31.200,0.160000,0.151980,0.146443
2024Q3,IFRS new,liquidity,0.143634,1215.350,44.000,0.175543,0.176699,0.170462
2024Q4,IFRS new,liquidity,0.146262,1432.216,52.800,0.204130,0.209433,0.195965
2025Q1,IFRS new,liquidity,0.176980,1280.966,55.900,0.210000,0.185088,0.169276
2025Q2,IFRS new,liquidity,0.173773,1121.772,48.600,0.207582,0.177264,0.160534
2025Q3,IFRS new,liquidity,0.159539,1273.236,51.200,0.184130,0.138792,0.138076
2025Q4,IFRS new,liquidity,0.136128,1410.596,48.400,0.165870,0.138671,0.147313
2026Q1,IFRS new,liquidity,0.137903,1261.632,42.900,0.157056,0.139056,0.146340
2026Q2,IFRS new,liquidity,0.134203,1075.950,36.000,0.146181,0.129924,0.138716
2024Q1,IFRS new,retail_current,0.053185,716.450,9.500,0.160000,0.137282,0.126694
2024Q2,IFRS new,retail_current,0.062714,735.500,11.500,0.160000,0.151980,0.146443
2024Q3,IFRS new,retail_current,0.058185,900.050,13.200,0.175543,0.176699,0.170462
2024Q4,IFRS new,retail_current,0.065800,1073.250,17.800,0.204130,0.209433,0.195965
2025Q1,IFRS new,retail_current,0.113244,1128.100,31.500,0.210000,0.185088,0.169276
2025Q2,IFRS new,retail_current,0.098878,1123.650,27.700,0.207582,0.177264,0.160534
2025Q3,IFRS new,retail_current,0.076733,1065.100,20.600,0.184130,0.138792,0.138076
2025Q4,IFRS new,retail_current,0.059343,1109.800,16.600,0.165870,0.138671,0.147313
2026Q1,IFRS new,retail_current,0.060520,1172.700,17.500,0.157056,0.139056,0.146340
2026Q2,IFRS new,retail_current,0.056845,1171.300,16.600,0.146181,0.129924,0.138716
2024Q1,IFRS new,retail_term,0.137738,713.450,24.500,0.160000,0.137282,0.126694
2024Q2,IFRS new,retail_term,0.146605,990.400,36.200,0.160000,0.151980,0.146443
2024Q3,IFRS new,retail_term,0.147056,1456.850,54.000,0.175543,0.176699,0.170462
2024Q4,IFRS new,retail_term,0.155936,1900.550,74.700,0.204130,0.209433,0.195965
2025Q1,IFRS new,retail_term,0.179665,1905.150,84.400,0.210000,0.185088,0.169276
2025Q2,IFRS new,retail_term,0.182052,1852.900,84.100,0.207582,0.177264,0.160534
2025Q3,IFRS new,retail_term,0.176058,2088.950,92.700,0.184130,0.138792,0.138076
2025Q4,IFRS new,retail_term,0.152771,2220.400,85.500,0.165870,0.138671,0.147313
2026Q1,IFRS new,retail_term,0.142495,2191.500,77.000,0.157056,0.139056,0.146340
2026Q2,IFRS new,retail_term,0.131337,2229.400,73.000,0.146181,0.129924,0.138716
2024Q1,IFRS new,corp_funds,0.044549,261.100,2.900,0.160000,0.137282,0.126694
2024Q2,IFRS new,corp_funds,0.046709,266.200,3.100,0.160000,0.151980,0.146443
2024Q3,IFRS new,corp_funds,0.093716,651.950,15.400,0.175543,0.176699,0.170462
2024Q4,IFRS new,corp_funds,0.107791,883.350,24.000,0.204130,0.209433,0.195965
2025Q1,IFRS new,corp_funds,0.097193,726.050,17.400,0.210000,0.185088,0.169276
2025Q2,IFRS new,corp_funds,0.083562,758.400,15.800,0.207582,0.177264,0.160534
2025Q3,IFRS new,corp_funds,0.082872,833.000,17.400,0.184130,0.138792,0.138076
2025Q4,IFRS new,corp_funds,0.077046,854.800,16.600,0.165870,0.138671,0.147313
2026Q1,IFRS new,corp_funds,0.073230,814.100,14.700,0.157056,0.139056,0.146340
2026Q2,IFRS new,corp_funds,0.065964,796.550,13.100,0.146181,0.129924,0.138716
2024Q1,IFRS new,wholesale,0.086060,74.571,1.600,0.160000,0.137282,0.126694
2024Q2,IFRS new,wholesale,0.080724,79.500,1.600,0.160000,0.151980,0.146443
2024Q3,IFRS new,wholesale,0.108795,164.100,4.500,0.175543,0.176699,0.170462
2024Q4,IFRS new,wholesale,0.145402,212.829,7.800,0.204130,0.209433,0.195965
2025Q1,IFRS new,wholesale,0.093819,185.879,4.300,0.210000,0.185088,0.169276
2025Q2,IFRS new,wholesale,0.138243,264.028,9.100,0.207582,0.177264,0.160534
2025Q3,IFRS new,wholesale,0.132378,365.635,12.200,0.184130,0.138792,0.138076
2025Q4,IFRS new,wholesale,0.141457,459.964,16.400,0.165870,0.138671,0.147313
2026Q1,IFRS new,wholesale,0.125385,540.158,16.700,0.157056,0.139056,0.146340
2026Q2,IFRS new,wholesale,0.108009,616.450,16.600,0.146181,0.129924,0.138716
