book,quarter,ref,rate,ref_value,ref_lagged,spread_raw,spread_lag_adj
cards,2024Q4,key,0.296062,0.204130,0.138351,0.091932,0.157711
cards,2025Q1,key,0.298505,0.210000,0.148765,0.088505,0.149740
cards,2025Q2,key,0.324086,0.207582,0.157313,0.116504,0.166773
cards,2025Q3,key,0.318187,0.184130,0.163965,0.134057,0.154222
cards,2025Q4,key,0.339559,0.165870,0.167732,0.173689,0.171826
cards,2026Q1,key,0.325273,0.157056,0.169894,0.168217,0.155379
cards,2026Q2,key,0.319690,0.146181,0.170325,0.173509,0.149365
cash_loans,2024Q4,ofz_3y,0.251086,0.195965,0.139448,0.055121,0.111638
cash_loans,2025Q1,ofz_3y,0.257108,0.169276,0.145964,0.087832,0.111144
cash_loans,2025Q2,ofz_3y,0.237095,0.160534,0.149688,0.076561,0.087407
cash_loans,2025Q3,ofz_3y,0.257000,0.138076,0.148612,0.118924,0.108388
cash_loans,2025Q4,ofz_3y,0.271700,0.147313,0.149512,0.124387,0.122189
cash_loans,2026Q1,ofz_3y,0.267724,0.146340,0.150039,0.121384,0.117685
cash_loans,2026Q2,ofz_3y,0.276803,0.138716,0.148948,0.138087,0.127855
auto,2024Q4,ofz_3y,0.214801,0.195965,0.159016,0.018836,0.055785
auto,2025Q1,ofz_3y,0.216923,0.169276,0.162651,0.047647,0.054272
auto,2025Q2,ofz_3y,0.217371,0.160534,0.162072,0.056837,0.055299
auto,2025Q3,ofz_3y,0.190653,0.138076,0.154043,0.052577,0.036611
auto,2025Q4,ofz_3y,0.195243,0.147313,0.151899,0.047930,0.043344
auto,2026Q1,ofz_3y,0.191957,0.146340,0.150149,0.045617,0.041808
auto,2026Q2,ofz_3y,0.192346,0.138716,0.146383,0.053630,0.045964
mortgage,2024Q4,ofz_3y,0.220471,0.195965,0.154500,0.024506,0.065971
mortgage,2025Q1,ofz_3y,0.214460,0.169276,0.159197,0.045184,0.055264
mortgage,2025Q2,ofz_3y,0.192929,0.160534,0.159851,0.032395,0.033078
mortgage,2025Q3,ofz_3y,0.188540,0.138076,0.153551,0.050464,0.034989
mortgage,2025Q4,ofz_3y,0.169091,0.147313,0.151940,0.021778,0.017151
mortgage,2026Q1,ofz_3y,0.172170,0.146340,0.150513,0.025830,0.021657
mortgage,2026Q2,ofz_3y,0.172562,0.138716,0.147191,0.033846,0.025371
sme_loans,2024Q4,ofz_1y,0.448130,0.209433,0.173311,0.238697,0.274819
sme_loans,2025Q1,ofz_1y,0.433525,0.185088,0.178087,0.248437,0.255437
sme_loans,2025Q2,ofz_1y,0.434586,0.177264,0.177821,0.257322,0.256765
sme_loans,2025Q3,ofz_1y,0.422037,0.138792,0.162263,0.283245,0.259773
sme_loans,2025Q4,ofz_1y,0.407174,0.138671,0.152881,0.268503,0.254293
sme_loans,2026Q1,ofz_1y,0.386156,0.139056,0.147407,0.247100,0.238750
sme_loans,2026Q2,ofz_1y,0.409640,0.129924,0.140460,0.279716,0.269180
corp_loans,2024Q4,key,0.222512,0.204130,0.197029,0.018382,0.025484
corp_loans,2025Q1,key,0.230478,0.210000,0.207146,0.020478,0.023332
corp_loans,2025Q2,key,0.215742,0.207582,0.207486,0.008160,0.008256
corp_loans,2025Q3,key,0.212702,0.184130,0.189268,0.028572,0.023434
corp_loans,2025Q4,key,0.178731,0.165870,0.171018,0.012861,0.007713
corp_loans,2026Q1,key,0.167320,0.157056,0.160128,0.010264,0.007193
corp_loans,2026Q2,key,0.149292,0.146181,0.149249,0.003111,0.000043
